"";"C";"M";"E:C";"E:M";"E:Im";"E:If";"Im";"If";"strat";"includeControl";"rowid";"mt";"maf";"R";"S";"V";"mtCoef";"Im.T";"If.T";"includeE";"Einteraction";"ntrios";"propE";"nControl";"effects"
"1";0,00157290271605692;-0,2120084565384;NA;NA;NA;NA;-0,000903865872395437;NA;"no $\EE$";FALSE;1;"HWE";0,3;1;1;1;0,85;1;1;TRUE;"Im";2000;0,3;1000;"None"
"2";0,000586038241835229;-0,212497399638333;0,00382068745227016;0,00180247078485363;-0,00715084032156132;NA;0,00103729104003736;NA;"S";FALSE;1;"HWE";0,3;1;1;1;0,85;1;1;TRUE;"Im";2000;0,3;1000;"None"
"3";0,00170400845731944;-0,211931724044394;NA;NA;-0,00332083349637891;NA;-0,000574710978023529;NA;"NS";FALSE;1;"HWE";0,3;1;1;1;0,85;1;1;TRUE;"Im";2000;0,3;1000;"None"
"4";0,114890965277413;-0,118797446549057;NA;NA;NA;NA;-0,131759592067733;NA;"no $\EE$";TRUE;1;"HWE";0,3;1;1;1;0,85;1;1;TRUE;"Im";2000;0,3;1000;"None"
"5";0,11684652651348;-0,119508577359279;-0,00836087069949842;-0,000988620108728577;0,00973695297160138;NA;-0,13359385064951;NA;"S";TRUE;1;"HWE";0,3;1;1;1;0,85;1;1;TRUE;"Im";2000;0,3;1000;"None"
"6";0,114896806026355;-0,11882112964666;NA;NA;0,000435383514867604;NA;-0,132802675455575;NA;"NS";TRUE;1;"HWE";0,3;1;1;1;0,85;1;1;TRUE;"Im";2000;0,3;1000;"None"
"7";0,00158068716980564;-0,213853166366422;NA;NA;NA;NA;-0,00091802615517711;NA;"no $\EE$";FALSE;1;"MS";0,3;1;1;1;0,85;1;1;TRUE;"Im";2000;0,3;1000;"None"
"8";0,000561584079685096;-0,214387988685671;0,00390310787838222;0,00129113038541795;-0,00727729428422952;NA;0,00108167565352235;NA;"S";FALSE;1;"MS";0,3;1;1;1;0,85;1;1;TRUE;"Im";2000;0,3;1000;"None"
"9";0,00173305665362689;-0,21383807610167;NA;NA;-0,00349326410075546;NA;-0,000513243806298691;NA;"NS";FALSE;1;"MS";0,3;1;1;1;0,85;1;1;TRUE;"Im";2000;0,3;1000;"None"
"10";0,115108022963389;-0,119060768224104;NA;NA;NA;NA;-0,132024429515247;NA;"no $\EE$";TRUE;1;"MS";0,3;1;1;1;0,85;1;1;TRUE;"Im";2000;0,3;1000;"None"
"11";0,117018472194663;-0,119813719355855;-0,0083320419357763;-0,00129259134832393;0,00979956818494765;NA;-0,133796220771008;NA;"S";TRUE;1;"MS";0,3;1;1;1;0,85;1;1;TRUE;"Im";2000;0,3;1000;"None"
"12";0,115113610631215;-0,119150997569514;NA;NA;0,000400110694404487;NA;-0,132996381575669;NA;"NS";TRUE;1;"MS";0,3;1;1;1;0,85;1;1;TRUE;"Im";2000;0,3;1000;"None"
"13";-0,000145712740188264;0,000291020087562099;NA;NA;NA;NA;-0,0014368608908385;NA;"no $\EE$";TRUE;1;"MaS";0,3;1;1;1;0,85;1;1;TRUE;"Im";2000;0,3;1000;"None"
"14";0,00137209018389584;-4,56000731186013e-06;-0,00738658282096405;-0,00159533010881252;0,00882553006311237;NA;-0,00322619850917083;NA;"S";TRUE;1;"MaS";0,3;1;1;1;0,85;1;1;TRUE;"Im";2000;0,3;1000;"None"
"15";-0,000203248983462689;0,000235255027470238;NA;NA;-0,00132184361398135;NA;-0,00164730387642531;NA;"NS";TRUE;1;"MaS";0,3;1;1;1;0,85;1;1;TRUE;"Im";2000;0,3;1000;"None"
"16";0,000230146936964529;-0,2101247053885;NA;NA;NA;NA;-9,30391729097035e-05;NA;"no $\EE$";FALSE;2;"HWE";0,3;1,15;1;1;0,85;1;1;TRUE;"Im";2000;0,3;1000;"$\CC$"
"17";5,03261715985605e-05;-0,210565342317753;0,000485113051270636;0,000721799579266547;-0,000641152563729541;NA;0,000374927906474198;NA;"S";FALSE;2;"HWE";0,3;1,15;1;1;0,85;1;1;TRUE;"Im";2000;0,3;1000;"$\CC$"
"18";0,00034612408106509;-0,210076407480576;NA;NA;-0,000333367154675246;NA;-0,000557350110124588;NA;"NS";FALSE;2;"HWE";0,3;1,15;1;1;0,85;1;1;TRUE;"Im";2000;0,3;1000;"$\CC$"
"19";0,116114007343775;-0,119223845407424;NA;NA;NA;NA;-0,131674351812588;NA;"no $\EE$";TRUE;2;"HWE";0,3;1,15;1;1;0,85;1;1;TRUE;"Im";2000;0,3;1000;"$\CC$"
"20";0,1165471893588;-0,120476314846991;-0,00311861326817886;0,000979947149713611;0,00114859656033461;NA;-0,131366777698278;NA;"S";TRUE;2;"HWE";0,3;1,15;1;1;0,85;1;1;TRUE;"Im";2000;0,3;1000;"$\CC$"
"21";0,116253700905557;-0,119151394494363;NA;NA;-0,00119698846763339;NA;-0,132425056022623;NA;"NS";TRUE;2;"HWE";0,3;1,15;1;1;0,85;1;1;TRUE;"Im";2000;0,3;1000;"$\CC$"
"22";-0,000242247071712228;-0,212204672450629;NA;NA;NA;NA;5,72621987375843e-05;NA;"no $\EE$";FALSE;2;"MS";0,3;1,15;1;1;0,85;1;1;TRUE;"Im";2000;0,3;1000;"$\CC$"
"23";-0,000278240625600344;-0,212664702346312;0,000144353367769412;-7,56771762138175e-05;-0,000126725769363012;NA;0,000458339026643273;NA;"S";FALSE;2;"MS";0,3;1,15;1;1;0,85;1;1;TRUE;"Im";2000;0,3;1000;"$\CC$"
"24";-0,0001147063174132;-0,212263573873795;NA;NA;-0,000578845794190208;NA;-0,000256041378366767;NA;"NS";FALSE;2;"MS";0,3;1,15;1;1;0,85;1;1;TRUE;"Im";2000;0,3;1000;"$\CC$"
"25";0,116339124620635;-0,119545592324977;NA;NA;NA;NA;-0,131889196084369;NA;"no $\EE$";TRUE;2;"MS";0,3;1,15;1;1;0,85;1;1;TRUE;"Im";2000;0,3;1000;"$\CC$"
"26";0,116768121931603;-0,120892037635331;-0,002876202321627;0,00116755174221428;0,000760327314761833;NA;-0,131562425396282;NA;"S";TRUE;2;"MS";0,3;1,15;1;1;0,85;1;1;TRUE;"Im";2000;0,3;1000;"$\CC$"
"27";0,116523647894441;-0,119491100307152;NA;NA;-0,00108867064299734;NA;-0,132693025042465;NA;"NS";TRUE;2;"MS";0,3;1,15;1;1;0,85;1;1;TRUE;"Im";2000;0,3;1000;"$\CC$"
"28";-0,0023089151608428;-0,00155329923984215;NA;NA;NA;NA;0,00552453560059019;NA;"no $\EE$";TRUE;2;"MaS";0,3;1,15;1;1;0,85;1;1;TRUE;"Im";2000;0,3;1000;"$\CC$"
"29";-0,00178795746553589;-0,00307273280984388;-0,00311178802162826;0,0024209403515485;0,00108683168534851;NA;0,00580147896650374;NA;"S";TRUE;2;"MaS";0,3;1,15;1;1;0,85;1;1;TRUE;"Im";2000;0,3;1000;"$\CC$"
"30";-0,00221839470598115;-0,00143229420404967;NA;NA;-0,00123451997628965;NA;0,00496860398332255;NA;"NS";TRUE;2;"MaS";0,3;1,15;1;1;0,85;1;1;TRUE;"Im";2000;0,3;1000;"$\CC$"
"31";0,00155549688002909;-0,209328583707797;NA;NA;NA;NA;0,134004341263644;NA;"no $\EE$";FALSE;3;"HWE";0,3;1;1;1,5;0,85;1;1;TRUE;"Im";2000;0,3;1000;"$\EE:I_{\MM}$"
"32";0,000634139952661927;-0,209088575620897;0,00385892078313965;-0,000723246332275274;-0,00212729199819843;NA;-0,0022653275291441;NA;"S";FALSE;3;"HWE";0,3;1;1;1,5;0,85;1;1;TRUE;"Im";2000;0,3;1000;"$\EE:I_{\MM}$"
"33";0,00184117267679307;-0,209122797301412;NA;NA;-0,000519603899545492;NA;-0,00328857819368444;NA;"NS";FALSE;3;"HWE";0,3;1;1;1,5;0,85;1;1;TRUE;"Im";2000;0,3;1000;"$\EE:I_{\MM}$"
"34";0,114178748870193;-0,119147864154865;NA;NA;NA;NA;-0,0110935744676197;NA;"no $\EE$";TRUE;3;"HWE";0,3;1;1;1,5;0,85;1;1;TRUE;"Im";2000;0,3;1000;"$\EE:I_{\MM}$"
"35";0,113302381399645;-0,121976158833039;-0,000825982621338262;0,00624904222357459;-0,00666875857790158;NA;-0,126930219101209;NA;"S";TRUE;3;"HWE";0,3;1;1;1,5;0,85;1;1;TRUE;"Im";2000;0,3;1000;"$\EE:I_{\MM}$"
"36";0,113827269347467;-0,119475127565654;NA;NA;-0,00155574682948112;NA;-0,129743456137815;NA;"NS";TRUE;3;"HWE";0,3;1;1;1,5;0,85;1;1;TRUE;"Im";2000;0,3;1000;"$\EE:I_{\MM}$"
"37";0,00167773484256317;-0,210270977631328;NA;NA;NA;NA;0,133564107236987;NA;"no $\EE$";FALSE;3;"MS";0,3;1;1;1,5;0,85;1;1;TRUE;"Im";2000;0,3;1000;"$\EE:I_{\MM}$"
"38";0,00062920056675364;-0,211081839431109;0,00359108008645381;0,000893263667137711;-0,000805806835818768;NA;-0,00222434373381097;NA;"S";FALSE;3;"MS";0,3;1;1;1,5;0,85;1;1;TRUE;"Im";2000;0,3;1000;"$\EE:I_{\MM}$"
"39";0,001877845765071;-0,210617534892387;NA;NA;0,00154198920545282;NA;-0,0037429533427924;NA;"NS";FALSE;3;"MS";0,3;1;1;1,5;0,85;1;1;TRUE;"Im";2000;0,3;1000;"$\EE:I_{\MM}$"
"40";0,114371407353854;-0,11940766895799;NA;NA;NA;NA;-0,0113760188147686;NA;"no $\EE$";TRUE;3;"MS";0,3;1;1;1,5;0,85;1;1;TRUE;"Im";2000;0,3;1000;"$\EE:I_{\MM}$"
"41";0,113599683230031;-0,122384009250945;-0,00116609387681799;0,00636734604488964;-0,00598373813946518;NA;-0,127242914756321;NA;"S";TRUE;3;"MS";0,3;1;1;1,5;0,85;1;1;TRUE;"Im";2000;0,3;1000;"$\EE:I_{\MM}$"
"42";0,113974399439567;-0,119883194831571;NA;NA;-0,00133436498459005;NA;-0,129858957247541;NA;"NS";TRUE;3;"MS";0,3;1;1;1,5;0,85;1;1;TRUE;"Im";2000;0,3;1000;"$\EE:I_{\MM}$"
"43";-0,00209039077870277;-0,00231323705186492;NA;NA;NA;NA;0,141274105259064;NA;"no $\EE$";TRUE;3;"MaS";0,3;1;1;1,5;0,85;1;1;TRUE;"Im";2000;0,3;1000;"$\EE:I_{\MM}$"
"44";-0,00135111763150619;-0,00323791766867298;-0,00498716098655294;0,000205865560933161;0,0057260140572805;NA;0,00358438625845237;NA;"S";TRUE;3;"MaS";0,3;1;1;1,5;0,85;1;1;TRUE;"Im";2000;0,3;1000;"$\EE:I_{\MM}$"
"45";-0,00227724679896757;-0,00257854617329734;NA;NA;-0,000866307993636184;NA;0,00423059159128192;NA;"NS";TRUE;3;"MaS";0,3;1;1;1,5;0,85;1;1;TRUE;"Im";2000;0,3;1000;"$\EE:I_{\MM}$"
"46";0,00310543713269085;-0,207492907209517;NA;NA;NA;NA;0,151621263367883;NA;"no $\EE$";FALSE;4;"HWE";0,3;1;1;1,6;0,85;1;1;TRUE;"Im";2000;0,3;1000;"$\EE:I_{\MM}$"
"47";0,0020910926678479;-0,208237328348428;0,00364700881371149;0,00261391075815354;-0,0111030481768501;NA;-0,0048110370021045;NA;"S";FALSE;4;"HWE";0,3;1;1;1,6;0,85;1;1;TRUE;"Im";2000;0,3;1000;"$\EE:I_{\MM}$"
"48";0,00323072467179464;-0,207420065709356;NA;NA;-0,00695570362306899;NA;-0,00665445544562648;NA;"NS";FALSE;4;"HWE";0,3;1;1;1,6;0,85;1;1;TRUE;"Im";2000;0,3;1000;"$\EE:I_{\MM}$"
"49";0,118194189930025;-0,117416661821097;NA;NA;NA;NA;0,00402390560889709;NA;"no $\EE$";TRUE;4;"HWE";0,3;1;1;1,6;0,85;1;1;TRUE;"Im";2000;0,3;1000;"$\EE:I_{\MM}$"
"50";0,118557162891739;-0,118800252528445;-0,00370111487076619;0,00123268251262254;0,000807966685253403;NA;-0,134728798134395;NA;"S";TRUE;4;"HWE";0,3;1;1;1,6;0,85;1;1;TRUE;"Im";2000;0,3;1000;"$\EE:I_{\MM}$"
"51";0,118001257746921;-0,11761596296169;NA;NA;-0,00151576213894042;NA;-0,135489734060011;NA;"NS";TRUE;4;"HWE";0,3;1;1;1,6;0,85;1;1;TRUE;"Im";2000;0,3;1000;"$\EE:I_{\MM}$"
"52";0,00319134168866864;-0,208179248227326;NA;NA;NA;NA;0,151056868243925;NA;"no $\EE$";FALSE;4;"MS";0,3;1;1;1,6;0,85;1;1;TRUE;"Im";2000;0,3;1000;"$\EE:I_{\MM}$"
"53";0,00208646954288549;-0,209929577832902;0,00369239336606508;0,00469479750444335;-0,0112094169396786;NA;-0,00485717457165413;NA;"S";FALSE;4;"MS";0,3;1;1;1,6;0,85;1;1;TRUE;"Im";2000;0,3;1000;"$\EE:I_{\MM}$"
"54";0,00329371072019735;-0,208521801303358;NA;NA;-0,00567105473758781;NA;-0,00726541123299085;NA;"NS";FALSE;4;"MS";0,3;1;1;1,6;0,85;1;1;TRUE;"Im";2000;0,3;1000;"$\EE:I_{\MM}$"
"55";0,118339974477341;-0,117564891320953;NA;NA;NA;NA;0,00382590774608671;NA;"no $\EE$";TRUE;4;"MS";0,3;1;1;1,6;0,85;1;1;TRUE;"Im";2000;0,3;1000;"$\EE:I_{\MM}$"
"56";0,118761373926633;-0,119156990655619;-0,00381923645769533;0,00174756560416944;0,000935396660084048;NA;-0,134883125141995;NA;"S";TRUE;4;"MS";0,3;1;1;1,6;0,85;1;1;TRUE;"Im";2000;0,3;1000;"$\EE:I_{\MM}$"
"57";0,118114310499627;-0,117830048742689;NA;NA;-0,00118071884391086;NA;-0,135660360341649;NA;"NS";TRUE;4;"MS";0,3;1;1;1,6;0,85;1;1;TRUE;"Im";2000;0,3;1000;"$\EE:I_{\MM}$"
"58";0,00183123034284982;-0,00125754127621058;NA;NA;NA;NA;0,158790584869082;NA;"no $\EE$";TRUE;4;"MaS";0,3;1;1;1,6;0,85;1;1;TRUE;"Im";2000;0,3;1000;"$\EE:I_{\MM}$"
"59";0,00350596051114516;-1,95187335998437e-05;-0,00703601925790021;-0,00553198465696025;0,012010176473803;NA;-0,00520196455634381;NA;"S";TRUE;4;"MaS";0,3;1;1;1,6;0,85;1;1;TRUE;"Im";2000;0,3;1000;"$\EE:I_{\MM}$"
"60";0,00192496069364423;-0,00110451404001299;NA;NA;-0,00136730432449023;NA;-0,00258098167610787;NA;"NS";TRUE;4;"MaS";0,3;1;1;1,6;0,85;1;1;TRUE;"Im";2000;0,3;1000;"$\EE:I_{\MM}$"
"61";-0,000922685239427512;0,00208714610868932;NA;NA;NA;NA;-0,00219959157668392;NA;"no $\EE$";FALSE;5;"HWE";0,3;1;1;1;1;1;1;TRUE;"Im";2000;0,3;1000;"None"
"62";-0,00175903523630694;0,00239667339070526;0,00240888347269852;-0,00144288461114495;-0,00200246158016848;NA;-0,00141524954941041;NA;"S";FALSE;5;"HWE";0,3;1;1;1;1;1;1;TRUE;"Im";2000;0,3;1000;"None"
"63";-0,000768873846104579;0,00224134110591945;NA;NA;-0,00203938897113687;NA;-0,00228201201384237;NA;"NS";FALSE;5;"HWE";0,3;1;1;1;1;1;1;TRUE;"Im";2000;0,3;1000;"None"
"64";-0,00233022128047644;0,0015069737708342;NA;NA;NA;NA;0,00132496636709623;NA;"no $\EE$";TRUE;5;"HWE";0,3;1;1;1;1;1;1;TRUE;"Im";2000;0,3;1000;"None"
"65";-0,00372449521215579;0,00199480346153558;0,00189059000206582;-0,00422037506312334;-0,0032399196632602;NA;0,00283049858147866;NA;"S";TRUE;5;"HWE";0,3;1;1;1;1;1;1;TRUE;"Im";2000;0,3;1000;"None"
"66";-0,00217254808096634;0,0016639945945276;NA;NA;-0,00572208921076256;NA;0,00161233926672999;NA;"NS";TRUE;5;"HWE";0,3;1;1;1;1;1;1;TRUE;"Im";2000;0,3;1000;"None"
"67";-0,000949437130675412;0,00212434732522038;NA;NA;NA;NA;-0,00218307501736714;NA;"no $\EE$";FALSE;5;"MS";0,3;1;1;1;1;1;1;TRUE;"Im";2000;0,3;1000;"None"
"68";-0,00183021021699303;0,00237048645437321;0,00270075766943512;-0,00127984468433251;-0,00246471984016305;NA;-0,00133210525117988;NA;"S";FALSE;5;"MS";0,3;1;1;1;1;1;1;TRUE;"Im";2000;0,3;1000;"None"
"69";-0,000802274706733663;0,00223812051139727;NA;NA;-0,0020652072484646;NA;-0,00223120617078032;NA;"NS";FALSE;5;"MS";0,3;1;1;1;1;1;1;TRUE;"Im";2000;0,3;1000;"None"
"70";-0,00226058166042431;0,00159121032729614;NA;NA;NA;NA;0,00118741029007574;NA;"no $\EE$";TRUE;5;"MS";0,3;1;1;1;1;1;1;TRUE;"Im";2000;0,3;1000;"None"
"71";-0,00365473006201522;0,00206995924100806;0,00184290182879643;-0,00417910961084333;-0,00311833490705549;NA;0,00270947623801732;NA;"S";TRUE;5;"MS";0,3;1;1;1;1;1;1;TRUE;"Im";2000;0,3;1000;"None"
"72";-0,00210422446307634;0,00174041916564094;NA;NA;-0,00573059955996769;NA;0,00149147280707673;NA;"NS";TRUE;5;"MS";0,3;1;1;1;1;1;1;TRUE;"Im";2000;0,3;1000;"None"
"73";-0,00119061748460192;0,000911620068365426;NA;NA;NA;NA;-0,000147912054413002;NA;"no $\EE$";TRUE;5;"MaS";0,3;1;1;1;1;1;1;TRUE;"Im";2000;0,3;1000;"None"
"74";-0,0024481000177099;0,00139834671701755;0,00165622334107574;-0,0032433561542855;-0,00263722400232802;NA;0,00123455414430063;NA;"S";TRUE;5;"MaS";0,3;1;1;1;1;1;1;TRUE;"Im";2000;0,3;1000;"None"
"75";-0,00115068553488284;0,00104011329598519;NA;NA;-0,00357811882918424;NA;-4,38655217503969e-05;NA;"NS";TRUE;5;"MaS";0,3;1;1;1;1;1;1;TRUE;"Im";2000;0,3;1000;"None"
"76";0,00349225005464126;0,00104780167386842;NA;NA;NA;NA;-0,0046025397578443;NA;"no $\EE$";FALSE;6;"HWE";0,3;1,15;1;1;1;1;1;TRUE;"Im";2000;0,3;1000;"$\CC$"
"77";0,00470421766482521;0,00155066656787994;-0,00325240733938681;-0,00124942804793693;0,00509115587624809;NA;-0,00630729065339097;NA;"S";FALSE;6;"HWE";0,3;1,15;1;1;1;1;1;TRUE;"Im";2000;0,3;1000;"$\CC$"
"78";0,00362847335759965;0,00116119820520577;NA;NA;0,000914344028520864;NA;-0,00536627581398363;NA;"NS";FALSE;6;"HWE";0,3;1,15;1;1;1;1;1;TRUE;"Im";2000;0,3;1000;"$\CC$"
"79";-0,00132689220432641;-0,000105500881908194;NA;NA;NA;NA;-0,000815851750632368;NA;"no $\EE$";TRUE;6;"HWE";0,3;1,15;1;1;1;1;1;TRUE;"Im";2000;0,3;1000;"$\CC$"
"80";-0,00308242667494267;-0,00352618086917222;0,00383848621008687;0,00884444294756803;-0,0142346196571455;NA;0,00403370827748817;NA;"S";TRUE;6;"HWE";0,3;1,15;1;1;1;1;1;TRUE;"Im";2000;0,3;1000;"$\CC$"
"81";-0,00123651662409878;-3,20165918690218e-05;NA;NA;-0,00195485175838128;NA;-0,00123789818826592;NA;"NS";TRUE;6;"HWE";0,3;1,15;1;1;1;1;1;TRUE;"Im";2000;0,3;1000;"$\CC$"
"82";0,00343201175812725;0,00101736705774735;NA;NA;NA;NA;-0,00447662899813794;NA;"no $\EE$";FALSE;6;"MS";0,3;1,15;1;1;1;1;1;TRUE;"Im";2000;0,3;1000;"$\CC$"
"83";0,00461934674679862;0,0014659668871384;-0,00331605365130105;-0,00137064209881532;0,00533880679614507;NA;-0,00609731366544131;NA;"S";FALSE;6;"MS";0,3;1,15;1;1;1;1;1;TRUE;"Im";2000;0,3;1000;"$\CC$"
"84";0,00356531893885442;0,0011059665514308;NA;NA;0,000947912597974554;NA;-0,00524402702126325;NA;"NS";FALSE;6;"MS";0,3;1,15;1;1;1;1;1;TRUE;"Im";2000;0,3;1000;"$\CC$"
"85";-0,00132339846991816;-9,10413471124638e-05;NA;NA;NA;NA;-0,000801461778836998;NA;"no $\EE$";TRUE;6;"MS";0,3;1,15;1;1;1;1;1;TRUE;"Im";2000;0,3;1000;"$\CC$"
"86";-0,00307863530645221;-0,00357529291643888;0,00406458506330631;0,00912322775301755;-0,0144356593416325;NA;0,00407625008895751;NA;"S";TRUE;6;"MS";0,3;1,15;1;1;1;1;1;TRUE;"Im";2000;0,3;1000;"$\CC$"
"87";-0,00117724704691677;-8,9029968576293e-06;NA;NA;-0,00187981495755685;NA;-0,0013166842814798;NA;"NS";TRUE;6;"MS";0,3;1,15;1;1;1;1;1;TRUE;"Im";2000;0,3;1000;"$\CC$"
"88";-0,00160672897870801;0,000611226415863531;NA;NA;NA;NA;-0,000289479417564409;NA;"no $\EE$";TRUE;6;"MaS";0,3;1,15;1;1;1;1;1;TRUE;"Im";2000;0,3;1000;"$\CC$"
"89";-0,00331272751026754;-0,00260946194230138;0,00433277460648673;0,00898381425239769;-0,0138584348204098;NA;0,00437892037608179;NA;"S";TRUE;6;"MaS";0,3;1,15;1;1;1;1;1;TRUE;"Im";2000;0,3;1000;"$\CC$"
"90";-0,0015252692397196;0,000656533092489253;NA;NA;-0,00248367935848037;NA;-0,000320318870049574;NA;"NS";TRUE;6;"MaS";0,3;1,15;1;1;1;1;1;TRUE;"Im";2000;0,3;1000;"$\CC$"
"91";0,00070356820188433;-0,0023774988681865;NA;NA;NA;NA;0,140657424775066;NA;"no $\EE$";FALSE;7;"HWE";0,3;1;1;1,5;1;1;1;TRUE;"Im";2000;0,3;1000;"$\EE:I_{\MM}$"
"92";0,000342964866348217;-0,00248526899086943;0,00252147008208592;0,00164424987640066;-0,00794781967876812;NA;0,00615606832224991;NA;"S";FALSE;7;"HWE";0,3;1;1;1,5;1;1;1;TRUE;"Im";2000;0,3;1000;"$\EE:I_{\MM}$"
"93";0,00120093903052831;-0,0018789259088553;NA;NA;-0,00557544194607266;NA;0,00483376178819062;NA;"NS";FALSE;7;"HWE";0,3;1;1;1,5;1;1;1;TRUE;"Im";2000;0,3;1000;"$\EE:I_{\MM}$"
"94";-5,62582947536416e-05;-0,000577271671962531;NA;NA;NA;NA;0,134541884209267;NA;"no $\EE$";TRUE;7;"HWE";0,3;1;1;1,5;1;1;1;TRUE;"Im";2000;0,3;1000;"$\EE:I_{\MM}$"
"95";0,000546905542361698;-0,000934121701977597;-0,00467296609198342;-0,00141285075267494;0,00824686740626094;NA;-0,00257667105245618;NA;"S";TRUE;7;"HWE";0,3;1;1;1,5;1;1;1;TRUE;"Im";2000;0,3;1000;"$\EE:I_{\MM}$"
"96";2,51309597290028e-05;-0,000493223510292129;NA;NA;0,00221198771604462;NA;-0,00248916580221581;NA;"NS";TRUE;7;"HWE";0,3;1;1;1,5;1;1;1;TRUE;"Im";2000;0,3;1000;"$\EE:I_{\MM}$"
"97";0,000700229107053474;-0,00238605526095603;NA;NA;NA;NA;0,140768714133068;NA;"no $\EE$";FALSE;7;"MS";0,3;1;1;1,5;1;1;1;TRUE;"Im";2000;0,3;1000;"$\EE:I_{\MM}$"
"98";0,000371062001358613;-0,00243039103622922;0,00252001396709556;0,00133459216076015;-0,00704008014408745;NA;0,00607884334084319;NA;"S";FALSE;7;"MS";0,3;1;1;1,5;1;1;1;TRUE;"Im";2000;0,3;1000;"$\EE:I_{\MM}$"
"99";0,00118235429665492;-0,0020158808802988;NA;NA;-0,005280525023589;NA;0,00495140158716101;NA;"NS";FALSE;7;"MS";0,3;1;1;1,5;1;1;1;TRUE;"Im";2000;0,3;1000;"$\EE:I_{\MM}$"
"100";-6,66060383710532e-05;-0,000590152625114082;NA;NA;NA;NA;0,13464998700209;NA;"no $\EE$";TRUE;7;"MS";0,3;1;1;1,5;1;1;1;TRUE;"Im";2000;0,3;1000;"$\EE:I_{\MM}$"
"101";0,000551862641542611;-0,0009450494585167;-0,00447241933018694;-0,0012203855805244;0,00809238353521705;NA;-0,00249785642407696;NA;"S";TRUE;7;"MS";0,3;1;1;1,5;1;1;1;TRUE;"Im";2000;0,3;1000;"$\EE:I_{\MM}$"
"102";0,000102340207368545;-0,000463484892832433;NA;NA;0,00226307096004759;NA;-0,00256989395675478;NA;"NS";TRUE;7;"MS";0,3;1;1;1,5;1;1;1;TRUE;"Im";2000;0,3;1000;"$\EE:I_{\MM}$"
"103";0,000650322127352387;-0,00095305698789605;NA;NA;NA;NA;0,13372638708223;NA;"no $\EE$";TRUE;7;"MaS";0,3;1;1;1,5;1;1;1;TRUE;"Im";2000;0,3;1000;"$\EE:I_{\MM}$"
"104";0,00134157871757679;-0,00121455363603573;-0,00438105901552754;-0,000777329748703148;0,00862255773921886;NA;-0,00339670703399364;NA;"S";TRUE;7;"MaS";0,3;1;1;1,5;1;1;1;TRUE;"Im";2000;0,3;1000;"$\EE:I_{\MM}$"
"105";0,000713472178952346;-0,000961792252902605;NA;NA;0,0024580936564235;NA;-0,00293107475748311;NA;"NS";TRUE;7;"MaS";0,3;1;1;1,5;1;1;1;TRUE;"Im";2000;0,3;1000;"$\EE:I_{\MM}$"
"106";-0,00165220189371695;-0,000664172754582415;NA;NA;NA;NA;0,163103333094637;NA;"no $\EE$";FALSE;8;"HWE";0,3;1;1;1,6;1;1;1;TRUE;"Im";2000;0,3;1000;"$\EE:I_{\MM}$"
"107";-0,00225129513219313;-0,00320500199188789;0,00270198186714432;0,00932880846375217;-0,0117934923522657;NA;0,0064117381360842;NA;"S";FALSE;8;"HWE";0,3;1;1;1,6;1;1;1;TRUE;"Im";2000;0,3;1000;"$\EE:I_{\MM}$"
"108";-0,00142418926180887;-0,000438007411804664;NA;NA;-0,00341259113268211;NA;0,0034207996477289;NA;"NS";FALSE;8;"HWE";0,3;1;1;1,6;1;1;1;TRUE;"Im";2000;0,3;1000;"$\EE:I_{\MM}$"
"109";-0,00347795952679686;-0,00198098309981254;NA;NA;NA;NA;0,164070456121525;NA;"no $\EE$";TRUE;8;"HWE";0,3;1;1;1,6;1;1;1;TRUE;"Im";2000;0,3;1000;"$\EE:I_{\MM}$"
"110";-0,00449688217325395;-0,00117023330070909;0,00049167430356567;-0,00562613828382719;0,00241980450102111;NA;0,00434506645316746;NA;"S";TRUE;8;"HWE";0,3;1;1;1,6;1;1;1;TRUE;"Im";2000;0,3;1000;"$\EE:I_{\MM}$"
"111";-0,00352126587157742;-0,00202018365606527;NA;NA;-0,00260254743613714;NA;0,00416212961452023;NA;"NS";TRUE;8;"HWE";0,3;1;1;1,6;1;1;1;TRUE;"Im";2000;0,3;1000;"$\EE:I_{\MM}$"
"112";-0,0015750514058972;-0,000526946063546418;NA;NA;NA;NA;0,162909927087914;NA;"no $\EE$";FALSE;8;"MS";0,3;1;1;1,6;1;1;1;TRUE;"Im";2000;0,3;1000;"$\EE:I_{\MM}$"
"113";-0,00214496081828719;-0,00308057297615738;0,00258180614379033;0,0100428533107235;-0,0116283740868708;NA;0,00621171627548645;NA;"S";FALSE;8;"MS";0,3;1;1;1,6;1;1;1;TRUE;"Im";2000;0,3;1000;"$\EE:I_{\MM}$"
"114";-0,00131446422366632;-0,000197659680658324;NA;NA;-0,00338898472855509;NA;0,00313426606171063;NA;"NS";FALSE;8;"MS";0,3;1;1;1,6;1;1;1;TRUE;"Im";2000;0,3;1000;"$\EE:I_{\MM}$"
"115";-0,00344547385280203;-0,0018348905155291;NA;NA;NA;NA;0,163947360977199;NA;"no $\EE$";TRUE;8;"MS";0,3;1;1;1,6;1;1;1;TRUE;"Im";2000;0,3;1000;"$\EE:I_{\MM}$"
"116";-0,00448652428894569;-0,00116718787534731;0,000804857943708992;-0,00435712772769137;0,00146626540651645;NA;0,00435373174173059;NA;"S";TRUE;8;"MS";0,3;1;1;1,6;1;1;1;TRUE;"Im";2000;0,3;1000;"$\EE:I_{\MM}$"
"117";-0,00341332347074608;-0,00167972420581175;NA;NA;-0,00259162805463786;NA;0,00374127054167239;NA;"NS";TRUE;8;"MS";0,3;1;1;1,6;1;1;1;TRUE;"Im";2000;0,3;1000;"$\EE:I_{\MM}$"
"118";-0,0027132986344347;-0,00230461412529148;NA;NA;NA;NA;0,163033337278024;NA;"no $\EE$";TRUE;8;"MaS";0,3;1;1;1,6;1;1;1;TRUE;"Im";2000;0,3;1000;"$\EE:I_{\MM}$"
"119";-0,00377533068103109;-0,00141167660031882;0,00127536745980272;-0,00407709418192881;0,00151668354188797;NA;0,00356012672005557;NA;"S";TRUE;8;"MaS";0,3;1;1;1,6;1;1;1;TRUE;"Im";2000;0,3;1000;"$\EE:I_{\MM}$"
"120";-0,00275638536035583;-0,00221562832741373;NA;NA;-0,0010407918445475;NA;0,00284688709645109;NA;"NS";TRUE;8;"MaS";0,3;1;1;1,6;1;1;1;TRUE;"Im";2000;0,3;1000;"$\EE:I_{\MM}$"
"121";-0,00242830006585182;0,264995552652142;NA;NA;NA;NA;0,001054045308166;NA;"no $\EE$";FALSE;9;"HWE";0,3;1;1;1;1,15;1;1;TRUE;"Im";2000;0,3;1000;"None"
"122";-0,00269301133132827;0,266564142874935;0,000556805771966928;-0,00355617384909179;0,00104420216351353;NA;0,000900859098428519;NA;"S";FALSE;9;"HWE";0,3;1;1;1;1,15;1;1;TRUE;"Im";2000;0,3;1000;"None"
"123";-0,00223586514512719;0,265282631817346;NA;NA;-0,00216357904186593;NA;0,00106396217057547;NA;"NS";FALSE;9;"HWE";0,3;1;1;1;1,15;1;1;TRUE;"Im";2000;0,3;1000;"None"
"124";-0,11429622290673;0,125011400050964;NA;NA;NA;NA;0,168540524534177;NA;"no $\EE$";TRUE;9;"HWE";0,3;1;1;1;1,15;1;1;TRUE;"Im";2000;0,3;1000;"None"
"125";-0,115147047417904;0,1264435424733;-0,000212499307160829;-0,00612407022508155;-0,00176758949277722;NA;0,170271147655764;NA;"S";TRUE;9;"HWE";0,3;1;1;1;1,15;1;1;TRUE;"Im";2000;0,3;1000;"None"
"126";-0,114220732395262;0,125139618312384;NA;NA;-0,00800922591652142;NA;0,170353531473495;NA;"NS";TRUE;9;"HWE";0,3;1;1;1;1,15;1;1;TRUE;"Im";2000;0,3;1000;"None"
"127";-0,00237584390048073;0,267926839471561;NA;NA;NA;NA;0,00099861972052917;NA;"no $\EE$";FALSE;9;"MS";0,3;1;1;1;1,15;1;1;TRUE;"Im";2000;0,3;1000;"None"
"128";-0,00263334290503947;0,26970213184654;0,000434099721256409;-0,00352746121690262;0,00125512466998301;NA;0,00083388327891365;NA;"S";FALSE;9;"MS";0,3;1;1;1;1,15;1;1;TRUE;"Im";2000;0,3;1000;"None"
"129";-0,00221880219396298;0,268257814093646;NA;NA;-0,00228684248187783;NA;0,00108213740857499;NA;"NS";FALSE;9;"MS";0,3;1;1;1;1,15;1;1;TRUE;"Im";2000;0,3;1000;"None"
"130";-0,114464273874927;0,125589878463178;NA;NA;NA;NA;0,168715694961064;NA;"no $\EE$";TRUE;9;"MS";0,3;1;1;1;1,15;1;1;TRUE;"Im";2000;0,3;1000;"None"
"131";-0,115373961357669;0,127075063488922;-0,000107036332146815;-0,00576107952427374;-0,00198692517097021;NA;0,170546927387614;NA;"S";TRUE;9;"MS";0,3;1;1;1;1,15;1;1;TRUE;"Im";2000;0,3;1000;"None"
"132";-0,114380146104641;0,125823266051617;NA;NA;-0,00805493192870022;NA;0,170421145888965;NA;"NS";TRUE;9;"MS";0,3;1;1;1;1,15;1;1;TRUE;"Im";2000;0,3;1000;"None"
"133";-0,00403872295552177;-0,00386130067382495;NA;NA;NA;NA;0,00886134418507645;NA;"no $\EE$";TRUE;9;"MaS";0,3;1;1;1;1,15;1;1;TRUE;"Im";2000;0,3;1000;"None"
"134";-0,00584543701003148;-0,00168938109246364;0,0033296414451458;-0,00858683116781411;-0,00630982128672031;NA;0,0115201242579026;NA;"S";TRUE;9;"MaS";0,3;1;1;1;1,15;1;1;TRUE;"Im";2000;0,3;1000;"None"
"135";-0,00401171037801451;-0,00387435418275772;NA;NA;-0,00893825402170167;NA;0,0110254648741916;NA;"NS";TRUE;9;"MaS";0,3;1;1;1;1,15;1;1;TRUE;"Im";2000;0,3;1000;"None"
"136";-0,00600873489725798;0,259024901265112;NA;NA;NA;NA;0,0128578542579416;NA;"no $\EE$";FALSE;10;"HWE";0,3;1,15;1;1;1,15;1;1;TRUE;"Im";2000;0,3;1000;"$\CC$"
"137";-0,00679958054101298;0,257057223563788;0,00282351624358324;0,00552887101415633;-0,0069940140714484;NA;0,0151348523536896;NA;"S";FALSE;10;"HWE";0,3;1,15;1;1;1,15;1;1;TRUE;"Im";2000;0,3;1000;"$\CC$"
"138";-0,00583756430971184;0,259261344917282;NA;NA;-0,0016997277005294;NA;0,0128639885521367;NA;"NS";FALSE;10;"HWE";0,3;1,15;1;1;1,15;1;1;TRUE;"Im";2000;0,3;1000;"$\CC$"
"139";-0,111993112468642;0,125212868773157;NA;NA;NA;NA;0,166453475971919;NA;"no $\EE$";TRUE;10;"HWE";0,3;1,15;1;1;1,15;1;1;TRUE;"Im";2000;0,3;1000;"$\CC$"
"140";-0,112512799279681;0,125230821337348;-0,000920626935330349;-0,0021256083821799;0,00475198563074297;NA;0,165871254597534;NA;"S";TRUE;10;"HWE";0,3;1,15;1;1;1,15;1;1;TRUE;"Im";2000;0,3;1000;"$\CC$"
"141";-0,111882726905922;0,125362891008577;NA;NA;0,00172518545083711;NA;0,164890008320042;NA;"NS";TRUE;10;"HWE";0,3;1,15;1;1;1,15;1;1;TRUE;"Im";2000;0,3;1000;"$\CC$"
"142";-0,00628243950737664;0,26168314949202;NA;NA;NA;NA;0,0128116882052669;NA;"no $\EE$";FALSE;10;"MS";0,3;1,15;1;1;1,15;1;1;TRUE;"Im";2000;0,3;1000;"$\CC$"
"143";-0,006922112966027;0,259995529841758;0,00252928481391868;0,00551481422641031;-0,00651699125395133;NA;0,0149208419299225;NA;"S";FALSE;10;"MS";0,3;1,15;1;1;1,15;1;1;TRUE;"Im";2000;0,3;1000;"$\CC$"
"144";-0,0061349012325919;0,261971125684372;NA;NA;-0,00182968051565524;NA;0,0128546098677813;NA;"NS";FALSE;10;"MS";0,3;1,15;1;1;1,15;1;1;TRUE;"Im";2000;0,3;1000;"$\CC$"
"145";-0,112136331670292;0,125758241007286;NA;NA;NA;NA;0,1664584431684;NA;"no $\EE$";TRUE;10;"MS";0,3;1,15;1;1;1,15;1;1;TRUE;"Im";2000;0,3;1000;"$\CC$"
"146";-0,11268653230338;0,125970398744589;-0,000744174943047127;-0,00236476417578069;0,00501083794883295;NA;0,165859320848598;NA;"S";TRUE;10;"MS";0,3;1,15;1;1;1,15;1;1;TRUE;"Im";2000;0,3;1000;"$\CC$"
"147";-0,112011892641909;0,125959391851982;NA;NA;0,00161754416717841;NA;0,1648769913081;NA;"NS";TRUE;10;"MS";0,3;1,15;1;1;1,15;1;1;TRUE;"Im";2000;0,3;1000;"$\CC$"
"148";-0,00072360193693002;-0,000352136873939979;NA;NA;NA;NA;0,00268518222849745;NA;"no $\EE$";TRUE;10;"MaS";0,3;1,15;1;1;1,15;1;1;TRUE;"Im";2000;0,3;1000;"$\CC$"
"149";-0,00146546792474795;5,07566883074517e-05;0,000434907722336897;-0,00277526312983478;0,00340958309953643;NA;0,00233409847961052;NA;"S";TRUE;10;"MaS";0,3;1,15;1;1;1,15;1;1;TRUE;"Im";2000;0,3;1000;"$\CC$"
"150";-0,000668046499584663;-0,000326527676520194;NA;NA;0,00169694048065439;NA;0,00167439562608762;NA;"NS";TRUE;10;"MaS";0,3;1,15;1;1;1,15;1;1;TRUE;"Im";2000;0,3;1000;"$\CC$"
"151";-0,00223354336666604;0,267007045520119;NA;NA;NA;NA;0,137371740555425;NA;"no $\EE$";FALSE;11;"HWE";0,3;1;1;1,5;1,15;1;1;TRUE;"Im";2000;0,3;1000;"$\EE:I_{\MM}$"
"152";-0,0025794279059479;0,270066862633234;0,00106854480636787;-0,00707276735270679;0,00655232858807124;NA;0,000602545030578217;NA;"S";FALSE;11;"HWE";0,3;1;1;1,5;1,15;1;1;TRUE;"Im";2000;0,3;1000;"$\EE:I_{\MM}$"
"153";-0,00218478845347014;0,267119649776727;NA;NA;0,00117653092806928;NA;0,0018510386004591;NA;"NS";FALSE;11;"HWE";0,3;1;1;1,5;1,15;1;1;TRUE;"Im";2000;0,3;1000;"$\EE:I_{\MM}$"
"154";-0,111043810770235;0,122136607233644;NA;NA;NA;NA;0,321563320772188;NA;"no $\EE$";TRUE;11;"HWE";0,3;1;1;1,5;1,15;1;1;TRUE;"Im";2000;0,3;1000;"$\EE:I_{\MM}$"
"155";-0,112597335288294;0,123211023247721;0,00252713184020092;-0,00496949158696991;0,00200260479863582;NA;0,165550955848898;NA;"S";TRUE;11;"HWE";0,3;1;1;1,5;1,15;1;1;TRUE;"Im";2000;0,3;1000;"$\EE:I_{\MM}$"
"156";-0,110906235876751;0,122333939826449;NA;NA;-0,00052025786785063;NA;0,1641853386872;NA;"NS";TRUE;11;"HWE";0,3;1;1;1,5;1,15;1;1;TRUE;"Im";2000;0,3;1000;"$\EE:I_{\MM}$"
"157";-0,00206445860938509;0,271950327888796;NA;NA;NA;NA;0,136566210625537;NA;"no $\EE$";FALSE;11;"MS";0,3;1;1;1,5;1,15;1;1;TRUE;"Im";2000;0,3;1000;"$\EE:I_{\MM}$"
"158";-0,00265589131889399;0,273270966693829;0,00229178515733031;5,75779280840294e-05;0,00222719287370425;NA;0,00074636820315388;NA;"S";FALSE;11;"MS";0,3;1;1;1,5;1,15;1;1;TRUE;"Im";2000;0,3;1000;"$\EE:I_{\MM}$"
"159";-0,0019073820062161;0,272763674498366;NA;NA;0,00233742176241813;NA;0,000202254001737012;NA;"NS";FALSE;11;"MS";0,3;1;1;1,5;1,15;1;1;TRUE;"Im";2000;0,3;1000;"$\EE:I_{\MM}$"
"160";-0,111305247455725;0,122851418842699;NA;NA;NA;NA;0,321761855031678;NA;"no $\EE$";TRUE;11;"MS";0,3;1;1;1,5;1,15;1;1;TRUE;"Im";2000;0,3;1000;"$\EE:I_{\MM}$"
"161";-0,112792782202567;0,12378061831393;0,00235978564154515;-0,00429316218015074;0,00214343146759033;NA;0,16580237951539;NA;"S";TRUE;11;"MS";0,3;1;1;1,5;1,15;1;1;TRUE;"Im";2000;0,3;1000;"$\EE:I_{\MM}$"
"162";-0,1111733869975;0,123108830834836;NA;NA;-0,000344068821930943;NA;0,164253580539483;NA;"NS";TRUE;11;"MS";0,3;1;1;1,5;1,15;1;1;TRUE;"Im";2000;0,3;1000;"$\EE:I_{\MM}$"
"163";-0,00137490405442342;-0,00274868709073672;NA;NA;NA;NA;0,140111958832428;NA;"no $\EE$";TRUE;11;"MaS";0,3;1;1;1,5;1,15;1;1;TRUE;"Im";2000;0,3;1000;"$\EE:I_{\MM}$"
"164";-0,00309031566204188;-0,00462557020009735;0,0023735742123705;0,00448320864616036;-0,00386493641103754;NA;0,00764588073255079;NA;"S";TRUE;11;"MaS";0,3;1;1;1,5;1,15;1;1;TRUE;"Im";2000;0,3;1000;"$\EE:I_{\MM}$"
"165";-0,0015788966550121;-0,00289283517324868;NA;NA;0,00170840359038345;NA;0,00449019097196723;NA;"NS";TRUE;11;"MaS";0,3;1;1;1,5;1,15;1;1;TRUE;"Im";2000;0,3;1000;"$\EE:I_{\MM}$"
"166";0,00181936707417107;0,265210215108142;NA;NA;NA;NA;0,158570058658102;NA;"no $\EE$";FALSE;12;"HWE";0,3;1;1;1,6;1,15;1;1;TRUE;"Im";2000;0,3;1000;"$\EE:I_{\MM}$"
"167";0,00247380402097708;0,271329999319275;-0,00155426915195389;-0,0147034932561835;0,018235951646956;NA;-0,00548774488718251;NA;"S";FALSE;12;"HWE";0,3;1;1;1,6;1,15;1;1;TRUE;"Im";2000;0,3;1000;"$\EE:I_{\MM}$"
"168";0,00207600079083869;0,26556564318231;NA;NA;0,00499567357659492;NA;-0,00197623235702893;NA;"NS";FALSE;12;"HWE";0,3;1;1;1,6;1,15;1;1;TRUE;"Im";2000;0,3;1000;"$\EE:I_{\MM}$"
"169";-0,111442217685932;0,126334369368573;NA;NA;NA;NA;0,343176479253446;NA;"no $\EE$";TRUE;12;"HWE";0,3;1;1;1,6;1,15;1;1;TRUE;"Im";2000;0,3;1000;"$\EE:I_{\MM}$"
"170";-0,111393405668783;0,130279757725066;-0,00213871487970185;-0,0130463462797924;0,00960446130313444;NA;0,157558269966382;NA;"S";TRUE;12;"HWE";0,3;1;1;1,6;1,15;1;1;TRUE;"Im";2000;0,3;1000;"$\EE:I_{\MM}$"
"171";-0,111109460972005;0,12676308442138;NA;NA;-0,00513104096342865;NA;0,160590307755704;NA;"NS";TRUE;12;"HWE";0,3;1;1;1,6;1,15;1;1;TRUE;"Im";2000;0,3;1000;"$\EE:I_{\MM}$"
"172";0,00205355618956249;0,270846503655292;NA;NA;NA;NA;0,157354650651212;NA;"no $\EE$";FALSE;12;"MS";0,3;1;1;1,6;1,15;1;1;TRUE;"Im";2000;0,3;1000;"$\EE:I_{\MM}$"
"173";0,0023739868470507;0,274659546276307;-0,000220566553694734;-0,00648384209810926;0,0128955359277064;NA;-0,00529011403240476;NA;"S";FALSE;12;"MS";0,3;1;1;1,6;1,15;1;1;TRUE;"Im";2000;0,3;1000;"$\EE:I_{\MM}$"
"174";0,00241343984055509;0,271938812539356;NA;NA;0,00635247692777757;NA;-0,0040188653719383;NA;"NS";FALSE;12;"MS";0,3;1;1;1,6;1,15;1;1;TRUE;"Im";2000;0,3;1000;"$\EE:I_{\MM}$"
"175";-0,111701135974105;0,127257252245439;NA;NA;NA;NA;0,343250864286148;NA;"no $\EE$";TRUE;12;"MS";0,3;1;1;1,6;1,15;1;1;TRUE;"Im";2000;0,3;1000;"$\EE:I_{\MM}$"
"176";-0,111612621115502;0,130841231563221;-0,00202469913839842;-0,0112149592056889;0,00848630869171432;NA;0,157920753781125;NA;"S";TRUE;12;"MS";0,3;1;1;1,6;1,15;1;1;TRUE;"Im";2000;0,3;1000;"$\EE:I_{\MM}$"
"177";-0,111321855945258;0,127905116077975;NA;NA;-0,00503801370816931;NA;0,160311650473226;NA;"NS";TRUE;12;"MS";0,3;1;1;1,6;1,15;1;1;TRUE;"Im";2000;0,3;1000;"$\EE:I_{\MM}$"
"178";-0,000563697424749821;0,000404117296156636;NA;NA;NA;NA;0,156397384201032;NA;"no $\EE$";TRUE;12;"MaS";0,3;1;1;1,6;1,15;1;1;TRUE;"Im";2000;0,3;1000;"$\EE:I_{\MM}$"
"179";1,13477530063744e-05;5,89002893893742e-05;-0,00394899896296907;-0,000697686108888207;0,0045608202295859;NA;-0,00149617759564591;NA;"S";TRUE;12;"MaS";0,3;1;1;1,6;1,15;1;1;TRUE;"Im";2000;0,3;1000;"$\EE:I_{\MM}$"
"180";-0,000510825732207953;0,000311287478177436;NA;NA;-0,00126299339556754;NA;-0,00110994502299422;NA;"NS";TRUE;12;"MaS";0,3;1;1;1,6;1,15;1;1;TRUE;"Im";2000;0,3;1000;"$\EE:I_{\MM}$"
"181";-0,00195429609205999;-0,21477006876342;NA;NA;NA;NA;0,00483596762972605;NA;"no $\EE$";FALSE;13;"HWE";0,3;1;1;1;0,85;1,2;1;TRUE;"Im";2000;0,3;1000;"$I_{\MM}$"
"182";-0,00274791015444575;-0,215799842768601;0,00273174423036493;0,00341404462024486;-0,00693940372636548;NA;0,00711153206345646;NA;"S";FALSE;13;"HWE";0,3;1;1;1;0,85;1,2;1;TRUE;"Im";2000;0,3;1000;"$I_{\MM}$"
"183";-0,00183423814096717;-0,214702021788511;NA;NA;-0,00314336732469966;NA;0,00514993114385224;NA;"NS";FALSE;13;"HWE";0,3;1;1;1;0,85;1,2;1;TRUE;"Im";2000;0,3;1000;"$I_{\MM}$"
"184";0,118757006291579;-0,118024371958846;NA;NA;NA;NA;-0,134228371878929;NA;"no $\EE$";TRUE;13;"HWE";0,3;1;1;1;0,85;1,2;1;TRUE;"Im";2000;0,3;1000;"$I_{\MM}$"
"185";0,119991298588946;-0,119344914284184;-0,00631530375496903;0,00104870478081054;0,00238393523400027;NA;-0,133938939715756;NA;"S";TRUE;13;"HWE";0,3;1;1;1;0,85;1,2;1;TRUE;"Im";2000;0,3;1000;"$I_{\MM}$"
"186";0,118829063030216;-0,117992896469301;NA;NA;-0,00293403014054616;NA;-0,1344736535668;NA;"NS";TRUE;13;"HWE";0,3;1;1;1;0,85;1,2;1;TRUE;"Im";2000;0,3;1000;"$I_{\MM}$"
"187";-0,00184642808866753;-0,215459976585999;NA;NA;NA;NA;0,00433141781972272;NA;"no $\EE$";FALSE;13;"MS";0,3;1;1;1;0,85;1,2;1;TRUE;"Im";2000;0,3;1000;"$I_{\MM}$"
"188";-0,0025635192165725;-0,216442115908713;0,00262508101595427;0,002764427302409;-0,00619855611687747;NA;0,00638910689827262;NA;"S";FALSE;13;"MS";0,3;1;1;1;0,85;1,2;1;TRUE;"Im";2000;0,3;1000;"$I_{\MM}$"
"189";-0,00170563759989795;-0,215474467547927;NA;NA;-0,00291159025501209;NA;0,00462768622617719;NA;"NS";FALSE;13;"MS";0,3;1;1;1;0,85;1,2;1;TRUE;"Im";2000;0,3;1000;"$I_{\MM}$"
"190";0,118869487770936;-0,118169966123563;NA;NA;NA;NA;-0,13445036926466;NA;"no $\EE$";TRUE;13;"MS";0,3;1;1;1;0,85;1,2;1;TRUE;"Im";2000;0,3;1000;"$I_{\MM}$"
"191";0,120101901998213;-0,119529250218415;-0,0062103454668534;0,00103531770178833;0,00243318814368587;NA;-0,134229401341777;NA;"S";TRUE;13;"MS";0,3;1;1;1;0,85;1,2;1;TRUE;"Im";2000;0,3;1000;"$I_{\MM}$"
"192";0,118948267419086;-0,118186208325259;NA;NA;-0,00262928430479026;NA;-0,13473834572278;NA;"NS";TRUE;13;"MS";0,3;1;1;1;0,85;1,2;1;TRUE;"Im";2000;0,3;1000;"$I_{\MM}$"
"193";0,000978594144474654;-0,00141418797459769;NA;NA;NA;NA;0,00144540568640013;NA;"no $\EE$";TRUE;13;"MaS";0,3;1;1;1;0,85;1,2;1;TRUE;"Im";2000;0,3;1000;"$I_{\MM}$"
"194";0,001824724215024;-0,00231985909222487;-0,00527210305871106;0,000321515493783897;0,00179325556016607;NA;0,00203363452865479;NA;"S";TRUE;13;"MaS";0,3;1;1;1;0,85;1,2;1;TRUE;"Im";2000;0,3;1000;"$I_{\MM}$"
"195";0,000976226325008156;-0,00139311883851179;NA;NA;-0,00459359858642117;NA;0,00203692669634511;NA;"NS";TRUE;13;"MaS";0,3;1;1;1;0,85;1,2;1;TRUE;"Im";2000;0,3;1000;"$I_{\MM}$"
"196";-0,000944815934839749;-0,00139082592623152;NA;NA;NA;NA;0,00378877256677549;NA;"no $\EE$";FALSE;14;"HWE";0,3;1;1;1;1;1,2;1;TRUE;"Im";2000;0,3;1000;"$I_{\MM}$"
"197";-0,000983416850666163;-0,00353781172958234;0,000482697029725365;0,00747465772671396;-0,00659457047222523;NA;0,00576267251506187;NA;"S";FALSE;14;"HWE";0,3;1;1;1;1;1,2;1;TRUE;"Im";2000;0,3;1000;"$I_{\MM}$"
"198";-0,000834726910392547;-0,00128123642125255;NA;NA;-0,00123573175281044;NA;0,00371227542596127;NA;"NS";FALSE;14;"HWE";0,3;1;1;1;1;1,2;1;TRUE;"Im";2000;0,3;1000;"$I_{\MM}$"
"199";-0,0022618890365913;-4,15255056663844e-05;NA;NA;NA;NA;0,00551333970508439;NA;"no $\EE$";TRUE;14;"HWE";0,3;1;1;1;1;1,2;1;TRUE;"Im";2000;0,3;1000;"$I_{\MM}$"
"200";-0,00370556781803266;-0,00127481556312192;0,00216334721508371;0,00123992864573674;-0,0115622265126699;NA;0,00999030883133375;NA;"S";TRUE;14;"HWE";0,3;1;1;1;1;1,2;1;TRUE;"Im";2000;0,3;1000;"$I_{\MM}$"
"201";-0,00216454186485349;5,47601476523774e-05;NA;NA;-0,00835231701713024;NA;0,00709038273447852;NA;"NS";TRUE;14;"HWE";0,3;1;1;1;1;1,2;1;TRUE;"Im";2000;0,3;1000;"$I_{\MM}$"
"202";-0,000926969879140649;-0,00140703454886992;NA;NA;NA;NA;0,00386651982392997;NA;"no $\EE$";FALSE;14;"MS";0,3;1;1;1;1;1,2;1;TRUE;"Im";2000;0,3;1000;"$I_{\MM}$"
"203";-0,000975669592134576;-0,00359853947078592;0,000589177744370062;0,00788680840709532;-0,00692448883033969;NA;0,00595925422286795;NA;"S";FALSE;14;"MS";0,3;1;1;1;1;1,2;1;TRUE;"Im";2000;0,3;1000;"$I_{\MM}$"
"204";-0,000795749086818343;-0,0012314161123923;NA;NA;-0,00131520894012815;NA;0,00374334121949852;NA;"NS";FALSE;14;"MS";0,3;1;1;1;1;1,2;1;TRUE;"Im";2000;0,3;1000;"$I_{\MM}$"
"205";-0,00221807907455218;2,2539761371787e-05;NA;NA;NA;NA;0,00542414300973552;NA;"no $\EE$";TRUE;14;"MS";0,3;1;1;1;1;1,2;1;TRUE;"Im";2000;0,3;1000;"$I_{\MM}$"
"206";-0,00365163512048539;-0,00116153592374502;0,00230250812878618;0,00139662152150044;-0,0117966148222731;NA;0,00994116683564509;NA;"S";TRUE;14;"MS";0,3;1;1;1;1;1,2;1;TRUE;"Im";2000;0,3;1000;"$I_{\MM}$"
"207";-0,00208206401903521;0,000177274457493715;NA;NA;-0,00855564359106231;NA;0,00694856864390636;NA;"NS";TRUE;14;"MS";0,3;1;1;1;1;1,2;1;TRUE;"Im";2000;0,3;1000;"$I_{\MM}$"
"208";-0,00174171741639095;-0,000337418146637125;NA;NA;NA;NA;0,00510508563052218;NA;"no $\EE$";TRUE;14;"MaS";0,3;1;1;1;1;1,2;1;TRUE;"Im";2000;0,3;1000;"$I_{\MM}$"
"209";-0,00308183835830833;-0,00156918850672527;0,00245384541026517;0,00237219394263;-0,0120839888832496;NA;0,00964645399148589;NA;"S";TRUE;14;"MaS";0,3;1;1;1;1;1,2;1;TRUE;"Im";2000;0,3;1000;"$I_{\MM}$"
"210";-0,00168295924756712;-0,00025480809765388;NA;NA;-0,00784926934466357;NA;0,00681457235913989;NA;"NS";TRUE;14;"MaS";0,3;1;1;1;1;1,2;1;TRUE;"Im";2000;0,3;1000;"$I_{\MM}$"
"211";-0,00130592106645289;0,260650955022078;NA;NA;NA;NA;0,00581722264276422;NA;"no $\EE$";FALSE;15;"HWE";0,3;1;1;1;1,15;1,2;1;TRUE;"Im";2000;0,3;1000;"$I_{\MM}$"
"212";0,000580407142381612;0,263515540917229;-0,00647905129554316;-0,00701776405348542;0,010537821667886;NA;0,00287906924420082;NA;"S";FALSE;15;"HWE";0,3;1;1;1;1,15;1,2;1;TRUE;"Im";2000;0,3;1000;"$I_{\MM}$"
"213";-0,00115740970626621;0,260882838336557;NA;NA;-0,000813431533688291;NA;0,00560594491290996;NA;"NS";FALSE;15;"HWE";0,3;1;1;1;1,15;1,2;1;TRUE;"Im";2000;0,3;1000;"$I_{\MM}$"
"214";-0,111310391542562;0,125570224867436;NA;NA;NA;NA;0,160361315507129;NA;"no $\EE$";TRUE;15;"HWE";0,3;1;1;1;1,15;1,2;1;TRUE;"Im";2000;0,3;1000;"$I_{\MM}$"
"215";-0,111267318303984;0,12450340324404;-0,00387568595591181;0,000902744695945312;0,00407029088744326;NA;0,160355507418564;NA;"S";TRUE;15;"HWE";0,3;1;1;1;1,15;1,2;1;TRUE;"Im";2000;0,3;1000;"$I_{\MM}$"
"216";-0,11126595079905;0,125661658534339;NA;NA;0,00104824373113344;NA;0,159155200369839;NA;"NS";TRUE;15;"HWE";0,3;1;1;1;1,15;1,2;1;TRUE;"Im";2000;0,3;1000;"$I_{\MM}$"
"217";-0,00100066374827745;0,267048596501676;NA;NA;NA;NA;0,00435111952004315;NA;"no $\EE$";FALSE;15;"MS";0,3;1;1;1;1,15;1,2;1;TRUE;"Im";2000;0,3;1000;"$I_{\MM}$"
"218";0,000932515795494027;0,270196587011425;-0,00632354964691606;-0,00657067655217869;0,0105278293765054;NA;0,00132214316127051;NA;"S";FALSE;15;"MS";0,3;1;1;1;1,15;1,2;1;TRUE;"Im";2000;0,3;1000;"$I_{\MM}$"
"219";-0,000863400993295849;0,267405281808769;NA;NA;-0,000724343473544109;NA;0,00408011533658566;NA;"NS";FALSE;15;"MS";0,3;1;1;1;1,15;1,2;1;TRUE;"Im";2000;0,3;1000;"$I_{\MM}$"
"220";-0,11154051655975;0,126556934828084;NA;NA;NA;NA;0,160364020277567;NA;"no $\EE$";TRUE;15;"MS";0,3;1;1;1;1,15;1,2;1;TRUE;"Im";2000;0,3;1000;"$I_{\MM}$"
"221";-0,111481196430887;0,12541501460925;-0,00373889985628251;0,00165431971936347;0,00361446531882414;NA;0,160412528385158;NA;"S";TRUE;15;"MS";0,3;1;1;1;1,15;1,2;1;TRUE;"Im";2000;0,3;1000;"$I_{\MM}$"
"222";-0,111468241724027;0,126759517363671;NA;NA;0,00117727403708301;NA;0,158957019192919;NA;"NS";TRUE;15;"MS";0,3;1;1;1;1,15;1,2;1;TRUE;"Im";2000;0,3;1000;"$I_{\MM}$"
"223";-0,000479670749818584;0,000618039927317238;NA;NA;NA;NA;-0,00146529042160374;NA;"no $\EE$";TRUE;15;"MaS";0,3;1;1;1;1,15;1,2;1;TRUE;"Im";2000;0,3;1000;"$I_{\MM}$"
"224";7,3816778308089e-05;-0,000847949711729856;-0,00467947660263279;0,00359345126126587;0,00457406876106448;NA;-0,0019129692582968;NA;"S";TRUE;15;"MaS";0,3;1;1;1;1,15;1,2;1;TRUE;"Im";2000;0,3;1000;"$I_{\MM}$"
"225";-0,000504504059644306;0,000666811580193549;NA;NA;0,00169194658895133;NA;-0,00243867998588036;NA;"NS";TRUE;15;"MaS";0,3;1;1;1;1,15;1,2;1;TRUE;"Im";2000;0,3;1000;"$I_{\MM}$"
"226";-0,00295705761623466;-0,212612617722443;NA;NA;NA;NA;0,00198605906797069;NA;"no $\EE$";FALSE;16;"HWE";0,3;1;1;1;0,85;1,4;1;TRUE;"Im";2000;0,3;1000;"$I_{\MM}$"
"227";-0,00250128600056243;-0,211358814337491;-0,00144274001379818;-0,00608428769155134;0,00592255406902154;NA;0,000559917604360567;NA;"S";FALSE;16;"HWE";0,3;1;1;1;0,85;1,4;1;TRUE;"Im";2000;0,3;1000;"$I_{\MM}$"
"228";-0,00291267953157426;-0,212607184524205;NA;NA;-0,000902102192168353;NA;0,00198671831171805;NA;"NS";FALSE;16;"HWE";0,3;1;1;1;0,85;1,4;1;TRUE;"Im";2000;0,3;1000;"$I_{\MM}$"
"229";0,120275496050077;-0,114631040654544;NA;NA;NA;NA;-0,14025915003104;NA;"no $\EE$";TRUE;16;"HWE";0,3;1;1;1;0,85;1,4;1;TRUE;"Im";2000;0,3;1000;"$I_{\MM}$"
"230";0,117011804842725;-0,114096386772581;0,00694872050331941;-0,00543871266271811;0,00634131549777939;NA;-0,140773903587348;NA;"S";TRUE;16;"HWE";0,3;1;1;1;0,85;1,4;1;TRUE;"Im";2000;0,3;1000;"$I_{\MM}$"
"231";0,120317033936679;-0,114624850978957;NA;NA;0,00744107910173719;NA;-0,142748525207697;NA;"NS";TRUE;16;"HWE";0,3;1;1;1;0,85;1,4;1;TRUE;"Im";2000;0,3;1000;"$I_{\MM}$"
"232";-0,00280586595229004;-0,212801223965389;NA;NA;NA;NA;0,00146766343211297;NA;"no $\EE$";FALSE;16;"MS";0,3;1;1;1;0,85;1,4;1;TRUE;"Im";2000;0,3;1000;"$I_{\MM}$"
"233";-0,00231942034268884;-0,211508305149589;-0,00160468413915082;-0,0067256525319056;0,00669134288254369;NA;-6,39623218485446e-05;NA;"S";FALSE;16;"MS";0,3;1;1;1;0,85;1,4;1;TRUE;"Im";2000;0,3;1000;"$I_{\MM}$"
"234";-0,00272643130371697;-0,212834359333623;NA;NA;-0,000786830074739675;NA;0,0014228915330721;NA;"NS";FALSE;16;"MS";0,3;1;1;1;0,85;1,4;1;TRUE;"Im";2000;0,3;1000;"$I_{\MM}$"
"235";0,120231656154898;-0,114652062491849;NA;NA;NA;NA;-0,140313589387182;NA;"no $\EE$";TRUE;16;"MS";0,3;1;1;1;0,85;1,4;1;TRUE;"Im";2000;0,3;1000;"$I_{\MM}$"
"236";0,116943794127143;-0,114120724425568;0,0071729181775515;-0,00557235515515175;0,00658356662897419;NA;-0,140911873280115;NA;"S";TRUE;16;"MS";0,3;1;1;1;0,85;1,4;1;TRUE;"Im";2000;0,3;1000;"$I_{\MM}$"
"237";0,120310454330177;-0,114643286521777;NA;NA;0,00779765060224547;NA;-0,142942155123462;NA;"NS";TRUE;16;"MS";0,3;1;1;1;0,85;1,4;1;TRUE;"Im";2000;0,3;1000;"$I_{\MM}$"
"238";0,0023357075987771;-0,000848330486074134;NA;NA;NA;NA;-0,00387857273853582;NA;"no $\EE$";TRUE;16;"MaS";0,3;1;1;1;0,85;1,4;1;TRUE;"Im";2000;0,3;1000;"$I_{\MM}$"
"239";-0,000658927776372886;-0,000474540030838799;0,00752401222677213;-0,00336405538986961;0,00522862487557485;NA;-0,00406332872026437;NA;"S";TRUE;16;"MaS";0,3;1;1;1;0,85;1,4;1;TRUE;"Im";2000;0,3;1000;"$I_{\MM}$"
"240";0,00230494530932379;-0,000828938232616983;NA;NA;0,0106066775305804;NA;-0,00732135635836121;NA;"NS";TRUE;16;"MaS";0,3;1;1;1;0,85;1,4;1;TRUE;"Im";2000;0,3;1000;"$I_{\MM}$"
"241";0,00155865096122554;-0,000211170530870941;NA;NA;NA;NA;-0,00095252174004428;NA;"no $\EE$";FALSE;17;"HWE";0,3;1;1;1;1;1,4;1;TRUE;"Im";2000;0,3;1000;"$I_{\MM}$"
"242";-0,000884074886595476;-0,00110492857444222;0,00821280798628998;0,00293761072460486;-0,0055731777969168;NA;0,000968363903840316;NA;"S";FALSE;17;"HWE";0,3;1;1;1;1;1,4;1;TRUE;"Im";2000;0,3;1000;"$I_{\MM}$"
"243";0,00168816411714023;-8,28100367138429e-05;NA;NA;0,00207483447196588;NA;-0,00194317246293469;NA;"NS";FALSE;17;"HWE";0,3;1;1;1;1;1,4;1;TRUE;"Im";2000;0,3;1000;"$I_{\MM}$"
"244";-0,00124704690598709;0,00046020949117076;NA;NA;NA;NA;0,000912815583725532;NA;"no $\EE$";TRUE;17;"HWE";0,3;1;1;1;1;1,4;1;TRUE;"Im";2000;0,3;1000;"$I_{\MM}$"
"245";7,98068954770415e-05;-0,000566027302047467;-0,00802832605262271;0,000265072374978859;0,00746303210320454;NA;0,000261078131633516;NA;"S";TRUE;17;"HWE";0,3;1;1;1;1;1,4;1;TRUE;"Im";2000;0,3;1000;"$I_{\MM}$"
"246";-0,00126068284971359;0,000447111743560935;NA;NA;-0,000438701701569455;NA;0,000537878121604456;NA;"NS";TRUE;17;"HWE";0,3;1;1;1;1;1,4;1;TRUE;"Im";2000;0,3;1000;"$I_{\MM}$"
"247";0,00157095794653128;-0,000221194027152816;NA;NA;NA;NA;-0,0010024038874041;NA;"no $\EE$";FALSE;17;"MS";0,3;1;1;1;1;1,4;1;TRUE;"Im";2000;0,3;1000;"$I_{\MM}$"
"248";-0,000878953475724198;-0,00102506867169927;0,00841217338295674;0,00292595837350462;-0,00585514057931702;NA;0,00102731337463445;NA;"S";FALSE;17;"MS";0,3;1;1;1;1;1,4;1;TRUE;"Im";2000;0,3;1000;"$I_{\MM}$"
"249";0,00171436186373475;-7,56015115386255e-05;NA;NA;0,00172600408445311;NA;-0,00191297884711172;NA;"NS";FALSE;17;"MS";0,3;1;1;1;1;1,4;1;TRUE;"Im";2000;0,3;1000;"$I_{\MM}$"
"250";-0,001247338187365;0,000245079688664385;NA;NA;NA;NA;0,00131246450265331;NA;"no $\EE$";TRUE;17;"MS";0,3;1;1;1;1;1,4;1;TRUE;"Im";2000;0,3;1000;"$I_{\MM}$"
"251";0,000168542943396632;-0,000717483987915379;-0,00803191522936852;0,00038211197392779;0,00764148759428629;NA;0,000542344370193991;NA;"S";TRUE;17;"MS";0,3;1;1;1;1;1,4;1;TRUE;"Im";2000;0,3;1000;"$I_{\MM}$"
"252";-0,00119419822817224;0,000243740740903275;NA;NA;-0,000460653851085624;NA;0,000843348594463508;NA;"NS";TRUE;17;"MS";0,3;1;1;1;1;1,4;1;TRUE;"Im";2000;0,3;1000;"$I_{\MM}$"
"253";-0,000462586007044963;-0,000315186633802034;NA;NA;NA;NA;0,000451357490373378;NA;"no $\EE$";TRUE;17;"MaS";0,3;1;1;1;1;1,4;1;TRUE;"Im";2000;0,3;1000;"$I_{\MM}$"
"254";0,000461811601141449;-0,000627454199643052;-0,00618485139249703;-0,00109382349221587;0,00589096335923101;NA;0,000417195196831731;NA;"S";TRUE;17;"MaS";0,3;1;1;1;1;1,4;1;TRUE;"Im";2000;0,3;1000;"$I_{\MM}$"
"255";-0,000509443935653997;-0,00045943164047757;NA;NA;-0,00306205081419675;NA;0,00125854835704122;NA;"NS";TRUE;17;"MaS";0,3;1;1;1;1;1,4;1;TRUE;"Im";2000;0,3;1000;"$I_{\MM}$"
"256";-0,0019925241876646;0,257632905879972;NA;NA;NA;NA;0,0092716692244851;NA;"no $\EE$";FALSE;18;"HWE";0,3;1;1;1;1,15;1,4;1;TRUE;"Im";2000;0,3;1000;"$I_{\MM}$"
"257";-0,000631736840868591;0,259054274313338;-0,00458810092806372;-0,00313793615312397;0,00243238686247227;NA;0,00878144107040108;NA;"S";FALSE;18;"HWE";0,3;1;1;1;1,15;1,4;1;TRUE;"Im";2000;0,3;1000;"$I_{\MM}$"
"258";-0,00178340827005175;0,257937002329794;NA;NA;-0,0043735122496803;NA;0,010119049552784;NA;"NS";FALSE;18;"HWE";0,3;1;1;1;1,15;1,4;1;TRUE;"Im";2000;0,3;1000;"$I_{\MM}$"
"259";-0,113790839142235;0,120734811595563;NA;NA;NA;NA;0,169505590798872;NA;"no $\EE$";TRUE;18;"HWE";0,3;1;1;1;1,15;1,4;1;TRUE;"Im";2000;0,3;1000;"$I_{\MM}$"
"260";-0,114293837758241;0,122289192195745;-0,00140525987247153;-0,00673933074585709;0,0115683626704164;NA;0,167066495134743;NA;"S";TRUE;18;"HWE";0,3;1;1;1;1,15;1,4;1;TRUE;"Im";2000;0,3;1000;"$I_{\MM}$"
"261";-0,113656747439297;0,120934606442079;NA;NA;0,00350196693893046;NA;0,167542007213716;NA;"NS";TRUE;18;"HWE";0,3;1;1;1;1,15;1,4;1;TRUE;"Im";2000;0,3;1000;"$I_{\MM}$"
"262";-0,00124129030725417;0,267405177824421;NA;NA;NA;NA;0,00608468975960405;NA;"no $\EE$";FALSE;18;"MS";0,3;1;1;1;1,15;1,4;1;TRUE;"Im";2000;0,3;1000;"$I_{\MM}$"
"263";0,000143876002754784;0,268980758061949;-0,00461964365669654;-0,002560233834635;0,00253948764914269;NA;0,00562289811434802;NA;"S";FALSE;18;"MS";0,3;1;1;1;1,15;1,4;1;TRUE;"Im";2000;0,3;1000;"$I_{\MM}$"
"264";-0,00103541162591592;0,267813574293575;NA;NA;-0,00444412763177571;NA;0,00688053501444788;NA;"NS";FALSE;18;"MS";0,3;1;1;1;1,15;1,4;1;TRUE;"Im";2000;0,3;1000;"$I_{\MM}$"
"265";-0,113987874405822;0,122276838686901;NA;NA;NA;NA;0,168913114382565;NA;"no $\EE$";TRUE;18;"MS";0,3;1;1;1;1,15;1,4;1;TRUE;"Im";2000;0,3;1000;"$I_{\MM}$"
"266";-0,114379115355457;0,124017861741446;-0,00174919129146023;-0,00696731921242166;0,0126398489283615;NA;0,166198378082899;NA;"S";TRUE;18;"MS";0,3;1;1;1;1,15;1,4;1;TRUE;"Im";2000;0,3;1000;"$I_{\MM}$"
"267";-0,113821205352608;0,122537374965463;NA;NA;0,00367028116223489;NA;0,16677898771365;NA;"NS";TRUE;18;"MS";0,3;1;1;1;1,15;1,4;1;TRUE;"Im";2000;0,3;1000;"$I_{\MM}$"
"268";-0,00153416197463185;-0,00241402545689384;NA;NA;NA;NA;0,00168216843699625;NA;"no $\EE$";TRUE;18;"MaS";0,3;1;1;1;1,15;1,4;1;TRUE;"Im";2000;0,3;1000;"$I_{\MM}$"
"269";-0,00273996714204283;3,31068893930642e-05;0,00125287712343725;-0,00949852279521735;0,00920713614537094;NA;0,000333946619848202;NA;"S";TRUE;18;"MaS";0,3;1;1;1;1,15;1,4;1;TRUE;"Im";2000;0,3;1000;"$I_{\MM}$"
"270";-0,00142730938824642;-0,00235256102068082;NA;NA;0,00286610234193141;NA;0,000471282690631046;NA;"NS";TRUE;18;"MaS";0,3;1;1;1;1,15;1,4;1;TRUE;"Im";2000;0,3;1000;"$I_{\MM}$"
"271";0,00237801377166713;-0,212400510150863;NA;NA;NA;NA;NA;-0,00258940407782016;"no $\EE$";FALSE;19;"HWE";0,3;1;1;1;0,85;1;1;TRUE;"If";2000;0,3;1000;"None"
"272";0,000696508218438252;-0,212570051666316;0,00578898277194084;-2,75594040780591e-05;NA;-0,00515672940874934;NA;-0,00112292558229854;"S";FALSE;19;"HWE";0,3;1;1;1;0,85;1;1;TRUE;"If";2000;0,3;1000;"None"
"273";0,00255764705269379;-0,212568353550281;NA;NA;NA;-0,00136555241394687;NA;-0,00279411616525882;"NS";FALSE;19;"HWE";0,3;1;1;1;0,85;1;1;TRUE;"If";2000;0,3;1000;"None"
"274";-0,0314542693689999;-0,119921429755236;NA;NA;NA;NA;NA;0,151294930642007;"no $\EE$";TRUE;19;"HWE";0,3;1;1;1;0,85;1;1;TRUE;"If";2000;0,3;1000;"None"
"275";-0,0324607585085478;-0,120853372099408;0,00328527672162537;-0,000249828735069846;NA;-0,000775678517739298;NA;0,150890087406788;"S";TRUE;19;"HWE";0,3;1;1;1;0,85;1;1;TRUE;"If";2000;0,3;1000;"None"
"276";-0,031346821416527;-0,120033781284971;NA;NA;NA;0,0015415563126937;NA;0,149750728094716;"NS";TRUE;19;"HWE";0,3;1;1;1;0,85;1;1;TRUE;"If";2000;0,3;1000;"None"
"277";0,00235653233776301;-0,214221033086719;NA;NA;NA;NA;NA;-0,00252823464595153;"no $\EE$";FALSE;19;"MS";0,3;1;1;1;0,85;1;1;TRUE;"If";2000;0,3;1000;"None"
"278";0,000769375160693642;-0,214542784131274;0,00552623614762782;-6,61133936330494e-05;NA;-0,00468552166421687;NA;-0,00127370841444063;"S";FALSE;19;"MS";0,3;1;1;1;0,85;1;1;TRUE;"If";2000;0,3;1000;"None"
"279";0,00250728608208139;-0,214443328787448;NA;NA;NA;-0,00129324908541861;NA;-0,0027662905551612;"NS";FALSE;19;"MS";0,3;1;1;1;0,85;1;1;TRUE;"If";2000;0,3;1000;"None"
"280";-0,0314884247441657;-0,120346853006014;NA;NA;NA;NA;NA;0,151638143994397;"no $\EE$";TRUE;19;"MS";0,3;1;1;1;0,85;1;1;TRUE;"If";2000;0,3;1000;"None"
"281";-0,0325300578456309;-0,121412809019067;0,00313020394980423;4,32880954781556e-05;NA;-0,000934573004563344;NA;0,151410923308049;"S";TRUE;19;"MS";0,3;1;1;1;0,85;1;1;TRUE;"If";2000;0,3;1000;"None"
"282";-0,0313849570093696;-0,120513122580869;NA;NA;NA;0,00111320948705274;NA;0,150227848973046;"NS";TRUE;19;"MS";0,3;1;1;1;0,85;1;1;TRUE;"If";2000;0,3;1000;"None"
"283";-0,00110747736756511;-0,00139315028907161;NA;NA;NA;NA;NA;0,00145313398067448;"no $\EE$";TRUE;19;"MaS";0,3;1;1;1;0,85;1;1;TRUE;"If";2000;0,3;1000;"None"
"284";-0,00191307444641931;-0,00183695578261656;0,00240558050571904;-0,00084838629160322;NA;0,00180493427731321;NA;0,000411747535422835;"S";TRUE;19;"MaS";0,3;1;1;1;0,85;1;1;TRUE;"If";2000;0,3;1000;"None"
"285";-0,00109124201019739;-0,00140595223239326;NA;NA;NA;0,00453432252559582;NA;-0,000531925857743643;"NS";TRUE;19;"MaS";0,3;1;1;1;0,85;1;1;TRUE;"If";2000;0,3;1000;"None"
"286";-0,00213051982022068;-0,207468531185466;NA;NA;NA;NA;NA;0,00351488515118925;"no $\EE$";FALSE;20;"HWE";0,3;1,15;1;1;0,85;1;1;TRUE;"If";2000;0,3;1000;"$\CC$"
"287";-0,00229340949393931;-0,206334695669802;0,000949786505322292;-0,00527513303527338;NA;-0,00237121693156339;NA;0,00429333552394229;"S";FALSE;20;"HWE";0,3;1,15;1;1;0,85;1;1;TRUE;"If";2000;0,3;1000;"$\CC$"
"288";-0,00194406248374968;-0,207628396393734;NA;NA;NA;0,00147535301236701;NA;0,00255996057394325;"NS";FALSE;20;"HWE";0,3;1,15;1;1;0,85;1;1;TRUE;"If";2000;0,3;1000;"$\CC$"
"289";-0,0332826353099305;-0,116162419369216;NA;NA;NA;NA;NA;0,155473630413806;"no $\EE$";TRUE;20;"HWE";0,3;1,15;1;1;0,85;1;1;TRUE;"If";2000;0,3;1000;"$\CC$"
"290";-0,0357724429232357;-0,116779413960723;0,00925322936131945;-0,00147910179532096;NA;-0,00916466102909552;NA;0,15775967207979;"S";TRUE;20;"HWE";0,3;1,15;1;1;0,85;1;1;TRUE;"If";2000;0,3;1000;"$\CC$"
"291";-0,0331664814751298;-0,116268509432493;NA;NA;NA;-0,000347474973299677;NA;0,154660764676074;"NS";TRUE;20;"HWE";0,3;1,15;1;1;0,85;1;1;TRUE;"If";2000;0,3;1000;"$\CC$"
"292";-0,00247738797137247;-0,209205654232463;NA;NA;NA;NA;NA;0,00360626956859522;"no $\EE$";FALSE;20;"MS";0,3;1,15;1;1;0,85;1;1;TRUE;"If";2000;0,3;1000;"$\CC$"
"293";-0,00255144574314685;-0,208121341402916;0,000801225543743955;-0,00595331740199601;NA;-0,00225305977479295;NA;0,00432419913930682;"S";FALSE;20;"MS";0,3;1,15;1;1;0,85;1;1;TRUE;"If";2000;0,3;1000;"$\CC$"
"294";-0,00231565481741843;-0,20941945900097;NA;NA;NA;0,00151601185649453;NA;0,00263244546835972;"NS";FALSE;20;"MS";0,3;1,15;1;1;0,85;1;1;TRUE;"If";2000;0,3;1000;"$\CC$"
"295";-0,0333508485220891;-0,116563665232591;NA;NA;NA;NA;NA;0,155884968440148;"no $\EE$";TRUE;20;"MS";0,3;1,15;1;1;0,85;1;1;TRUE;"If";2000;0,3;1000;"$\CC$"
"296";-0,0357498814014351;-0,117173249934792;0,00892549736116388;-0,00170732320760425;NA;-0,00860218713553673;NA;0,158025484072924;"S";TRUE;20;"MS";0,3;1,15;1;1;0,85;1;1;TRUE;"If";2000;0,3;1000;"$\CC$"
"297";-0,0332457512492207;-0,116698978237274;NA;NA;NA;-0,000170609185223825;NA;0,154998004735;"NS";TRUE;20;"MS";0,3;1,15;1;1;0,85;1;1;TRUE;"If";2000;0,3;1000;"$\CC$"
"298";7,14099620147124e-05;-0,000716113249841666;NA;NA;NA;NA;NA;0,000437059021657582;"no $\EE$";TRUE;20;"MaS";0,3;1,15;1;1;0,85;1;1;TRUE;"If";2000;0,3;1000;"$\CC$"
"299";-0,00243612367455626;-0,00129643259765677;0,00964011863729985;-0,000538276564628126;NA;-0,00973781431775733;NA;0,00248151742244351;"S";TRUE;20;"MaS";0,3;1,15;1;1;0,85;1;1;TRUE;"If";2000;0,3;1000;"$\CC$"
"300";0,000103804059982646;-0,000673260003047904;NA;NA;NA;0,00150409978076405;NA;-0,00055468088754651;"NS";TRUE;20;"MaS";0,3;1,15;1;1;0,85;1;1;TRUE;"If";2000;0,3;1000;"$\CC$"
"301";0,00138957571809617;-0,209428297145588;NA;NA;NA;NA;NA;0,138094149393887;"no $\EE$";FALSE;21;"HWE";0,3;1;1;1,5;0,85;1;1;TRUE;"If";2000;0,3;1000;"$\EE:I_{\FF}$"
"302";0,00273102512090806;-0,212400598092131;-0,00453215617847713;0,0120452434008127;NA;0,0194890731654877;NA;-0,00286278574935261;"S";FALSE;21;"HWE";0,3;1;1;1,5;0,85;1;1;TRUE;"If";2000;0,3;1000;"$\EE:I_{\FF}$"
"303";0,00161683040773708;-0,209631775189908;NA;NA;NA;0,00591190778779242;NA;0,000409302798166422;"NS";FALSE;21;"HWE";0,3;1;1;1,5;0,85;1;1;TRUE;"If";2000;0,3;1000;"$\EE:I_{\FF}$"
"304";-0,0282209421254692;-0,121049083883026;NA;NA;NA;NA;NA;0,30207572118842;"no $\EE$";TRUE;21;"HWE";0,3;1;1;1,5;0,85;1;1;TRUE;"If";2000;0,3;1000;"$\EE:I_{\FF}$"
"305";-0,0260573069806451;-0,122899118464662;-0,00574416825577817;0,00235285899711757;NA;0,00564309555022084;NA;0,14456629223635;"S";TRUE;21;"HWE";0,3;1;1;1,5;0,85;1;1;TRUE;"If";2000;0,3;1000;"$\EE:I_{\FF}$"
"306";-0,0275870724636377;-0,121403966997758;NA;NA;NA;-0,00152165985158688;NA;0,146714430947582;"NS";TRUE;21;"HWE";0,3;1;1;1,5;0,85;1;1;TRUE;"If";2000;0,3;1000;"$\EE:I_{\FF}$"
"307";0,00155564984173506;-0,212177655175884;NA;NA;NA;NA;NA;0,137359346257659;"no $\EE$";FALSE;21;"MS";0,3;1;1;1,5;0,85;1;1;TRUE;"If";2000;0,3;1000;"$\EE:I_{\FF}$"
"308";0,00273975444853791;-0,214137282748913;-0,00363618526843668;0,00575395484276098;NA;0,0161907850544451;NA;-0,00282018823899677;"S";FALSE;21;"MS";0,3;1;1;1,5;0,85;1;1;TRUE;"If";2000;0,3;1000;"$\EE:I_{\FF}$"
"309";0,00184701076561811;-0,212722019847449;NA;NA;NA;0,00733390403668362;NA;-0,0010534629422394;"NS";FALSE;21;"MS";0,3;1;1;1,5;0,85;1;1;TRUE;"If";2000;0,3;1000;"$\EE:I_{\FF}$"
"310";-0,0282541303513244;-0,121495912086487;NA;NA;NA;NA;NA;0,302395257963158;"no $\EE$";TRUE;21;"MS";0,3;1;1;1,5;0,85;1;1;TRUE;"If";2000;0,3;1000;"$\EE:I_{\FF}$"
"311";-0,0259259464794175;-0,123340178585905;-0,00645970250332073;0,0018079692933215;NA;0,00725793563063511;NA;0,144474702970321;"S";TRUE;21;"MS";0,3;1;1;1,5;0,85;1;1;TRUE;"If";2000;0,3;1000;"$\EE:I_{\FF}$"
"312";-0,0276219207098248;-0,121938931044761;NA;NA;NA;-0,000820782601007153;NA;0,14674590522987;"NS";TRUE;21;"MS";0,3;1;1;1,5;0,85;1;1;TRUE;"If";2000;0,3;1000;"$\EE:I_{\FF}$"
"313";0,00298647959878529;-0,00327453780692843;NA;NA;NA;NA;NA;0,131076586108458;"no $\EE$";TRUE;21;"MaS";0,3;1;1;1,5;0,85;1;1;TRUE;"If";2000;0,3;1000;"$\EE:I_{\FF}$"
"314";0,00481810941619254;-0,00451885909183636;-0,00539539586721993;0,00126196739022633;NA;0,00485809078904357;NA;-0,00507651468625459;"S";TRUE;21;"MaS";0,3;1;1;1,5;0,85;1;1;TRUE;"If";2000;0,3;1000;"$\EE:I_{\FF}$"
"315";0,00322395072747184;-0,00338139434280615;NA;NA;NA;-0,00151195951005612;NA;-0,00326887360349903;"NS";TRUE;21;"MaS";0,3;1;1;1,5;0,85;1;1;TRUE;"If";2000;0,3;1000;"$\EE:I_{\FF}$"
"316";-0,00218567152319393;-0,207173037971074;NA;NA;NA;NA;NA;0,166999334289193;"no $\EE$";FALSE;22;"HWE";0,3;1;1;1,6;0,85;1;1;TRUE;"If";2000;0,3;1000;"$\EE:I_{\FF}$"
"317";-0,00128658984391028;-0,210420326849986;-0,00306140815824474;0,0132827983793176;NA;0,0186343827846989;NA;0,00185506193531082;"S";FALSE;22;"HWE";0,3;1;1;1,6;0,85;1;1;TRUE;"If";2000;0,3;1000;"$\EE:I_{\FF}$"
"318";-0,00207501255196185;-0,207289823114918;NA;NA;NA;0,00538377746828883;NA;0,00521622108044717;"NS";FALSE;22;"HWE";0,3;1;1;1,6;0,85;1;1;TRUE;"If";2000;0,3;1000;"$\EE:I_{\FF}$"
"319";-0,0313906214024059;-0,119417311949503;NA;NA;NA;NA;NA;0,329993882731852;"no $\EE$";TRUE;22;"HWE";0,3;1;1;1,6;0,85;1;1;TRUE;"If";2000;0,3;1000;"$\EE:I_{\FF}$"
"320";-0,0321387480561433;-0,121771115726602;0,00363453658765289;0,00437339316074259;NA;0,00351615525882601;NA;0,145825919260323;"S";TRUE;22;"HWE";0,3;1;1;1,6;0,85;1;1;TRUE;"If";2000;0,3;1000;"$\EE:I_{\FF}$"
"321";-0,030883366497812;-0,119739388716549;NA;NA;NA;0,00487547599762814;NA;0,145012968735366;"NS";TRUE;22;"HWE";0,3;1;1;1,6;0,85;1;1;TRUE;"If";2000;0,3;1000;"$\EE:I_{\FF}$"
"322";-0,00191123388390135;-0,210791526603956;NA;NA;NA;NA;NA;0,165742501436788;"no $\EE$";FALSE;22;"MS";0,3;1;1;1,6;0,85;1;1;TRUE;"If";2000;0,3;1000;"$\EE:I_{\FF}$"
"323";-0,00126420796869164;-0,212530936216304;-0,0019807618312272;0,00392139274492931;NA;0,0141040288740719;NA;0,00179698728360012;"S";FALSE;22;"MS";0,3;1;1;1,6;0,85;1;1;TRUE;"If";2000;0,3;1000;"$\EE:I_{\FF}$"
"324";-0,00170894746544692;-0,211474907421613;NA;NA;NA;0,00782456984825639;NA;0,00285297733990264;"NS";FALSE;22;"MS";0,3;1;1;1,6;0,85;1;1;TRUE;"If";2000;0,3;1000;"$\EE:I_{\FF}$"
"325";-0,0314790460140971;-0,119825153422725;NA;NA;NA;NA;NA;0,330495991808166;"no $\EE$";TRUE;22;"MS";0,3;1;1;1,6;0,85;1;1;TRUE;"If";2000;0,3;1000;"$\EE:I_{\FF}$"
"326";-0,0322281620415493;-0,122002658675836;0,00391641104717411;0,0030993754022155;NA;0,00349916668931916;NA;0,146271705302652;"S";TRUE;22;"MS";0,3;1;1;1,6;0,85;1;1;TRUE;"If";2000;0,3;1000;"$\EE:I_{\FF}$"
"327";-0,0309663736209245;-0,120230815273441;NA;NA;NA;0,00522638669970474;NA;0,145278284115773;"NS";TRUE;22;"MS";0,3;1;1;1,6;0,85;1;1;TRUE;"If";2000;0,3;1000;"$\EE:I_{\FF}$"
"328";-0,00033594198740361;-0,0017811267447394;NA;NA;NA;NA;NA;0,155712419365889;"no $\EE$";TRUE;22;"MaS";0,3;1;1;1,6;0,85;1;1;TRUE;"If";2000;0,3;1000;"$\EE:I_{\FF}$"
"329";-0,00202882645916536;-0,00334089594057951;0,00581027386358501;0,00286785111313104;NA;-0,000595447909997188;NA;-0,00268639479372068;"S";TRUE;22;"MaS";0,3;1;1;1,6;0,85;1;1;TRUE;"If";2000;0,3;1000;"$\EE:I_{\FF}$"
"330";-0,000356954431806722;-0,00174358963006593;NA;NA;NA;0,00580553628201655;NA;-0,00458520828912801;"NS";TRUE;22;"MaS";0,3;1;1;1,6;0,85;1;1;TRUE;"If";2000;0,3;1000;"$\EE:I_{\FF}$"
"331";0,00401719953796809;-0,000749397171187938;NA;NA;NA;NA;NA;-0,00238741162253697;"no $\EE$";FALSE;23;"HWE";0,3;1;1;1;1;1;1;TRUE;"If";2000;0,3;1000;"None"
"332";0,00363307054684814;-0,00127182487773858;0,00150490423024618;0,0016685093100679;NA;-0,0040874654528974;NA;-0,00122008665500228;"S";FALSE;23;"HWE";0,3;1;1;1;1;1;1;TRUE;"If";2000;0,3;1000;"None"
"333";0,00415055954768895;-0,000882185901137866;NA;NA;NA;-0,00502347856159469;NA;-0,00150292589399537;"NS";FALSE;23;"HWE";0,3;1;1;1;1;1;1;TRUE;"If";2000;0,3;1000;"None"
"334";0,00068094186051737;-0,00064849657636723;NA;NA;NA;NA;NA;-0,0025275718117399;"no $\EE$";TRUE;23;"HWE";0,3;1;1;1;1;1;1;TRUE;"If";2000;0,3;1000;"None"
"335";0,00125629303261365;-0,000770251648258169;-0,000921360570033336;-0,00308673269435811;NA;0,000810567499947901;NA;-0,00419783459643919;"S";TRUE;23;"HWE";0,3;1;1;1;1;1;1;TRUE;"If";2000;0,3;1000;"None"
"336";0,000913251547305372;-0,000771809648429378;NA;NA;NA;0,000413504342324345;NA;-0,00404044006164039;"NS";TRUE;23;"HWE";0,3;1;1;1;1;1;1;TRUE;"If";2000;0,3;1000;"None"
"337";0,00398511198192764;-0,000691133565027591;NA;NA;NA;NA;NA;-0,00233889525839448;"no $\EE$";FALSE;23;"MS";0,3;1;1;1;1;1;1;TRUE;"If";2000;0,3;1000;"None"
"338";0,00354086208711379;-0,0012050093023892;0,00152245721937394;0,00187213665067509;NA;-0,0039657760584012;NA;-0,00109730282968679;"S";FALSE;23;"MS";0,3;1;1;1;1;1;1;TRUE;"If";2000;0,3;1000;"None"
"339";0,0041093290432499;-0,000771566174409988;NA;NA;NA;-0,00507620090091609;NA;-0,00139255587983533;"NS";FALSE;23;"MS";0,3;1;1;1;1;1;1;TRUE;"If";2000;0,3;1000;"None"
"340";0,000582648695923504;-0,000653686405987175;NA;NA;NA;NA;NA;-0,00237461582765019;"no $\EE$";TRUE;23;"MS";0,3;1;1;1;1;1;1;TRUE;"If";2000;0,3;1000;"None"
"341";0,00108157430147049;-0,000694690912263596;-0,00102084614670839;-0,00309516951873412;NA;0,000906094611087482;NA;-0,00394071173064481;"S";TRUE;23;"MS";0,3;1;1;1;1;1;1;TRUE;"If";2000;0,3;1000;"None"
"342";0,000813808990062226;-0,000780003221629744;NA;NA;NA;0,00045825737580607;NA;-0,00388372068457277;"NS";TRUE;23;"MS";0,3;1;1;1;1;1;1;TRUE;"If";2000;0,3;1000;"None"
"343";0,00110650090080644;0,0014320986103904;NA;NA;NA;NA;NA;-0,00443311553456982;"no $\EE$";TRUE;23;"MaS";0,3;1;1;1;1;1;1;TRUE;"If";2000;0,3;1000;"None"
"344";0,00178672932407586;0,00218491076080052;-0,00133590313340981;-0,00507375612273486;NA;0,00328195842052814;NA;-0,006747110064663;"S";TRUE;23;"MaS";0,3;1;1;1;1;1;1;TRUE;"If";2000;0,3;1000;"None"
"345";0,00125582107869704;0,00136849053275756;NA;NA;NA;0,00192015055133732;NA;-0,00611836601792193;"NS";TRUE;23;"MaS";0,3;1;1;1;1;1;1;TRUE;"If";2000;0,3;1000;"None"
"346";0,000500397171770827;0,000915554261425866;NA;NA;NA;NA;NA;0,000859660885314417;"no $\EE$";FALSE;24;"HWE";0,3;1,15;1;1;1;1;1;TRUE;"If";2000;0,3;1000;"$\CC$"
"347";-0,00113634741867358;0,00116245201946552;0,00607136677036269;-0,000995754544604766;NA;-0,00765678236798983;NA;0,00307842336604502;"S";FALSE;24;"HWE";0,3;1,15;1;1;1;1;1;TRUE;"If";2000;0,3;1000;"$\CC$"
"348";0,000675789901866554;0,000764048368511405;NA;NA;NA;-0,00298074705778673;NA;0,00115202486797794;"NS";FALSE;24;"HWE";0,3;1,15;1;1;1;1;1;TRUE;"If";2000;0,3;1000;"$\CC$"
"349";0,000795518791813668;-0,00196730985888105;NA;NA;NA;NA;NA;-0,00400753232098683;"no $\EE$";TRUE;24;"HWE";0,3;1,15;1;1;1;1;1;TRUE;"If";2000;0,3;1000;"$\CC$"
"350";0,0003806904887601;-0,00258521487608809;0,00215189519051551;-0,000955218408934644;NA;-0,00322730683134242;NA;-0,00400361543275263;"S";TRUE;24;"HWE";0,3;1,15;1;1;1;1;1;TRUE;"If";2000;0,3;1000;"$\CC$"
"351";0,0010061722830659;-0,00209764085862862;NA;NA;NA;-0,00154372551581261;NA;-0,00465980661807941;"NS";TRUE;24;"HWE";0,3;1,15;1;1;1;1;1;TRUE;"If";2000;0,3;1000;"$\CC$"
"352";0,000482111954243853;0,00100106336203498;NA;NA;NA;NA;NA;0,000947828151911301;"no $\EE$";FALSE;24;"MS";0,3;1,15;1;1;1;1;1;TRUE;"If";2000;0,3;1000;"$\CC$"
"353";-0,00103332888375872;0,00115256647826389;0,00591326601960085;-0,000708377859612308;NA;-0,00734077103353437;NA;0,00299270555957043;"S";FALSE;24;"MS";0,3;1,15;1;1;1;1;1;TRUE;"If";2000;0,3;1000;"$\CC$"
"354";0,000659312478943642;0,000881802985249092;NA;NA;NA;-0,00309566563684793;NA;0,00126079669460877;"NS";FALSE;24;"MS";0,3;1,15;1;1;1;1;1;TRUE;"If";2000;0,3;1000;"$\CC$"
"355";0,000578670469878231;-0,00178288211465183;NA;NA;NA;NA;NA;-0,00371569259598525;"no $\EE$";TRUE;24;"MS";0,3;1,15;1;1;1;1;1;TRUE;"If";2000;0,3;1000;"$\CC$"
"356";0,000289260425313665;-0,00247252637283035;0,00190734811383342;-0,000610199874853001;NA;-0,00288918256679394;NA;-0,00383730494575407;"S";TRUE;24;"MS";0,3;1,15;1;1;1;1;1;TRUE;"If";2000;0,3;1000;"$\CC$"
"357";0,000772916620245884;-0,00190159525072298;NA;NA;NA;-0,00148566503308534;NA;-0,00436322414929458;"NS";TRUE;24;"MS";0,3;1,15;1;1;1;1;1;TRUE;"If";2000;0,3;1000;"$\CC$"
"358";0,000711869978421769;-0,00115438954897329;NA;NA;NA;NA;NA;-0,00407299702765851;"no $\EE$";TRUE;24;"MaS";0,3;1,15;1;1;1;1;1;TRUE;"If";2000;0,3;1000;"$\CC$"
"359";0,000348463600750509;-0,00217828317666791;0,00255714441172139;0,00107644698875897;NA;-0,00469007209947281;NA;-0,00366146078843566;"S";TRUE;24;"MaS";0,3;1,15;1;1;1;1;1;TRUE;"If";2000;0,3;1000;"$\CC$"
"360";0,000828685151893252;-0,00122355924031725;NA;NA;NA;-0,00175993798150131;NA;-0,00430161421779385;"NS";TRUE;24;"MaS";0,3;1,15;1;1;1;1;1;TRUE;"If";2000;0,3;1000;"$\CC$"
"361";-0,00373750844157394;0,00350814108195219;NA;NA;NA;NA;NA;0,14313013546403;"no $\EE$";FALSE;25;"HWE";0,3;1;1;1,5;1;1;1;TRUE;"If";2000;0,3;1000;"$\EE:I_{\FF}$"
"362";-0,00489412142721635;0,0046851939380792;0,00402723789191017;-0,00421217578598998;NA;-0,00876904704788887;NA;0,00918050301149842;"S";FALSE;25;"HWE";0,3;1;1;1,5;1;1;1;TRUE;"If";2000;0,3;1000;"$\EE:I_{\FF}$"
"363";-0,00351233287857722;0,00328021772556686;NA;NA;NA;-0,00331251760603157;NA;0,00681022830303579;"NS";FALSE;25;"HWE";0,3;1;1;1,5;1;1;1;TRUE;"If";2000;0,3;1000;"$\EE:I_{\FF}$"
"364";0,000578962038193742;-0,00157880770402175;NA;NA;NA;NA;NA;0,134714765596147;"no $\EE$";TRUE;25;"HWE";0,3;1;1;1,5;1;1;1;TRUE;"If";2000;0,3;1000;"$\EE:I_{\FF}$"
"365";-4,81035225725623e-05;-0,000442581418461541;0,00196588156936528;-0,00674959742591663;NA;-0,000984829688944533;NA;-0,00108094774853928;"S";TRUE;25;"HWE";0,3;1;1;1,5;1;1;1;TRUE;"If";2000;0,3;1000;"$\EE:I_{\FF}$"
"366";0,00076246870974761;-0,00164437493076863;NA;NA;NA;0,00225591666086267;NA;-0,00241684100262385;"NS";TRUE;25;"HWE";0,3;1;1;1,5;1;1;1;TRUE;"If";2000;0,3;1000;"$\EE:I_{\FF}$"
"367";-0,00372275879270434;0,00352854409742442;NA;NA;NA;NA;NA;0,14312956710578;"no $\EE$";FALSE;25;"MS";0,3;1;1;1,5;1;1;1;TRUE;"If";2000;0,3;1000;"$\EE:I_{\FF}$"
"368";-0,00488574790926588;0,00466680557928734;0,00392004831233761;-0,00393724449308885;NA;-0,00786423132265091;NA;0,00915712899027721;"S";FALSE;25;"MS";0,3;1;1;1,5;1;1;1;TRUE;"If";2000;0,3;1000;"$\EE:I_{\FF}$"
"369";-0,00351103738507863;0,0034020005577835;NA;NA;NA;-0,00326787484517436;NA;0,00689152901717982;"NS";FALSE;25;"MS";0,3;1;1;1,5;1;1;1;TRUE;"If";2000;0,3;1000;"$\EE:I_{\FF}$"
"370";0,000572099646604318;-0,00153355132080535;NA;NA;NA;NA;NA;0,134718561707838;"no $\EE$";TRUE;25;"MS";0,3;1;1;1,5;1;1;1;TRUE;"If";2000;0,3;1000;"$\EE:I_{\FF}$"
"371";-9,47433089265592e-05;-0,00036938313618029;0,00187709781624945;-0,00631021067510718;NA;-0,000468880389750274;NA;-0,00110658800448671;"S";TRUE;25;"MS";0,3;1;1;1,5;1;1;1;TRUE;"If";2000;0,3;1000;"$\EE:I_{\FF}$"
"372";0,000759319068022624;-0,00145884811145969;NA;NA;NA;0,00225119610020326;NA;-0,00241787894792933;"NS";TRUE;25;"MS";0,3;1;1;1,5;1;1;1;TRUE;"If";2000;0,3;1000;"$\EE:I_{\FF}$"
"373";0,000828375998783493;-0,0003944677443255;NA;NA;NA;NA;NA;0,133591841088444;"no $\EE$";TRUE;25;"MaS";0,3;1;1;1,5;1;1;1;TRUE;"If";2000;0,3;1000;"$\EE:I_{\FF}$"
"374";0,000110024907911788;0,000953840894377445;0,00186514552885808;-0,00606193874799787;NA;0,000100200072208345;NA;-0,00201966478492133;"S";TRUE;25;"MaS";0,3;1;1;1,5;1;1;1;TRUE;"If";2000;0,3;1000;"$\EE:I_{\FF}$"
"375";0,000900115510696908;-0,000237440810502476;NA;NA;NA;0,00192939305022044;NA;-0,00291398551803834;"NS";TRUE;25;"MaS";0,3;1;1;1,5;1;1;1;TRUE;"If";2000;0,3;1000;"$\EE:I_{\FF}$"
"376";0,000343093753488954;-0,00204479360027998;NA;NA;NA;NA;NA;0,15721795067097;"no $\EE$";FALSE;26;"HWE";0,3;1;1;1,6;1;1;1;TRUE;"If";2000;0,3;1000;"$\EE:I_{\FF}$"
"377";0,000508170435660649;-0,00324670489510803;-0,000704900694083466;0,00413813242088934;NA;0,000684696333136808;NA;-0,00243026297875748;"S";FALSE;26;"HWE";0,3;1;1;1,6;1;1;1;TRUE;"If";2000;0,3;1000;"$\EE:I_{\FF}$"
"378";0,000374278882425694;-0,00207539241358679;NA;NA;NA;-0,00377608034075161;NA;-0,00159741433686111;"NS";FALSE;26;"HWE";0,3;1;1;1,6;1;1;1;TRUE;"If";2000;0,3;1000;"$\EE:I_{\FF}$"
"379";-0,000149198113729154;-0,00146219648324941;NA;NA;NA;NA;NA;0,161842369668487;"no $\EE$";TRUE;26;"HWE";0,3;1;1;1,6;1;1;1;TRUE;"If";2000;0,3;1000;"$\EE:I_{\FF}$"
"380";0,000255138381194175;-0,000868755588275594;-0,00107229290036781;-0,00516273621539753;NA;0,00674177792411121;NA;-0,000647935625630369;"S";TRUE;26;"HWE";0,3;1;1;1,6;1;1;1;TRUE;"If";2000;0,3;1000;"$\EE:I_{\FF}$"
"381";-8,16747428171727e-05;-0,00148169450740843;NA;NA;NA;0,0064966074669244;NA;-0,000668962103081649;"NS";TRUE;26;"HWE";0,3;1;1;1,6;1;1;1;TRUE;"If";2000;0,3;1000;"$\EE:I_{\FF}$"
"382";0,000316789278885787;-0,00204835585151186;NA;NA;NA;NA;NA;0,157329220457234;"no $\EE$";FALSE;26;"MS";0,3;1;1;1,6;1;1;1;TRUE;"If";2000;0,3;1000;"$\EE:I_{\FF}$"
"383";0,000515341865906738;-0,00332380754760708;-0,000706781995677752;0,00394793187835774;NA;0,00113854133606428;NA;-0,00244284302968101;"S";FALSE;26;"MS";0,3;1;1;1,6;1;1;1;TRUE;"If";2000;0,3;1000;"$\EE:I_{\FF}$"
"384";0,000373377091712257;-0,00219388492902517;NA;NA;NA;-0,00369998923780868;NA;-0,00161808828231147;"NS";FALSE;26;"MS";0,3;1;1;1,6;1;1;1;TRUE;"If";2000;0,3;1000;"$\EE:I_{\FF}$"
"385";-0,000160130347424237;-0,0014030329532162;NA;NA;NA;NA;NA;0,16191030818282;"no $\EE$";TRUE;26;"MS";0,3;1;1;1,6;1;1;1;TRUE;"If";2000;0,3;1000;"$\EE:I_{\FF}$"
"386";0,000337007105524867;-0,000914306622423422;-0,00117493805062152;-0,00520663862562731;NA;0,00717719740512116;NA;-0,000782595438103662;"S";TRUE;26;"MS";0,3;1;1;1,6;1;1;1;TRUE;"If";2000;0,3;1000;"$\EE:I_{\FF}$"
"387";-9,48738780714997e-05;-0,00148585322490558;NA;NA;NA;0,00663254012766526;NA;-0,000659111570562643;"NS";TRUE;26;"MS";0,3;1;1;1,6;1;1;1;TRUE;"If";2000;0,3;1000;"$\EE:I_{\FF}$"
"388";3,80002002908775e-06;-0,00028588309982791;NA;NA;NA;NA;NA;0,160944995214847;"no $\EE$";TRUE;26;"MaS";0,3;1;1;1,6;1;1;1;TRUE;"If";2000;0,3;1000;"$\EE:I_{\FF}$"
"389";0,000498767838351011;0,000625358898645789;-0,00104480890726955;-0,00548468851242279;NA;0,00781063099681789;NA;-0,0017394248898831;"S";TRUE;26;"MaS";0,3;1;1;1,6;1;1;1;TRUE;"If";2000;0,3;1000;"$\EE:I_{\FF}$"
"390";1,43820882445578e-05;-0,000377415605533393;NA;NA;NA;0,00636981075100768;NA;-0,00112990771884858;"NS";TRUE;26;"MaS";0,3;1;1;1,6;1;1;1;TRUE;"If";2000;0,3;1000;"$\EE:I_{\FF}$"
"391";0,000187947980227143;0,265587917296917;NA;NA;NA;NA;NA;-0,00198407725535865;"no $\EE$";FALSE;27;"HWE";0,3;1;1;1;1,15;1;1;TRUE;"If";2000;0,3;1000;"None"
"392";-2,28141623760392e-05;0,265052265247776;0,000747481143505535;0,00228495138999674;NA;0,00448959062568632;NA;-0,00326231644008346;"S";FALSE;27;"HWE";0,3;1;1;1;1,15;1;1;TRUE;"If";2000;0,3;1000;"None"
"393";0,000302956186486458;0,265486817521611;NA;NA;NA;0,00254742065796787;NA;-0,00340822133566432;"NS";FALSE;27;"HWE";0,3;1;1;1;1,15;1;1;TRUE;"If";2000;0,3;1000;"None"
"394";0,0339809200607861;0,125969341851703;NA;NA;NA;NA;NA;-0,139877320591517;"no $\EE$";TRUE;27;"HWE";0,3;1;1;1;1,15;1;1;TRUE;"If";2000;0,3;1000;"None"
"395";0,0350358994535287;0,126099457516644;-0,00449416816435433;-0,00229885175011302;NA;0,0011283833182878;NA;-0,14077674613788;"S";TRUE;27;"HWE";0,3;1;1;1;1,15;1;1;TRUE;"If";2000;0,3;1000;"None"
"396";0,0340120988991237;0,126032660808062;NA;NA;NA;-0,00327695827902519;NA;-0,140116654207708;"NS";TRUE;27;"HWE";0,3;1;1;1;1,15;1;1;TRUE;"If";2000;0,3;1000;"None"
"397";0,000126551920544671;0,268742751128802;NA;NA;NA;NA;NA;-0,00186665737408265;"no $\EE$";FALSE;27;"MS";0,3;1;1;1;1,15;1;1;TRUE;"If";2000;0,3;1000;"None"
"398";-0,000162118043153026;0,268438642202497;0,00097409475171073;0,00255484814652074;NA;0,00413539416861108;NA;-0,00296922379394149;"S";FALSE;27;"MS";0,3;1;1;1;1,15;1;1;TRUE;"If";2000;0,3;1000;"None"
"399";0,000260588150345464;0,268783066705764;NA;NA;NA;0,00248741413571185;NA;-0,00324778394166603;"NS";FALSE;27;"MS";0,3;1;1;1;1,15;1;1;TRUE;"If";2000;0,3;1000;"None"
"400";0,0340004456790937;0,126416484088069;NA;NA;NA;NA;NA;-0,140084907028878;"no $\EE$";TRUE;27;"MS";0,3;1;1;1;1,15;1;1;TRUE;"If";2000;0,3;1000;"None"
"401";0,0350301181763726;0,126596222719461;-0,00402340867754503;-0,00233571209231731;NA;0,000473700632041218;NA;-0,140929402250149;"S";TRUE;27;"MS";0,3;1;1;1;1,15;1;1;TRUE;"If";2000;0,3;1000;"None"
"402";0,0340327833341505;0,126527469038543;NA;NA;NA;-0,00341471829403384;NA;-0,140274984956453;"NS";TRUE;27;"MS";0,3;1;1;1;1,15;1;1;TRUE;"If";2000;0,3;1000;"None"
"403";0,0040375696701529;-0,00309372349489045;NA;NA;NA;NA;NA;-0,00405884567401527;"no $\EE$";TRUE;27;"MaS";0,3;1;1;1;1,15;1;1;TRUE;"If";2000;0,3;1000;"None"
"404";0,00502493970086992;-0,00277284983979453;-0,00437981752962602;-0,00229725615261578;NA;0,00163126570087835;NA;-0,0050319850883267;"S";TRUE;27;"MaS";0,3;1;1;1;1,15;1;1;TRUE;"If";2000;0,3;1000;"None"
"405";0,0039439503872627;-0,0029833620615467;NA;NA;NA;-0,00362954883497746;NA;-0,00379657579758175;"NS";TRUE;27;"MaS";0,3;1;1;1;1,15;1;1;TRUE;"If";2000;0,3;1000;"None"
"406";0,00459737943935289;0,261286789545424;NA;NA;NA;NA;NA;-0,00888521169849588;"no $\EE$";FALSE;28;"HWE";0,3;1,15;1;1;1,15;1;1;TRUE;"If";2000;0,3;1000;"$\CC$"
"407";0,00636402248565282;0,26097529855885;-0,00644723459856467;0,00206962653297338;NA;0,00560102814796548;NA;-0,010161284724393;"S";FALSE;28;"HWE";0,3;1,15;1;1;1,15;1;1;TRUE;"If";2000;0,3;1000;"$\CC$"
"408";0,00472550620364008;0,261198582241613;NA;NA;NA;-0,0018078206181249;NA;-0,00899681707982458;"NS";FALSE;28;"HWE";0,3;1,15;1;1;1,15;1;1;TRUE;"If";2000;0,3;1000;"$\CC$"
"409";0,0289118847514876;0,129063829155385;NA;NA;NA;NA;NA;-0,13303345440476;"no $\EE$";TRUE;28;"HWE";0,3;1,15;1;1;1,15;1;1;TRUE;"If";2000;0,3;1000;"$\CC$"
"410";0,0281975577970424;0,129675061981946;0,00255546892310621;-0,00399556933089507;NA;-0,0112217692367714;NA;-0,130790711806;"S";TRUE;28;"HWE";0,3;1,15;1;1;1,15;1;1;TRUE;"If";2000;0,3;1000;"$\CC$"
"411";0,0290086271352066;0,129074982371542;NA;NA;NA;-0,00817953730595633;NA;-0,131803432388567;"NS";TRUE;28;"HWE";0,3;1,15;1;1;1,15;1;1;TRUE;"If";2000;0,3;1000;"$\CC$"
"412";0,00417111793584202;0,264106988697694;NA;NA;NA;NA;NA;-0,00883680787154584;"no $\EE$";FALSE;28;"MS";0,3;1,15;1;1;1,15;1;1;TRUE;"If";2000;0,3;1000;"$\CC$"
"413";0,00596916644479058;0,263879514819809;-0,00616893458381773;0,0025106791750702;NA;0,00521531159283506;NA;-0,0101171774311796;"S";FALSE;28;"MS";0,3;1,15;1;1;1,15;1;1;TRUE;"If";2000;0,3;1000;"$\CC$"
"414";0,00430507591128103;0,264200581666974;NA;NA;NA;-0,0021808379595426;NA;-0,00876440911774024;"NS";FALSE;28;"MS";0,3;1,15;1;1;1,15;1;1;TRUE;"If";2000;0,3;1000;"$\CC$"
"415";0,0288321017425635;0,129642041463197;NA;NA;NA;NA;NA;-0,133082639624251;"no $\EE$";TRUE;28;"MS";0,3;1,15;1;1;1,15;1;1;TRUE;"If";2000;0,3;1000;"$\CC$"
"416";0,0279280986418636;0,130535031397933;0,0033464392455389;-0,00431653636182017;NA;-0,0124871941198571;NA;-0,130563310205084;"S";TRUE;28;"MS";0,3;1,15;1;1;1,15;1;1;TRUE;"If";2000;0,3;1000;"$\CC$"
"417";0,0289114547274565;0,129775684039324;NA;NA;NA;-0,00849756265539447;NA;-0,131720694160962;"NS";TRUE;28;"MS";0,3;1,15;1;1;1,15;1;1;TRUE;"If";2000;0,3;1000;"$\CC$"
"418";-0,00432308415881344;0,00311859115295854;NA;NA;NA;NA;NA;0,00783473165374171;"no $\EE$";TRUE;28;"MaS";0,3;1,15;1;1;1,15;1;1;TRUE;"If";2000;0,3;1000;"$\CC$"
"419";-0,00524232912982165;0,00389891983292778;0,00373073180521666;-0,00431935373848469;NA;-0,012657254075287;NA;0,0109505463395032;"S";TRUE;28;"MaS";0,3;1,15;1;1;1,15;1;1;TRUE;"If";2000;0,3;1000;"$\CC$"
"420";-0,00431253906429816;0,00317933772970513;NA;NA;NA;-0,00846957195489806;NA;0,00975948623742617;"NS";TRUE;28;"MaS";0,3;1,15;1;1;1,15;1;1;TRUE;"If";2000;0,3;1000;"$\CC$"
"421";0,000867965335722198;0,265643151565744;NA;NA;NA;NA;NA;0,136268195499354;"no $\EE$";FALSE;29;"HWE";0,3;1;1;1,5;1,15;1;1;TRUE;"If";2000;0,3;1000;"$\EE:I_{\FF}$"
"422";0,000823767173061762;0,267949762308137;0,000763831126268322;-0,0060497456612475;NA;-0,00799789941774861;NA;0,00183760393805099;"S";FALSE;29;"HWE";0,3;1;1;1,5;1,15;1;1;TRUE;"If";2000;0,3;1000;"$\EE:I_{\FF}$"
"423";0,00102228971103502;0,265483683234776;NA;NA;NA;-0,00331421430259438;NA;-3,00318079033968e-05;"NS";FALSE;29;"HWE";0,3;1;1;1,5;1,15;1;1;TRUE;"If";2000;0,3;1000;"$\EE:I_{\FF}$"
"424";0,0346872976513803;0,12511807410805;NA;NA;NA;NA;NA;-0,0245245212803991;"no $\EE$";TRUE;29;"HWE";0,3;1;1;1,5;1,15;1;1;TRUE;"If";2000;0,3;1000;"$\EE:I_{\FF}$"
"425";0,0344815335945527;0,124992283757086;0,000180431295983219;-0,00183266725076991;NA;0,000530241968313749;NA;-0,142589665577992;"S";TRUE;29;"HWE";0,3;1;1;1,5;1,15;1;1;TRUE;"If";2000;0,3;1000;"$\EE:I_{\FF}$"
"426";0,0343574567931635;0,125417238594491;NA;NA;NA;0,000681938024162794;NA;-0,142439021445587;"NS";TRUE;29;"HWE";0,3;1;1;1,5;1,15;1;1;TRUE;"If";2000;0,3;1000;"$\EE:I_{\FF}$"
"427";0,000916686757938434;0,267223260876826;NA;NA;NA;NA;NA;0,135795700287399;"no $\EE$";FALSE;29;"MS";0,3;1;1;1,5;1,15;1;1;TRUE;"If";2000;0,3;1000;"$\EE:I_{\FF}$"
"428";0,000761016857743879;0,27121593620911;0,0007330084893995;-0,00800585695062284;NA;-0,00735002216245828;NA;0,0018508662836525;"S";FALSE;29;"MS";0,3;1;1;1,5;1,15;1;1;TRUE;"If";2000;0,3;1000;"$\EE:I_{\FF}$"
"429";0,000991568355277028;0,267855431531692;NA;NA;NA;-0,00126662426439343;NA;-0,000546633640505556;"NS";FALSE;29;"MS";0,3;1;1;1,5;1,15;1;1;TRUE;"If";2000;0,3;1000;"$\EE:I_{\FF}$"
"430";0,0347589918553604;0,125440673739735;NA;NA;NA;NA;NA;-0,0248063743236209;"no $\EE$";TRUE;29;"MS";0,3;1;1;1,5;1,15;1;1;TRUE;"If";2000;0,3;1000;"$\EE:I_{\FF}$"
"431";0,0345600024267994;0,12553211471715;0,000122775153774235;-0,00170680237000997;NA;0,000971566176770781;NA;-0,142954011560329;"S";TRUE;29;"MS";0,3;1;1;1,5;1,15;1;1;TRUE;"If";2000;0,3;1000;"$\EE:I_{\FF}$"
"432";0,0344577139223345;0,125911387149913;NA;NA;NA;0,000913713432180607;NA;-0,142820030539082;"NS";TRUE;29;"MS";0,3;1;1;1,5;1,15;1;1;TRUE;"If";2000;0,3;1000;"$\EE:I_{\FF}$"
"433";0,00336084749996912;-0,00332758900834007;NA;NA;NA;NA;NA;0,131531781910056;"no $\EE$";TRUE;29;"MaS";0,3;1;1;1,5;1,15;1;1;TRUE;"If";2000;0,3;1000;"$\EE:I_{\FF}$"
"434";0,00441602161014942;-0,00323202370200681;-0,00262046101264735;-0,00253146311296215;NA;0,0060046804551422;NA;-0,00736481908774511;"S";TRUE;29;"MaS";0,3;1;1;1,5;1,15;1;1;TRUE;"If";2000;0,3;1000;"$\EE:I_{\FF}$"
"435";0,00333892091420629;-0,0031865828240869;NA;NA;NA;0,00293419823302399;NA;-0,00604890475636843;"NS";TRUE;29;"MaS";0,3;1;1;1,5;1,15;1;1;TRUE;"If";2000;0,3;1000;"$\EE:I_{\FF}$"
"436";-0,0015481360807682;0,267577605942046;NA;NA;NA;NA;NA;0,156569328576378;"no $\EE$";FALSE;30;"HWE";0,3;1;1;1,6;1,15;1;1;TRUE;"If";2000;0,3;1000;"$\EE:I_{\FF}$"
"437";-0,0038619602048271;0,270782081324768;0,00701742187095711;-0,00682759610237693;NA;-0,0134153072330069;NA;0,000683385171757367;"S";FALSE;30;"HWE";0,3;1;1;1,6;1,15;1;1;TRUE;"If";2000;0,3;1000;"$\EE:I_{\FF}$"
"438";-0,00172189169319659;0,267857680556301;NA;NA;NA;-0,00340249079491178;NA;-0,00298522255492983;"NS";FALSE;30;"HWE";0,3;1;1;1,6;1,15;1;1;TRUE;"If";2000;0,3;1000;"$\EE:I_{\FF}$"
"439";0,0291699763436908;0,128536197522089;NA;NA;NA;NA;NA;0,00186722530133854;"no $\EE$";TRUE;30;"HWE";0,3;1;1;1,6;1,15;1;1;TRUE;"If";2000;0,3;1000;"$\EE:I_{\FF}$"
"440";0,0317534655441971;0,126310092785974;-0,0098287791736732;0,00503699216292297;NA;0,0115832792792582;NA;-0,140613745154579;"S";TRUE;30;"HWE";0,3;1;1;1,6;1,15;1;1;TRUE;"If";2000;0,3;1000;"$\EE:I_{\FF}$"
"441";0,0289624551408325;0,128673724659914;NA;NA;NA;-0,000298781431566641;NA;-0,137903798667369;"NS";TRUE;30;"HWE";0,3;1;1;1,6;1,15;1;1;TRUE;"If";2000;0,3;1000;"$\EE:I_{\FF}$"
"442";-0,00148195755894809;0,269003894541769;NA;NA;NA;NA;NA;0,15618493124513;"no $\EE$";FALSE;30;"MS";0,3;1;1;1,6;1,15;1;1;TRUE;"If";2000;0,3;1000;"$\EE:I_{\FF}$"
"443";-0,0039168086379332;0,273539631165575;0,0072642243363541;-0,00898437002326458;NA;-0,013905874182137;NA;0,000747584105907251;"S";FALSE;30;"MS";0,3;1;1;1,6;1,15;1;1;TRUE;"If";2000;0,3;1000;"$\EE:I_{\FF}$"
"444";-0,00167293406622493;0,269701900282228;NA;NA;NA;-0,00211767984666114;NA;-0,00348339602277448;"NS";FALSE;30;"MS";0,3;1;1;1,6;1,15;1;1;TRUE;"If";2000;0,3;1000;"$\EE:I_{\FF}$"
"445";0,0290571883851296;0,129063760492311;NA;NA;NA;NA;NA;0,00177062665872829;"no $\EE$";TRUE;30;"MS";0,3;1;1;1,6;1,15;1;1;TRUE;"If";2000;0,3;1000;"$\EE:I_{\FF}$"
"446";0,0316560836675968;0,127109000289018;-0,010034350261088;0,00452297790062106;NA;0,0118489453281846;NA;-0,140635543532072;"S";TRUE;30;"MS";0,3;1;1;1,6;1,15;1;1;TRUE;"If";2000;0,3;1000;"$\EE:I_{\FF}$"
"447";0,0288402744259388;0,129240379382896;NA;NA;NA;-0,000305917144466511;NA;-0,137948147260834;"NS";TRUE;30;"MS";0,3;1;1;1,6;1,15;1;1;TRUE;"If";2000;0,3;1000;"$\EE:I_{\FF}$"
"448";-0,00190939597573003;0,000335026905223357;NA;NA;NA;NA;NA;0,161285798430703;"no $\EE$";TRUE;30;"MaS";0,3;1;1;1,6;1,15;1;1;TRUE;"If";2000;0,3;1000;"$\EE:I_{\FF}$"
"449";0,00169610509442397;-0,00258216864970595;-0,0118701405715561;0,0073897545911823;NA;0,0129928574118544;NA;-0,00447951333289653;"S";TRUE;30;"MaS";0,3;1;1;1,6;1,15;1;1;TRUE;"If";2000;0,3;1000;"$\EE:I_{\FF}$"
"450";-0,00174287748808455;4,64421269334991e-05;NA;NA;NA;-0,00112898100635805;NA;-0,00050430890958475;"NS";TRUE;30;"MaS";0,3;1;1;1,6;1,15;1;1;TRUE;"If";2000;0,3;1000;"$\EE:I_{\FF}$"
"451";-0,00173123692665544;-0,209648083537739;NA;NA;NA;NA;NA;0,00454293719701053;"no $\EE$";FALSE;31;"HWE";0,3;1;1;1;0,85;1;1,2;TRUE;"If";2000;0,3;1000;"$I_{\FF}$"
"452";-0,00235307938943152;-0,210859877320065;0,00190744375500418;0,00462778438695555;NA;-0,00183731783139252;NA;0,00529332508435084;"S";FALSE;31;"HWE";0,3;1;1;1;0,85;1;1,2;TRUE;"If";2000;0,3;1000;"$I_{\FF}$"
"453";-0,00156833925649469;-0,209806128496497;NA;NA;NA;-0,0046638672998085;NA;0,00545768016645039;"NS";FALSE;31;"HWE";0,3;1;1;1;0,85;1;1,2;TRUE;"If";2000;0,3;1000;"$I_{\FF}$"
"454";-0,0274243297357918;-0,120306776312687;NA;NA;NA;NA;NA;0,151089519482271;"no $\EE$";TRUE;31;"HWE";0,3;1;1;1;0,85;1;1,2;TRUE;"If";2000;0,3;1000;"$I_{\FF}$"
"455";-0,0251703598993082;-0,120393412257412;-0,00782046113038692;-0,00361430155407061;NA;0,00927881810980558;NA;0,147303473760114;"S";TRUE;31;"HWE";0,3;1;1;1;0,85;1;1,2;TRUE;"If";2000;0,3;1000;"$I_{\FF}$"
"456";-0,0273595216617833;-0,120394197181274;NA;NA;NA;0,00207590031615523;NA;0,149563667952;"NS";TRUE;31;"HWE";0,3;1;1;1;0,85;1;1,2;TRUE;"If";2000;0,3;1000;"$I_{\FF}$"
"457";-0,00144818226505239;-0,213323738898596;NA;NA;NA;NA;NA;0,00326476390750674;"no $\EE$";FALSE;31;"MS";0,3;1;1;1;0,85;1;1,2;TRUE;"If";2000;0,3;1000;"$I_{\FF}$"
"458";-0,00201328611922902;-0,214867710344457;0,00177057028433136;0,00500196738507452;NA;-0,00102150596348483;NA;0,00378337230995562;"S";FALSE;31;"MS";0,3;1;1;1;0,85;1;1,2;TRUE;"If";2000;0,3;1000;"$I_{\FF}$"
"459";-0,00129800561224058;-0,213558883872971;NA;NA;NA;-0,00456940039817011;NA;0,00410368411912221;"NS";FALSE;31;"MS";0,3;1;1;1;0,85;1;1,2;TRUE;"If";2000;0,3;1000;"$I_{\FF}$"
"460";-0,0276132432126157;-0,120725382790586;NA;NA;NA;NA;NA;0,151720404405954;"no $\EE$";TRUE;31;"MS";0,3;1;1;1;0,85;1;1,2;TRUE;"If";2000;0,3;1000;"$I_{\FF}$"
"461";-0,0254074401251702;-0,120730040955274;-0,00765494297903468;-0,00420483546334771;NA;0,00934204200380218;NA;0,147962666904657;"S";TRUE;31;"MS";0,3;1;1;1;0,85;1;1,2;TRUE;"If";2000;0,3;1000;"$I_{\FF}$"
"462";-0,0275398593077191;-0,120832103757891;NA;NA;NA;0,00217365038544615;NA;0,150107233482564;"NS";TRUE;31;"MS";0,3;1;1;1;0,85;1;1,2;TRUE;"If";2000;0,3;1000;"$I_{\FF}$"
"463";0,00362460659687924;-0,00292059450988458;NA;NA;NA;NA;NA;0,000334058173572793;"no $\EE$";TRUE;31;"MaS";0,3;1;1;1;0,85;1;1,2;TRUE;"If";2000;0,3;1000;"$I_{\FF}$"
"464";0,0059402653037206;-0,00293194047170031;-0,00759278000622265;-0,00281803684875848;NA;0,00920030973875385;NA;-0,00289658056936333;"S";TRUE;31;"MaS";0,3;1;1;1;0,85;1;1,2;TRUE;"If";2000;0,3;1000;"$I_{\FF}$"
"465";0,00363622990558676;-0,00292617819315011;NA;NA;NA;0,000407749569799831;NA;-0,000294832645334475;"NS";TRUE;31;"MaS";0,3;1;1;1;0,85;1;1,2;TRUE;"If";2000;0,3;1000;"$I_{\FF}$"
"466";-0,00151085110969418;0,000146940885520142;NA;NA;NA;NA;NA;0,00117976805529977;"no $\EE$";FALSE;32;"HWE";0,3;1;1;1;1;1;1,2;TRUE;"If";2000;0,3;1000;"$I_{\FF}$"
"467";-0,00120493841464653;-0,000723517092000692;-0,000666424119386333;0,00261785265078651;NA;0,00260005024420762;NA;0,000397774061511499;"S";FALSE;32;"HWE";0,3;1;1;1;1;1;1,2;TRUE;"If";2000;0,3;1000;"$I_{\FF}$"
"468";-0,0013832294993803;1,94914043449845e-05;NA;NA;NA;-0,000796577778577223;NA;0,000927457653714566;"NS";FALSE;32;"HWE";0,3;1;1;1;1;1;1,2;TRUE;"If";2000;0,3;1000;"$I_{\FF}$"
"469";0,00184970776547;0,00181031404735688;NA;NA;NA;NA;NA;0,000610996155443096;"no $\EE$";TRUE;32;"HWE";0,3;1;1;1;1;1;1,2;TRUE;"If";2000;0,3;1000;"$I_{\FF}$"
"470";0,00323536176563155;0,000194681058947488;-0,00447099898179593;0,00204675116729058;NA;0,00580513350560952;NA;-0,00171308754260728;"S";TRUE;32;"HWE";0,3;1;1;1;1;1;1,2;TRUE;"If";2000;0,3;1000;"$I_{\FF}$"
"471";0,00196774831499913;0,0017626067970038;NA;NA;NA;0,000107991817806852;NA;-0,000147096149214302;"NS";TRUE;32;"HWE";0,3;1;1;1;1;1;1,2;TRUE;"If";2000;0,3;1000;"$I_{\FF}$"
"472";-0,00144864915697807;-3,57262987633611e-05;NA;NA;NA;NA;NA;0,00106515532233398;"no $\EE$";FALSE;32;"MS";0,3;1;1;1;1;1;1,2;TRUE;"If";2000;0,3;1000;"$I_{\FF}$"
"473";-0,00111710879849158;-0,000848631086665441;-0,000470724959016011;0,00209985872181395;NA;0,00232243132471699;NA;0,000310901897902135;"S";FALSE;32;"MS";0,3;1;1;1;1;1;1,2;TRUE;"If";2000;0,3;1000;"$I_{\FF}$"
"474";-0,00131649369399667;-0,000181626636070797;NA;NA;NA;-0,000647756018972823;NA;0,000763756856754042;"NS";FALSE;32;"MS";0,3;1;1;1;1;1;1,2;TRUE;"If";2000;0,3;1000;"$I_{\FF}$"
"475";0,0018611185977;0,00183227337848035;NA;NA;NA;NA;NA;0,000623074158987621;"no $\EE$";TRUE;32;"MS";0,3;1;1;1;1;1;1,2;TRUE;"If";2000;0,3;1000;"$I_{\FF}$"
"476";0,00329110048585557;0,000173477490719831;-0,00453336208196464;0,00229374583291575;NA;0,00596253069442465;NA;-0,00179159835886641;"S";TRUE;32;"MS";0,3;1;1;1;1;1;1,2;TRUE;"If";2000;0,3;1000;"$I_{\FF}$"
"477";0,00198048962583242;0,00181704358978574;NA;NA;NA;8,6528136399977e-05;NA;-0,000138420236519924;"NS";TRUE;32;"MS";0,3;1;1;1;1;1;1,2;TRUE;"If";2000;0,3;1000;"$I_{\FF}$"
"478";0,00212998928703101;0,0030546734749759;NA;NA;NA;NA;NA;-0,000396038483533682;"no $\EE$";TRUE;32;"MaS";0,3;1;1;1;1;1;1,2;TRUE;"If";2000;0,3;1000;"$I_{\FF}$"
"479";0,00351115284102299;0,00113285792480222;-0,00415655660291203;0,00404026074892738;NA;0,00488757277600249;NA;-0,00241874978689124;"S";TRUE;32;"MaS";0,3;1;1;1;1;1;1,2;TRUE;"If";2000;0,3;1000;"$I_{\FF}$"
"480";0,00214898828837451;0,00306752911812258;NA;NA;NA;6,828214951482e-05;NA;-0,000800448399655244;"NS";TRUE;32;"MaS";0,3;1;1;1;1;1;1,2;TRUE;"If";2000;0,3;1000;"$I_{\FF}$"
"481";0,00299060033617993;0,261429108785245;NA;NA;NA;NA;NA;-0,00828592643850897;"no $\EE$";FALSE;33;"HWE";0,3;1;1;1;1,15;1;1,2;TRUE;"If";2000;0,3;1000;"$I_{\FF}$"
"482";0,00336159794348112;0,260832690438969;-0,00127907741653299;0,00247426234422954;NA;0,00357897109005578;NA;-0,00917989192168289;"S";FALSE;33;"HWE";0,3;1;1;1;1,15;1;1,2;TRUE;"If";2000;0,3;1000;"$I_{\FF}$"
"483";0,00313758081703908;0,261287052724134;NA;NA;NA;-0,000166948489633501;NA;-0,00888944180196657;"NS";FALSE;33;"HWE";0,3;1;1;1;1,15;1;1,2;TRUE;"If";2000;0,3;1000;"$I_{\FF}$"
"484";0,0294462517860143;0,12948193428017;NA;NA;NA;NA;NA;-0,134782690356145;"no $\EE$";TRUE;33;"HWE";0,3;1;1;1;1,15;1;1,2;TRUE;"If";2000;0,3;1000;"$I_{\FF}$"
"485";0,0295726565637222;0,128359480900641;-0,000506503716148909;0,0012176232593335;NA;0,000325714307571223;NA;-0,135423573463342;"S";TRUE;33;"HWE";0,3;1;1;1;1,15;1;1,2;TRUE;"If";2000;0,3;1000;"$I_{\FF}$"
"486";0,029568940808238;0,129444094402823;NA;NA;NA;-0,00140184895974615;NA;-0,135276824482528;"NS";TRUE;33;"HWE";0,3;1;1;1;1,15;1;1,2;TRUE;"If";2000;0,3;1000;"$I_{\FF}$"
"487";0,00302253190188928;0,262474706244818;NA;NA;NA;NA;NA;-0,00854685522987249;"no $\EE$";FALSE;33;"MS";0,3;1;1;1;1,15;1;1,2;TRUE;"If";2000;0,3;1000;"$I_{\FF}$"
"488";0,00335500111001119;0,26186298591681;-0,00117897828053048;0,00323710623769746;NA;0,00341105607450842;NA;-0,0093460310423038;"S";FALSE;33;"MS";0,3;1;1;1;1,15;1;1,2;TRUE;"If";2000;0,3;1000;"$I_{\FF}$"
"489";0,0031990562916937;0,262467832400235;NA;NA;NA;-0,000610090102024174;NA;-0,00900726928215134;"NS";FALSE;33;"MS";0,3;1;1;1;1,15;1;1,2;TRUE;"If";2000;0,3;1000;"$I_{\FF}$"
"490";0,0294165751577353;0,129846052679027;NA;NA;NA;NA;NA;-0,134856583544369;"no $\EE$";TRUE;33;"MS";0,3;1;1;1;1,15;1;1,2;TRUE;"If";2000;0,3;1000;"$I_{\FF}$"
"491";0,0294959332685809;0,128839215395134;-0,000174714170901424;0,00112410154334808;NA;-8,43431113611848e-05;NA;-0,135406303501432;"S";TRUE;33;"MS";0,3;1;1;1;1,15;1;1,2;TRUE;"If";2000;0,3;1000;"$I_{\FF}$"
"492";0,0295421045481687;0,129847194481589;NA;NA;NA;-0,00147922616001761;NA;-0,135315785965996;"NS";TRUE;33;"MS";0,3;1;1;1;1,15;1;1,2;TRUE;"If";2000;0,3;1000;"$I_{\FF}$"
"493";-0,00199176662629219;0,000537406709009369;NA;NA;NA;NA;NA;0,00408157307013194;"no $\EE$";TRUE;33;"MaS";0,3;1;1;1;1,15;1;1,2;TRUE;"If";2000;0,3;1000;"$I_{\FF}$"
"494";-0,00180400283689441;-7,71711764405714e-05;-0,000562628268987564;0,000341757921658692;NA;0,00191623575129385;NA;0,00307143456304115;"S";TRUE;33;"MaS";0,3;1;1;1;1,15;1;1,2;TRUE;"If";2000;0,3;1000;"$I_{\FF}$"
"495";-0,00197499955677916;0,000529585194988691;NA;NA;NA;0,000986544046474691;NA;0,00324563874147921;"NS";TRUE;33;"MaS";0,3;1;1;1;1,15;1;1,2;TRUE;"If";2000;0,3;1000;"$I_{\FF}$"
"496";-0,000812460772165235;-0,204557167084762;NA;NA;NA;NA;NA;0,0105125980401439;"no $\EE$";FALSE;34;"HWE";0,3;1;1;1;0,85;1;1,4;TRUE;"If";2000;0,3;1000;"$I_{\FF}$"
"497";-0,00236091073958056;-0,20455778031018;0,00525778053659653;-0,000824170795461598;NA;-0,00320571152262561;NA;0,0116624555721237;"S";FALSE;34;"HWE";0,3;1;1;1;0,85;1;1,4;TRUE;"If";2000;0,3;1000;"$I_{\FF}$"
"498";-0,000691794188235173;-0,204680246741659;NA;NA;NA;0,000462014222196716;NA;0,0100441150605022;"NS";FALSE;34;"HWE";0,3;1;1;1;0,85;1;1,4;TRUE;"If";2000;0,3;1000;"$I_{\FF}$"
"499";-0,0285604043183076;-0,120186777214018;NA;NA;NA;NA;NA;0,144025017962494;"no $\EE$";TRUE;34;"HWE";0,3;1;1;1;0,85;1;1,4;TRUE;"If";2000;0,3;1000;"$I_{\FF}$"
"500";-0,030151278395516;-0,120772328151757;0,00639548414166002;-0,00208529797603096;NA;-0,00923596304547258;NA;0,146475980847374;"S";TRUE;34;"HWE";0,3;1;1;1;0,85;1;1,4;TRUE;"If";2000;0,3;1000;"$I_{\FF}$"
"501";-0,0282760765774313;-0,120362072572537;NA;NA;NA;-0,00314603123698709;NA;0,144251221334641;"NS";TRUE;34;"HWE";0,3;1;1;1;0,85;1;1,4;TRUE;"If";2000;0,3;1000;"$I_{\FF}$"
"502";-4,44448408587483e-06;-0,210265717054896;NA;NA;NA;NA;NA;0,0073170666761018;"no $\EE$";FALSE;34;"MS";0,3;1;1;1;0,85;1;1,4;TRUE;"If";2000;0,3;1000;"$I_{\FF}$"
"503";-0,00155852165817638;-0,210198955856094;0,00532618934590245;-0,00203929661331126;NA;-0,00294173639971751;NA;0,00849488043064538;"S";FALSE;34;"MS";0,3;1;1;1;0,85;1;1,4;TRUE;"If";2000;0,3;1000;"$I_{\FF}$"
"504";0,000106839384254931;-0,210441083017707;NA;NA;NA;0,00119806462056604;NA;0,00661136372558808;"NS";FALSE;34;"MS";0,3;1;1;1;0,85;1;1,4;TRUE;"If";2000;0,3;1000;"$I_{\FF}$"
"505";-0,028705729866786;-0,120683861525692;NA;NA;NA;NA;NA;0,144707192948322;"no $\EE$";TRUE;34;"MS";0,3;1;1;1;0,85;1;1,4;TRUE;"If";2000;0,3;1000;"$I_{\FF}$"
"506";-0,0302087035599009;-0,121216507290864;0,00604125530612554;-0,00247510724033173;NA;-0,00910702386315299;NA;0,147177649667782;"S";TRUE;34;"MS";0,3;1;1;1;0,85;1;1,4;TRUE;"If";2000;0,3;1000;"$I_{\FF}$"
"507";-0,028416189580651;-0,12087052395193;NA;NA;NA;-0,00323442581296407;NA;0,144931067518607;"NS";TRUE;34;"MS";0,3;1;1;1;0,85;1;1,4;TRUE;"If";2000;0,3;1000;"$I_{\FF}$"
"508";0,00277076156438172;-0,00334797340492821;NA;NA;NA;NA;NA;-0,00647398647249117;"no $\EE$";TRUE;34;"MaS";0,3;1;1;1;0,85;1;1,4;TRUE;"If";2000;0,3;1000;"$I_{\FF}$"
"509";0,00152666306604776;-0,00314522190345756;0,00562191607253837;-0,00386192818026276;NA;-0,00660556380572874;NA;-0,00525148734727706;"S";TRUE;34;"MaS";0,3;1;1;1;0,85;1;1,4;TRUE;"If";2000;0,3;1000;"$I_{\FF}$"
"510";0,00295347426095915;-0,00340857101195313;NA;NA;NA;2,8510947333249e-05;NA;-0,00692856281658779;"NS";TRUE;34;"MaS";0,3;1;1;1;0,85;1;1,4;TRUE;"If";2000;0,3;1000;"$I_{\FF}$"
"511";0,00161515564950365;-0,00117278921984387;NA;NA;NA;NA;NA;-0,00180491511680853;"no $\EE$";FALSE;35;"HWE";0,3;1;1;1;1;1;1,4;TRUE;"If";2000;0,3;1000;"$I_{\FF}$"
"512";0,00246960469206359;-0,00248728659385533;-0,0029970942482177;0,00476366993814459;NA;0,00209007916551118;NA;-0,00211060265369466;"S";FALSE;35;"HWE";0,3;1;1;1;1;1;1,4;TRUE;"If";2000;0,3;1000;"$I_{\FF}$"
"513";0,00171832684780848;-0,00127609334546508;NA;NA;NA;-0,00469373383194649;NA;-0,000807714829818483;"NS";FALSE;35;"HWE";0,3;1;1;1;1;1;1,4;TRUE;"If";2000;0,3;1000;"$I_{\FF}$"
"514";-0,000345501195234577;-0,00105744402994101;NA;NA;NA;NA;NA;0,000500956007715317;"no $\EE$";TRUE;35;"HWE";0,3;1;1;1;1;1;1,4;TRUE;"If";2000;0,3;1000;"$I_{\FF}$"
"515";-0,000260645082680755;-0,00121630399033223;-0,00023125509576416;-0,00276616443135158;NA;0,000317103015922804;NA;-9,24992861664872e-05;"S";TRUE;35;"HWE";0,3;1;1;1;1;1;1,4;TRUE;"If";2000;0,3;1000;"$I_{\FF}$"
"516";-0,000219865750524018;-0,00112651130462293;NA;NA;NA;0,000386401149911064;NA;-0,000250809597488466;"NS";TRUE;35;"HWE";0,3;1;1;1;1;1;1,4;TRUE;"If";2000;0,3;1000;"$I_{\FF}$"
"517";0,00153375402376499;-0,000880611588227276;NA;NA;NA;NA;NA;-0,00120511972084387;"no $\EE$";FALSE;35;"MS";0,3;1;1;1;1;1;1,4;TRUE;"If";2000;0,3;1000;"$I_{\FF}$"
"518";0,00245714317277956;-0,00245740139683581;-0,00307995238273739;0,00513367827622724;NA;0,0027094457305028;NA;-0,00170508991466375;"S";FALSE;35;"MS";0,3;1;1;1;1;1;1,4;TRUE;"If";2000;0,3;1000;"$I_{\FF}$"
"519";0,00166664200858402;-0,00106794411243827;NA;NA;NA;-0,00466578120174521;NA;-0,000313281897251771;"NS";FALSE;35;"MS";0,3;1;1;1;1;1;1,4;TRUE;"If";2000;0,3;1000;"$I_{\FF}$"
"520";-0,000297781326607627;-0,0010439769056183;NA;NA;NA;NA;NA;0,000498148876886738;"no $\EE$";TRUE;35;"MS";0,3;1;1;1;1;1;1,4;TRUE;"If";2000;0,3;1000;"$I_{\FF}$"
"521";-0,000215381740171217;-0,001259334675065;-6,94036203788828e-05;-0,00259140385591961;NA;0,000269650388241782;NA;-5,73053352962269e-05;"S";TRUE;35;"MS";0,3;1;1;1;1;1;1,4;TRUE;"If";2000;0,3;1000;"$I_{\FF}$"
"522";-0,000167988497829397;-0,00107905558253041;NA;NA;NA;0,000308260335786015;NA;-0,000232956686371403;"NS";TRUE;35;"MS";0,3;1;1;1;1;1;1,4;TRUE;"If";2000;0,3;1000;"$I_{\FF}$"
"523";-7,35852337981902e-05;-0,000190855691018621;NA;NA;NA;NA;NA;-0,000149841717688646;"no $\EE$";TRUE;35;"MaS";0,3;1;1;1;1;1;1,4;TRUE;"If";2000;0,3;1000;"$I_{\FF}$"
"524";0,000298857382028839;0,000445949303593984;-0,000737885305896802;-0,0043874124694101;NA;0,0035171468607671;NA;-0,00168283771350744;"S";TRUE;35;"MaS";0,3;1;1;1;1;1;1,4;TRUE;"If";2000;0,3;1000;"$I_{\FF}$"
"525";-1,21383194338076e-05;-0,000179463204399655;NA;NA;NA;0,00269641652410568;NA;-0,00129973172426959;"NS";TRUE;35;"MaS";0,3;1;1;1;1;1;1,4;TRUE;"If";2000;0,3;1000;"$I_{\FF}$"
"526";0,00120353082346858;0,264576898813082;NA;NA;NA;NA;NA;-0,00530903010099123;"no $\EE$";FALSE;36;"HWE";0,3;1;1;1;1,15;1;1,4;TRUE;"If";2000;0,3;1000;"$I_{\FF}$"
"527";0,00368171720887966;0,261859355560546;-0,00843565089900344;0,00797123274314004;NA;0,007927520029271;NA;-0,00733127472165664;"S";FALSE;36;"HWE";0,3;1;1;1;1,15;1;1,4;TRUE;"If";2000;0,3;1000;"$I_{\FF}$"
"528";0,00134220580541156;0,264443633694296;NA;NA;NA;-0,00579485561734638;NA;-0,00407271560197106;"NS";FALSE;36;"HWE";0,3;1;1;1;1,15;1;1,4;TRUE;"If";2000;0,3;1000;"$I_{\FF}$"
"529";0,0300810807930256;0,130480943440804;NA;NA;NA;NA;NA;-0,137409712306224;"no $\EE$";TRUE;36;"HWE";0,3;1;1;1;1,15;1;1,4;TRUE;"If";2000;0,3;1000;"$I_{\FF}$"
"530";0,0290410706472086;0,13105344338825;0,00282018308376419;-0,00403705288999001;NA;-0,00972612579475218;NA;-0,135249383309152;"S";TRUE;36;"HWE";0,3;1;1;1;1,15;1;1,4;TRUE;"If";2000;0,3;1000;"$I_{\FF}$"
"531";0,0301540511345995;0,130476721098505;NA;NA;NA;-0,00637784041723044;NA;-0,136399920245644;"NS";TRUE;36;"HWE";0,3;1;1;1;1,15;1;1,4;TRUE;"If";2000;0,3;1000;"$I_{\FF}$"
"532";0,00130993493055165;0,264854671518619;NA;NA;NA;NA;NA;-0,00572226039188733;"no $\EE$";FALSE;36;"MS";0,3;1;1;1;1,15;1;1,4;TRUE;"If";2000;0,3;1000;"$I_{\FF}$"
"533";0,00371061545797646;0,262201401688751;-0,00814971286315158;0,00830551326360429;NA;0,00754112898860826;NA;-0,00755797593611821;"S";FALSE;36;"MS";0,3;1;1;1;1,15;1;1,4;TRUE;"If";2000;0,3;1000;"$I_{\FF}$"
"534";0,00147896589412766;0,264798521965045;NA;NA;NA;-0,00602702472401806;NA;-0,00439873574302847;"NS";FALSE;36;"MS";0,3;1;1;1;1,15;1;1,4;TRUE;"If";2000;0,3;1000;"$I_{\FF}$"
"535";0,0299999591922799;0,13080755146012;NA;NA;NA;NA;NA;-0,137358297899413;"no $\EE$";TRUE;36;"MS";0,3;1;1;1;1,15;1;1,4;TRUE;"If";2000;0,3;1000;"$I_{\FF}$"
"536";0,0289480323393254;0,13140061921195;0,00292550087104448;-0,00382998084407271;NA;-0,0097156471407196;NA;-0,135193722695081;"S";TRUE;36;"MS";0,3;1;1;1;1,15;1;1,4;TRUE;"If";2000;0,3;1000;"$I_{\FF}$"
"537";0,0300818553333133;0,130885685111169;NA;NA;NA;-0,00631559318806529;NA;-0,136365901681588;"NS";TRUE;36;"MS";0,3;1;1;1;1,15;1;1,4;TRUE;"If";2000;0,3;1000;"$I_{\FF}$"
"538";-0,00231344388387045;0,00232889713760676;NA;NA;NA;NA;NA;0,00180197049278963;"no $\EE$";TRUE;36;"MaS";0,3;1;1;1;1,15;1;1,4;TRUE;"If";2000;0,3;1000;"$I_{\FF}$"
"539";-0,00342895114548536;0,00255676659834703;0,00316983452238762;-0,00245460198169334;NA;-0,0109644332448223;NA;0,00493475208395029;"S";TRUE;36;"MaS";0,3;1;1;1;1,15;1;1,4;TRUE;"If";2000;0,3;1000;"$I_{\FF}$"
"540";-0,00231976448280857;0,00235697178661409;NA;NA;NA;-0,00724687883643282;NA;0,0036265247838631;"NS";TRUE;36;"MaS";0,3;1;1;1;1,15;1;1,4;TRUE;"If";2000;0,3;1000;"$I_{\FF}$"
"541";-0,00281305239420637;-0,213345327896877;NA;NA;NA;NA;0,00344611495410385;NA;"no $\EE$";FALSE;37;"HWE";0,3;1;1;1;0,85;1;1;TRUE;"Im";2000;0,5;1000;"None"
"542";-0,00292056100057625;-0,213651309294071;7,83328659033078e-05;0,000239956339352032;-0,00252250122972031;NA;0,00479219647321472;NA;"S";FALSE;37;"HWE";0,3;1;1;1;0,85;1;1;TRUE;"Im";2000;0,5;1000;"None"
"543";-0,00269957356215234;-0,213281398310586;NA;NA;-0,00228286749433015;NA;0,00382986364968008;NA;"NS";FALSE;37;"HWE";0,3;1;1;1;0,85;1;1;TRUE;"Im";2000;0,5;1000;"None"
"544";0,112443706681514;-0,120788461406418;NA;NA;NA;NA;-0,128776616550437;NA;"no $\EE$";TRUE;37;"HWE";0,3;1;1;1;0,85;1;1;TRUE;"Im";2000;0,5;1000;"None"
"545";0,104423016090311;-0,123303698047276;0,0132760822820652;0,00342022047761259;-0,0220816995544135;NA;-0,118548270812726;NA;"S";TRUE;37;"HWE";0,3;1;1;1;0,85;1;1;TRUE;"Im";2000;0,5;1000;"None"
"546";0,11247268840681;-0,120793224679404;NA;NA;-0,00620654007970978;NA;-0,12721465100867;NA;"NS";TRUE;37;"HWE";0,3;1;1;1;0,85;1;1;TRUE;"Im";2000;0,5;1000;"None"
"547";-0,00270673703331903;-0,21514548290043;NA;NA;NA;NA;0,00321621470388544;NA;"no $\EE$";FALSE;37;"MS";0,3;1;1;1;0,85;1;1;TRUE;"Im";2000;0,5;1000;"None"
"548";-0,00270798165934349;-0,215554098768748;-3,18964950287715e-05;0,000128078398988984;-0,00224763435805775;NA;0,0043032842084807;NA;"S";FALSE;37;"MS";0,3;1;1;1;0,85;1;1;TRUE;"Im";2000;0,5;1000;"None"
"549";-0,00255974992253916;-0,215138955244026;NA;NA;-0,00218325887936821;NA;0,00353035049629891;NA;"NS";FALSE;37;"MS";0,3;1;1;1;0,85;1;1;TRUE;"Im";2000;0,5;1000;"None"
"550";0,112664498781365;-0,121233922573067;NA;NA;NA;NA;-0,128990165880837;NA;"no $\EE$";TRUE;37;"MS";0,3;1;1;1;0,85;1;1;TRUE;"Im";2000;0,5;1000;"None"
"551";0,104618224112226;-0,12382582159438;0,0133557667487119;0,00344185156299237;-0,0222674233781531;NA;-0,118709385829744;NA;"S";TRUE;37;"MS";0,3;1;1;1;0,85;1;1;TRUE;"Im";2000;0,5;1000;"None"
"552";0,112693722058394;-0,121288910227424;NA;NA;-0,00621155584708633;NA;-0,127382149621489;NA;"NS";TRUE;37;"MS";0,3;1;1;1;0,85;1;1;TRUE;"Im";2000;0,5;1000;"None"
"553";-0,0024759539429744;-0,00186449426586544;NA;NA;NA;NA;0,00225167616681499;NA;"no $\EE$";TRUE;37;"MaS";0,3;1;1;1;0,85;1;1;TRUE;"Im";2000;0,5;1000;"None"
"554";-0,00863716693615757;-0,00567187085313858;0,0113548241218202;0,0061209368404167;-0,019894010316994;NA;0,0128709304134491;NA;"S";TRUE;37;"MaS";0,3;1;1;1;0,85;1;1;TRUE;"Im";2000;0,5;1000;"None"
"555";-0,00247766280894113;-0,00192804247029732;NA;NA;-0,00220048894314506;NA;0,00246384926203858;NA;"NS";TRUE;37;"MaS";0,3;1;1;1;0,85;1;1;TRUE;"Im";2000;0,5;1000;"None"
"556";0,00452842349440174;-0,205959351265042;NA;NA;NA;NA;-0,00869498655886081;NA;"no $\EE$";FALSE;38;"HWE";0,3;1,15;1;1;0,85;1;1;TRUE;"Im";2000;0,5;1000;"$\CC$"
"557";0,00785292089641128;-0,203348059153904;-0,00623546704509925;-0,00683265322773885;0,0123065225174435;NA;-0,0148179433179625;NA;"S";FALSE;38;"HWE";0,3;1,15;1;1;0,85;1;1;TRUE;"Im";2000;0,5;1000;"$\CC$"
"558";0,0046994670310712;-0,205868865403336;NA;NA;0,00196418010801236;NA;-0,0103388222864232;NA;"NS";FALSE;38;"HWE";0,3;1,15;1;1;0,85;1;1;TRUE;"Im";2000;0,5;1000;"$\CC$"
"559";0,113643642047405;-0,116715054275064;NA;NA;NA;NA;-0,132194234098047;NA;"no $\EE$";TRUE;38;"HWE";0,3;1,15;1;1;0,85;1;1;TRUE;"Im";2000;0,5;1000;"$\CC$"
"560";0,113407921540972;-0,12106249475334;-0,000535459519886206;0,00762928823465492;-0,00809134582381532;NA;-0,128101151861789;NA;"S";TRUE;38;"HWE";0,3;1,15;1;1;0,85;1;1;TRUE;"Im";2000;0,5;1000;"$\CC$"
"561";0,113787775770995;-0,116639026435549;NA;NA;-0,00102187834636192;NA;-0,132805687790805;NA;"NS";TRUE;38;"HWE";0,3;1,15;1;1;0,85;1;1;TRUE;"Im";2000;0,5;1000;"$\CC$"
"562";0,00428400046705104;-0,207613393272614;NA;NA;NA;NA;-0,00865888441310636;NA;"no $\EE$";FALSE;38;"MS";0,3;1,15;1;1;0,85;1;1;TRUE;"Im";2000;0,5;1000;"$\CC$"
"563";0,00780992794990597;-0,205142279227999;-0,00641080512666747;-0,00677008927043266;0,0123103747231592;NA;-0,0148752617285498;NA;"S";FALSE;38;"MS";0,3;1,15;1;1;0,85;1;1;TRUE;"Im";2000;0,5;1000;"$\CC$"
"564";0,0044759716967763;-0,207588315763876;NA;NA;0,00191315043569906;NA;-0,0102691083911191;NA;"NS";FALSE;38;"MS";0,3;1,15;1;1;0,85;1;1;TRUE;"Im";2000;0,5;1000;"$\CC$"
"565";0,113880150250606;-0,117023133152915;NA;NA;NA;NA;-0,132471947420014;NA;"no $\EE$";TRUE;38;"MS";0,3;1,15;1;1;0,85;1;1;TRUE;"Im";2000;0,5;1000;"$\CC$"
"566";0,113767755974062;-0,121458272146683;-0,000576537158289536;0,00761095402938183;-0,00768615226653524;NA;-0,12859072573794;NA;"S";TRUE;38;"MS";0,3;1,15;1;1;0,85;1;1;TRUE;"Im";2000;0,5;1000;"$\CC$"
"567";0,114069772029457;-0,117016803741707;NA;NA;-0,000715900337809328;NA;-0,133186913953722;NA;"NS";TRUE;38;"MS";0,3;1,15;1;1;0,85;1;1;TRUE;"Im";2000;0,5;1000;"$\CC$"
"568";-0,00349883786560525;-0,000156767022061133;NA;NA;NA;NA;0,00359831667060839;NA;"no $\EE$";TRUE;38;"MaS";0,3;1,15;1;1;0,85;1;1;TRUE;"Im";2000;0,5;1000;"$\CC$"
"569";-0,00335024301164813;-0,00457172607792899;-0,000884944715886293;0,00732048090810067;-0,0069809203328598;NA;0,00772452927411527;NA;"S";TRUE;38;"MaS";0,3;1,15;1;1;0,85;1;1;TRUE;"Im";2000;0,5;1000;"$\CC$"
"570";-0,00332780188768323;-8,92164355539293e-05;NA;NA;-0,0021290675592559;NA;0,00369802609924874;NA;"NS";TRUE;38;"MaS";0,3;1,15;1;1;0,85;1;1;TRUE;"Im";2000;0,5;1000;"$\CC$"
"571";0,00363073959120763;-0,207719905259859;NA;NA;NA;NA;0,223446087757676;NA;"no $\EE$";FALSE;39;"HWE";0,3;1;1;1,5;0,85;1;1;TRUE;"Im";2000;0,5;1000;"$\EE:I_{\MM}$"
"572";0,00486097964877241;-0,208021471803205;-0,00320173306855764;-0,000335678563406328;-0,000621292352513218;NA;-0,00726323118298411;NA;"S";FALSE;39;"HWE";0,3;1;1;1,5;0,85;1;1;TRUE;"Im";2000;0,5;1000;"$\EE:I_{\MM}$"
"573";0,00359624260078872;-0,207781975230832;NA;NA;-0,00336172117154865;NA;-0,00700809616024112;NA;"NS";FALSE;39;"HWE";0,3;1;1;1,5;0,85;1;1;TRUE;"Im";2000;0,5;1000;"$\EE:I_{\MM}$"
"574";0,11746761059175;-0,117119412161872;NA;NA;NA;NA;0,0666693856393537;NA;"no $\EE$";TRUE;39;"HWE";0,3;1;1;1,5;0,85;1;1;TRUE;"Im";2000;0,5;1000;"$\EE:I_{\MM}$"
"575";0,113226714243666;-0,122143182834719;0,00556216028859891;0,00850228258892605;-0,0136871930666841;NA;-0,127975194395877;NA;"S";TRUE;39;"HWE";0,3;1;1;1,5;0,85;1;1;TRUE;"Im";2000;0,5;1000;"$\EE:I_{\MM}$"
"576";0,117172219584964;-0,11740380053771;NA;NA;-0,000229682066131017;NA;-0,135551151474537;NA;"NS";TRUE;39;"HWE";0,3;1;1;1,5;0,85;1;1;TRUE;"Im";2000;0,5;1000;"$\EE:I_{\MM}$"
"577";0,00387310899857685;-0,208176197379657;NA;NA;NA;NA;0,222298933487646;NA;"no $\EE$";FALSE;39;"MS";0,3;1;1;1,5;0,85;1;1;TRUE;"Im";2000;0,5;1000;"$\EE:I_{\MM}$"
"578";0,00487864070787647;-0,2101130427196;-0,00274578796125646;0,00266812373846959;-0,00177017127497351;NA;-0,00729668498222324;NA;"S";FALSE;39;"MS";0,3;1;1;1,5;0,85;1;1;TRUE;"Im";2000;0,5;1000;"$\EE:I_{\MM}$"
"579";0,00376026306578403;-0,208654330722775;NA;NA;-0,0018961867565365;NA;-0,0081967896518218;NA;"NS";FALSE;39;"MS";0,3;1;1;1,5;0,85;1;1;TRUE;"Im";2000;0,5;1000;"$\EE:I_{\MM}$"
"580";0,117520224735234;-0,117233253474039;NA;NA;NA;NA;0,066475758631219;NA;"no $\EE$";TRUE;39;"MS";0,3;1;1;1,5;0,85;1;1;TRUE;"Im";2000;0,5;1000;"$\EE:I_{\MM}$"
"581";0,113348950861041;-0,122468583427556;0,00518736185989632;0,00897025588698486;-0,0134888381188688;NA;-0,128104196553696;NA;"S";TRUE;39;"MS";0,3;1;1;1,5;0,85;1;1;TRUE;"Im";2000;0,5;1000;"$\EE:I_{\MM}$"
"582";0,117093189819105;-0,117539219098;NA;NA;6,32189626645167e-05;NA;-0,135688447555609;NA;"NS";TRUE;39;"MS";0,3;1;1;1,5;0,85;1;1;TRUE;"Im";2000;0,5;1000;"$\EE:I_{\MM}$"
"583";0,000361483341011937;-0,00163991929445084;NA;NA;NA;NA;0,233227537193268;NA;"no $\EE$";TRUE;39;"MaS";0,3;1;1;1,5;0,85;1;1;TRUE;"Im";2000;0,5;1000;"$\EE:I_{\MM}$"
"584";-0,00122637820162075;-0,00336298689708681;0,00148833476993704;0,00191127961403326;-0,00271918479756487;NA;0,00233940450405012;NA;"S";TRUE;39;"MaS";0,3;1;1;1,5;0,85;1;1;TRUE;"Im";2000;0,5;1000;"$\EE:I_{\MM}$"
"585";0,000215644701924367;-0,0016809722942861;NA;NA;0,000259658963712273;NA;-0,000886431917455854;NA;"NS";TRUE;39;"MaS";0,3;1;1;1,5;0,85;1;1;TRUE;"Im";2000;0,5;1000;"$\EE:I_{\MM}$"
"586";-0,000933835621618528;-0,210961403170444;NA;NA;NA;NA;0,277612713844702;NA;"no $\EE$";FALSE;40;"HWE";0,3;1;1;1,6;0,85;1;1;TRUE;"Im";2000;0,5;1000;"$\EE:I_{\MM}$"
"587";-0,00367001976485948;-0,215128283824079;0,00537600929299198;0,010073576769603;-0,0150918082754696;NA;0,00855354873546732;NA;"S";FALSE;40;"HWE";0,3;1;1;1,6;0,85;1;1;TRUE;"Im";2000;0,5;1000;"$\EE:I_{\MM}$"
"588";-0,000885474792203245;-0,210954709518475;NA;NA;-0,00310268162948338;NA;0,00169058077921402;NA;"NS";FALSE;40;"HWE";0,3;1;1;1,6;0,85;1;1;TRUE;"Im";2000;0,5;1000;"$\EE:I_{\MM}$"
"589";0,117299202233841;-0,115295495525507;NA;NA;NA;NA;0,103569726365435;NA;"no $\EE$";TRUE;40;"HWE";0,3;1;1;1,6;0,85;1;1;TRUE;"Im";2000;0,5;1000;"$\EE:I_{\MM}$"
"590";0,116521396057384;-0,116170448543078;-0,000150666166175761;-0,000723540563820957;0,00141419608430893;NA;-0,135557611249007;NA;"S";TRUE;40;"HWE";0,3;1;1;1,6;0,85;1;1;TRUE;"Im";2000;0,5;1000;"$\EE:I_{\MM}$"
"591";0,117174180881248;-0,115435821444185;NA;NA;0,000649086296120316;NA;-0,136875056508868;NA;"NS";TRUE;40;"HWE";0,3;1;1;1,6;0,85;1;1;TRUE;"Im";2000;0,5;1000;"$\EE:I_{\MM}$"
"592";-0,000778817501661644;-0,21138066498631;NA;NA;NA;NA;0,276749104942303;NA;"no $\EE$";FALSE;40;"MS";0,3;1;1;1,6;0,85;1;1;TRUE;"Im";2000;0,5;1000;"$\EE:I_{\MM}$"
"593";-0,00355469529713803;-0,217193040389927;0,00542754507647314;0,0130339025113133;-0,0153713692953646;NA;0,00833224060644588;NA;"S";FALSE;40;"MS";0,3;1;1;1,6;0,85;1;1;TRUE;"Im";2000;0,5;1000;"$\EE:I_{\MM}$"
"594";-0,000771314584641303;-0,211827845355149;NA;NA;-0,00130428860965801;NA;0,00046071847108542;NA;"NS";FALSE;40;"MS";0,3;1;1;1,6;0,85;1;1;TRUE;"Im";2000;0,5;1000;"$\EE:I_{\MM}$"
"595";0,117349540724544;-0,115364951288928;NA;NA;NA;NA;0,10339774462978;NA;"no $\EE$";TRUE;40;"MS";0,3;1;1;1,6;0,85;1;1;TRUE;"Im";2000;0,5;1000;"$\EE:I_{\MM}$"
"596";0,116727735563776;-0,11661179839864;-0,000515348048269582;-0,000326348810772426;0,00201474730971735;NA;-0,135747557152531;NA;"S";TRUE;40;"MS";0,3;1;1;1,6;0,85;1;1;TRUE;"Im";2000;0,5;1000;"$\EE:I_{\MM}$"
"597";0,117216434904741;-0,115666234452922;NA;NA;0,00107866528723716;NA;-0,137036668302354;NA;"NS";TRUE;40;"MS";0,3;1;1;1,6;0,85;1;1;TRUE;"Im";2000;0,5;1000;"$\EE:I_{\MM}$"
"598";-0,000794911413553256;0,000791161759007064;NA;NA;NA;NA;0,278432818439692;NA;"no $\EE$";TRUE;40;"MaS";0,3;1;1;1,6;0,85;1;1;TRUE;"Im";2000;0,5;1000;"$\EE:I_{\MM}$"
"599";0,000559171326394825;0,00405782158555867;-0,00361728698279418;-0,00814006651650023;0,0124398284542415;NA;-0,00434857271045164;NA;"S";TRUE;40;"MaS";0,3;1;1;1,6;0,85;1;1;TRUE;"Im";2000;0,5;1000;"$\EE:I_{\MM}$"
"600";-0,000616055011192995;0,000816147140402013;NA;NA;0,00146311813497516;NA;-0,000664906171005897;NA;"NS";TRUE;40;"MaS";0,3;1;1;1,6;0,85;1;1;TRUE;"Im";2000;0,5;1000;"$\EE:I_{\MM}$"
"601";0,00118343373729335;-0,000127731841179646;NA;NA;NA;NA;-0,000603767279593104;NA;"no $\EE$";FALSE;41;"HWE";0,3;1;1;1;1;1;1;TRUE;"Im";2000;0,5;1000;"None"
"602";-0,00025631997351605;-0,00198425529246049;0,00300080529224034;0,00382508126387626;-0,00681001760088329;NA;0,0026770042086619;NA;"S";FALSE;41;"HWE";0,3;1;1;1;1;1;1;TRUE;"Im";2000;0,5;1000;"None"
"603";0,0013720007693192;5,9720698236676e-05;NA;NA;-0,00144668234907497;NA;-0,000670160817883958;NA;"NS";FALSE;41;"HWE";0,3;1;1;1;1;1;1;TRUE;"Im";2000;0,5;1000;"None"
"604";0,0015553455487447;-0,000266432131549865;NA;NA;NA;NA;-0,00159927926990711;NA;"no $\EE$";TRUE;41;"HWE";0,3;1;1;1;1;1;1;TRUE;"Im";2000;0,5;1000;"None"
"605";0,00171745818986713;-0,00618063034010408;-0,0020340864364371;0,0101562622428666;-0,0135378026233921;NA;0,00594172711028351;NA;"S";TRUE;41;"HWE";0,3;1;1;1;1;1;1;TRUE;"Im";2000;0,5;1000;"None"
"606";0,00158354202632149;-0,000239243394805189;NA;NA;-0,00576202267988279;NA;0,000193396890112885;NA;"NS";TRUE;41;"HWE";0,3;1;1;1;1;1;1;TRUE;"Im";2000;0,5;1000;"None"
"607";0,00119601228003963;-8,65827023931454e-05;NA;NA;NA;NA;-0,000625015272219476;NA;"no $\EE$";FALSE;41;"MS";0,3;1;1;1;1;1;1;TRUE;"Im";2000;0,5;1000;"None"
"608";-0,000231916126505971;-0,00192680866336103;0,00294865199852379;0,00382766346277408;-0,00677765579237477;NA;0,00264319581068984;NA;"S";FALSE;41;"MS";0,3;1;1;1;1;1;1;TRUE;"Im";2000;0,5;1000;"None"
"609";0,0013781328867295;0,000107077484106544;NA;NA;-0,00153387252500825;NA;-0,000617609929532525;NA;"NS";FALSE;41;"MS";0,3;1;1;1;1;1;1;TRUE;"Im";2000;0,5;1000;"None"
"610";0,00156995677434457;-0,000219128721235196;NA;NA;NA;NA;-0,0016430755003165;NA;"no $\EE$";TRUE;41;"MS";0,3;1;1;1;1;1;1;TRUE;"Im";2000;0,5;1000;"None"
"611";0,00174181826920283;-0,00623158374200483;-0,00205138648572767;0,0102587124801234;-0,0136804837625166;NA;0,0059825330432548;NA;"S";TRUE;41;"MS";0,3;1;1;1;1;1;1;TRUE;"Im";2000;0,5;1000;"None"
"612";0,00161136032259113;-0,000233242926208854;NA;NA;-0,00582600516451981;NA;0,000207969282550513;NA;"NS";TRUE;41;"MS";0,3;1;1;1;1;1;1;TRUE;"Im";2000;0,5;1000;"None"
"613";0,00263058588840237;-0,000927426070750803;NA;NA;NA;NA;-0,00296476743494933;NA;"no $\EE$";TRUE;41;"MaS";0,3;1;1;1;1;1;1;TRUE;"Im";2000;0,5;1000;"None"
"614";0,00294234801065096;-0,00664617353204278;-0,00197420333813203;0,0101469383807338;-0,0137358375605316;NA;0,00443653649735554;NA;"S";TRUE;41;"MaS";0,3;1;1;1;1;1;1;TRUE;"Im";2000;0,5;1000;"None"
"615";0,00265462111547232;-0,00100443529913186;NA;NA;-0,00834043121829398;NA;0,000420399364887025;NA;"NS";TRUE;41;"MaS";0,3;1;1;1;1;1;1;TRUE;"Im";2000;0,5;1000;"None"
"616";-0,000602106853290545;-0,00100566493569876;NA;NA;NA;NA;0,00187199640765434;NA;"no $\EE$";FALSE;42;"HWE";0,3;1,15;1;1;1;1;1;TRUE;"Im";2000;0,5;1000;"$\CC$"
"617";9,92703683193983e-05;-0,00341384076526119;-0,000818688038450976;0,00509453772998558;-0,00352529053951023;NA;0,00337507576057727;NA;"S";FALSE;42;"HWE";0,3;1,15;1;1;1;1;1;TRUE;"Im";2000;0,5;1000;"$\CC$"
"618";-0,000408205319352778;-0,000831847944276931;NA;NA;-0,000197746316073388;NA;0,00138276691571204;NA;"NS";FALSE;42;"HWE";0,3;1,15;1;1;1;1;1;TRUE;"Im";2000;0,5;1000;"$\CC$"
"619";0,00130296140312912;2,08095524831808e-05;NA;NA;NA;NA;-0,00503674325801096;NA;"no $\EE$";TRUE;42;"HWE";0,3;1,15;1;1;1;1;1;TRUE;"Im";2000;0,5;1000;"$\CC$"
"620";-0,00137769804535533;0,0027037179196252;0,00444078148592952;-0,00693624488332845;-0,000384204114977971;NA;-0,00431012038290512;NA;"S";TRUE;42;"HWE";0,3;1,15;1;1;1;1;1;TRUE;"Im";2000;0,5;1000;"$\CC$"
"621";0,00142358384672972;0,00012158261478934;NA;NA;-0,00293277868122466;NA;-0,00454495728588566;NA;"NS";TRUE;42;"HWE";0,3;1,15;1;1;1;1;1;TRUE;"Im";2000;0,5;1000;"$\CC$"
"622";-0,000568121997733962;-0,00104844285494865;NA;NA;NA;NA;0,0018760205788062;NA;"no $\EE$";FALSE;42;"MS";0,3;1,15;1;1;1;1;1;TRUE;"Im";2000;0,5;1000;"$\CC$"
"623";-4,69600278910197e-05;-0,00358014096622739;-0,000488004284245891;0,00529741334833433;-0,00385118624199465;NA;0,00365103308714354;NA;"S";FALSE;42;"MS";0,3;1,15;1;1;1;1;1;TRUE;"Im";2000;0,5;1000;"$\CC$"
"624";-0,000384033560756722;-0,000879631494310473;NA;NA;-5,55431531492623e-05;NA;0,00134884816186687;NA;"NS";FALSE;42;"MS";0,3;1,15;1;1;1;1;1;TRUE;"Im";2000;0,5;1000;"$\CC$"
"625";0,00138847440569757;0,000172209890914932;NA;NA;NA;NA;-0,00530751420319353;NA;"no $\EE$";TRUE;42;"MS";0,3;1,15;1;1;1;1;1;TRUE;"Im";2000;0,5;1000;"$\CC$"
"626";-0,00136697378963515;0,00281554562712727;0,00455092143138636;-0,006885632054067;-0,000614128860222607;NA;-0,00439342495650363;NA;"S";TRUE;42;"MS";0,3;1,15;1;1;1;1;1;TRUE;"Im";2000;0,5;1000;"$\CC$"
"627";0,00151452889363077;0,000271327851112169;NA;NA;-0,00292957416050754;NA;-0,00480869800522776;NA;"NS";TRUE;42;"MS";0,3;1,15;1;1;1;1;1;TRUE;"Im";2000;0,5;1000;"$\CC$"
"628";0,00136373969384301;0,00040812538574575;NA;NA;NA;NA;-0,00500863318346889;NA;"no $\EE$";TRUE;42;"MaS";0,3;1,15;1;1;1;1;1;TRUE;"Im";2000;0,5;1000;"$\CC$"
"629";-0,00211263151252315;0,00411993543763445;0,00618890027621921;-0,00842621094171092;-0,00298935114682908;NA;-0,00292873731008425;NA;"S";TRUE;42;"MaS";0,3;1,15;1;1;1;1;1;TRUE;"Im";2000;0,5;1000;"$\CC$"
"630";0,00142318323237547;0,000469044424751042;NA;NA;-0,00237426445819067;NA;-0,00442878233279409;NA;"NS";TRUE;42;"MaS";0,3;1,15;1;1;1;1;1;TRUE;"Im";2000;0,5;1000;"$\CC$"
"631";-0,000728530204735844;0,000252834678140967;NA;NA;NA;NA;0,235928387830139;NA;"no $\EE$";FALSE;43;"HWE";0,3;1;1;1,5;1;1;1;TRUE;"Im";2000;0,5;1000;"$\EE:I_{\MM}$"
"632";-0,00136769558591432;-0,00154377554413232;0,00161617808868142;0,00401371341156986;-0,00111916408491923;NA;0,00285093072214249;NA;"S";FALSE;43;"HWE";0,3;1;1;1,5;1;1;1;TRUE;"Im";2000;0,5;1000;"$\EE:I_{\MM}$"
"633";-0,000487161322721863;0,000495817257008868;NA;NA;0,00325488845444551;NA;0,000166083278852813;NA;"NS";FALSE;43;"HWE";0,3;1;1;1,5;1;1;1;TRUE;"Im";2000;0,5;1000;"$\EE:I_{\MM}$"
"634";-0,00465351360967614;-0,00128845134799316;NA;NA;NA;NA;0,238842216179249;NA;"no $\EE$";TRUE;43;"HWE";0,3;1;1;1,5;1;1;1;TRUE;"Im";2000;0,5;1000;"$\EE:I_{\MM}$"
"635";-0,00395487703936004;-0,000288682650188776;-0,00343692792209083;-0,00377695196426697;0,007311388314589;NA;0,00273156997312674;NA;"S";TRUE;43;"HWE";0,3;1;1;1,5;1;1;1;TRUE;"Im";2000;0,5;1000;"$\EE:I_{\MM}$"
"636";-0,00468842904742739;-0,00132146478768824;NA;NA;0,000296978988297762;NA;0,00437287538477715;NA;"NS";TRUE;43;"HWE";0,3;1;1;1,5;1;1;1;TRUE;"Im";2000;0,5;1000;"$\EE:I_{\MM}$"
"637";-0,000720824475882065;0,000245462163479093;NA;NA;NA;NA;0,236076138375181;NA;"no $\EE$";FALSE;43;"MS";0,3;1;1;1,5;1;1;1;TRUE;"Im";2000;0,5;1000;"$\EE:I_{\MM}$"
"638";-0,00138678724720875;-0,00151036694536255;0,0015644112270754;0,00389093768315174;-0,000631760689752644;NA;0,00284004811958205;NA;"S";FALSE;43;"MS";0,3;1;1;1,5;1;1;1;TRUE;"Im";2000;0,5;1000;"$\EE:I_{\MM}$"
"639";-0,00046345397814429;0,000504851378605675;NA;NA;0,00342885110622119;NA;0,00014668678725549;NA;"NS";FALSE;43;"MS";0,3;1;1;1,5;1;1;1;TRUE;"Im";2000;0,5;1000;"$\EE:I_{\MM}$"
"640";-0,0047153387580412;-0,00135543020790052;NA;NA;NA;NA;0,239134643411479;NA;"no $\EE$";TRUE;43;"MS";0,3;1;1;1,5;1;1;1;TRUE;"Im";2000;0,5;1000;"$\EE:I_{\MM}$"
"641";-0,00401618481822719;-0,000379353229219115;-0,0033794813882434;-0,00341293468775516;0,00721680316933633;NA;0,00290782356017605;NA;"S";TRUE;43;"MS";0,3;1;1;1,5;1;1;1;TRUE;"Im";2000;0,5;1000;"$\EE:I_{\MM}$"
"642";-0,00472405493052686;-0,00123988184037327;NA;NA;0,000461189010231511;NA;0,0043368368471044;NA;"NS";TRUE;43;"MS";0,3;1;1;1,5;1;1;1;TRUE;"Im";2000;0,5;1000;"$\EE:I_{\MM}$"
"643";-0,00490738810938085;-0,000756545616019455;NA;NA;NA;NA;0,239633204982072;NA;"no $\EE$";TRUE;43;"MaS";0,3;1;1;1,5;1;1;1;TRUE;"Im";2000;0,5;1000;"$\EE:I_{\MM}$"
"644";-0,00447034051453199;0,000910039678905905;-0,00252232123837459;-0,00430152316732468;0,00626449187619145;NA;0,00364119559790388;NA;"S";TRUE;43;"MaS";0,3;1;1;1,5;1;1;1;TRUE;"Im";2000;0,5;1000;"$\EE:I_{\MM}$"
"645";-0,00495286996831157;-0,000724299559524244;NA;NA;-0,000359938673734443;NA;0,00548583424346205;NA;"NS";TRUE;43;"MaS";0,3;1;1;1,5;1;1;1;TRUE;"Im";2000;0,5;1000;"$\EE:I_{\MM}$"
"646";-0,00215797903128756;-0,00156642719823108;NA;NA;NA;NA;0,278383454117023;NA;"no $\EE$";FALSE;44;"HWE";0,3;1;1;1,6;1;1;1;TRUE;"Im";2000;0,5;1000;"$\EE:I_{\MM}$"
"647";0,00151535024822258;0,0004256413010435;-0,00755137446403997;-0,00435995794891431;0,00999373535605738;NA;-0,00198786484563396;NA;"S";FALSE;44;"HWE";0,3;1;1;1,6;1;1;1;TRUE;"Im";2000;0,5;1000;"$\EE:I_{\MM}$"
"648";-0,00207041659928631;-0,00147790563729622;NA;NA;0,00090459754736455;NA;0,00173214823263668;NA;"NS";FALSE;44;"HWE";0,3;1;1;1,6;1;1;1;TRUE;"Im";2000;0,5;1000;"$\EE:I_{\MM}$"
"649";0,00144506648752896;0,00155278941698911;NA;NA;NA;NA;0,270981246607517;NA;"no $\EE$";TRUE;44;"HWE";0,3;1;1;1,6;1;1;1;TRUE;"Im";2000;0,5;1000;"$\EE:I_{\MM}$"
"650";0,000721448018872195;0,000562819261562097;-0,000465139587406016;7,37339807519444e-05;0,00381342461799314;NA;-0,00391371559571752;NA;"S";TRUE;44;"HWE";0,3;1;1;1,6;1;1;1;TRUE;"Im";2000;0,5;1000;"$\EE:I_{\MM}$"
"651";0,00136549071975578;0,001468913763365;NA;NA;0,00339418621946391;NA;-0,0054499221599682;NA;"NS";TRUE;44;"HWE";0,3;1;1;1,6;1;1;1;TRUE;"Im";2000;0,5;1000;"$\EE:I_{\MM}$"
"652";-0,00216589272210266;-0,00151744869667525;NA;NA;NA;NA;0,278520321521234;NA;"no $\EE$";FALSE;44;"MS";0,3;1;1;1,6;1;1;1;TRUE;"Im";2000;0,5;1000;"$\EE:I_{\MM}$"
"653";0,00158900795668315;0,000562493780127404;-0,0074791819026383;-0,00380529898756965;0,0100714168938956;NA;-0,00220404626096071;NA;"S";FALSE;44;"MS";0,3;1;1;1,6;1;1;1;TRUE;"Im";2000;0,5;1000;"$\EE:I_{\MM}$"
"654";-0,00200633721308963;-0,00114904358855394;NA;NA;0,00117301935192118;NA;0,00138635865959302;NA;"NS";FALSE;44;"MS";0,3;1;1;1,6;1;1;1;TRUE;"Im";2000;0,5;1000;"$\EE:I_{\MM}$"
"655";0,00142593859025975;0,00190909359175206;NA;NA;NA;NA;0,270744062751045;NA;"no $\EE$";TRUE;44;"MS";0,3;1;1;1,6;1;1;1;TRUE;"Im";2000;0,5;1000;"$\EE:I_{\MM}$"
"656";0,000703221515983676;0,000610216105875416;-0,000322514218180303;0,00107943995650062;0,00300779776670063;NA;-0,00388452127402761;NA;"S";TRUE;44;"MS";0,3;1;1;1,6;1;1;1;TRUE;"Im";2000;0,5;1000;"$\EE:I_{\MM}$"
"657";0,00134659109568247;0,00198689835046451;NA;NA;0,00357541257703931;NA;-0,00589582304595526;NA;"NS";TRUE;44;"MS";0,3;1;1;1,6;1;1;1;TRUE;"Im";2000;0,5;1000;"$\EE:I_{\MM}$"
"658";0,00137236749266378;0,00246318689966052;NA;NA;NA;NA;0,27079010715822;NA;"no $\EE$";TRUE;44;"MaS";0,3;1;1;1,6;1;1;1;TRUE;"Im";2000;0,5;1000;"$\EE:I_{\MM}$"
"659";0,000918300150116069;0,00114640948815103;-0,000716757654568578;0,00129534492863681;0,00400629275696021;NA;-0,00412515701674809;NA;"S";TRUE;44;"MaS";0,3;1;1;1,6;1;1;1;TRUE;"Im";2000;0,5;1000;"$\EE:I_{\MM}$"
"660";0,00117685118062871;0,00225385882796192;NA;NA;0,00377699163533182;NA;-0,0052859754401523;NA;"NS";TRUE;44;"MaS";0,3;1;1;1,6;1;1;1;TRUE;"Im";2000;0,5;1000;"$\EE:I_{\MM}$"
"661";-0,000169957744929783;0,267747190528983;NA;NA;NA;NA;0,00157662158944816;NA;"no $\EE$";FALSE;45;"HWE";0,3;1;1;1;1,15;1;1;TRUE;"Im";2000;0,5;1000;"None"
"662";0,0018317004009123;0,270804770122821;-0,00406240763959065;-0,00442384452553823;0,00751297674051643;NA;-0,00213702089723367;NA;"S";FALSE;45;"HWE";0,3;1;1;1;1,15;1;1;TRUE;"Im";2000;0,5;1000;"None"
"663";6,04566591018152e-05;0,268082406471796;NA;NA;0,000933910549474781;NA;0,000355766135037738;NA;"NS";FALSE;45;"HWE";0,3;1;1;1;1,15;1;1;TRUE;"Im";2000;0,5;1000;"None"
"664";-0,112718985519998;0,129185336701112;NA;NA;NA;NA;0,161941109086993;NA;"no $\EE$";TRUE;45;"HWE";0,3;1;1;1;1,15;1;1;TRUE;"Im";2000;0,5;1000;"None"
"665";-0,113827196068014;0,126047203872952;0,000188727954844259;0,00428026219040145;-0,00231032398384567;NA;0,164461318482193;NA;"S";TRUE;45;"HWE";0,3;1;1;1;1,15;1;1;TRUE;"Im";2000;0,5;1000;"None"
"666";-0,112630930711385;0,129327742650685;NA;NA;0,0019837007897987;NA;0,159577475562552;NA;"NS";TRUE;45;"HWE";0,3;1;1;1;1,15;1;1;TRUE;"Im";2000;0,5;1000;"None"
"667";-0,000162934205690357;0,270692002604093;NA;NA;NA;NA;0,00159158433881634;NA;"no $\EE$";FALSE;45;"MS";0,3;1;1;1;1,15;1;1;TRUE;"Im";2000;0,5;1000;"None"
"668";0,00187673241958231;0,273810865776299;-0,00404052543882627;-0,00403754221559327;0,00742465257420921;NA;-0,00212170396719102;NA;"S";FALSE;45;"MS";0,3;1;1;1;1,15;1;1;TRUE;"Im";2000;0,5;1000;"None"
"669";3,75037090698527e-05;0,271099337845802;NA;NA;0,00123349158010133;NA;0,000239586582020834;NA;"NS";FALSE;45;"MS";0,3;1;1;1;1,15;1;1;TRUE;"Im";2000;0,5;1000;"None"
"670";-0,112935782700395;0,129445453960147;NA;NA;NA;NA;0,162319710023395;NA;"no $\EE$";TRUE;45;"MS";0,3;1;1;1;1,15;1;1;TRUE;"Im";2000;0,5;1000;"None"
"671";-0,114024722910496;0,126397433365491;0,000191568796527264;0,00439419541241115;-0,0023493579323941;NA;0,164766325966524;NA;"S";TRUE;45;"MS";0,3;1;1;1;1,15;1;1;TRUE;"Im";2000;0,5;1000;"None"
"672";-0,112842219545338;0,129678597551533;NA;NA;0,00198792293423544;NA;0,15985429240754;NA;"NS";TRUE;45;"MS";0,3;1;1;1;1,15;1;1;TRUE;"Im";2000;0,5;1000;"None"
"673";-0,0034119813721516;0,000790667624803953;NA;NA;NA;NA;0,00483769402871093;NA;"no $\EE$";TRUE;45;"MaS";0,3;1;1;1;1,15;1;1;TRUE;"Im";2000;0,5;1000;"None"
"674";-0,00428927264305379;-0,00195237226822353;-7,71306796104598e-05;0,00454562375120382;-0,00174624663165723;NA;0,00646009128686575;NA;"S";TRUE;45;"MaS";0,3;1;1;1;1,15;1;1;TRUE;"Im";2000;0,5;1000;"None"
"675";-0,00336029297412566;0,000791759076007148;NA;NA;0,00157868017520024;NA;0,00328995907210028;NA;"NS";TRUE;45;"MaS";0,3;1;1;1;1,15;1;1;TRUE;"Im";2000;0,5;1000;"None"
"676";-0,00212307690109985;0,263369325705336;NA;NA;NA;NA;0,00317414000502803;NA;"no $\EE$";FALSE;46;"HWE";0,3;1,15;1;1;1,15;1;1;TRUE;"Im";2000;0,5;1000;"$\CC$"
"677";-0,000847743910604956;0,262944695379271;-0,00214671956114809;0,00133356200502144;-0,0011865655645843;NA;0,00357949077292274;NA;"S";FALSE;46;"HWE";0,3;1,15;1;1;1,15;1;1;TRUE;"Im";2000;0,5;1000;"$\CC$"
"678";-0,00192950667577219;0,263634852034776;NA;NA;-0,00186361622018683;NA;0,00355019601946349;NA;"NS";FALSE;46;"HWE";0,3;1,15;1;1;1,15;1;1;TRUE;"Im";2000;0,5;1000;"$\CC$"
"679";-0,113203040028836;0,12462705093414;NA;NA;NA;NA;0,168853686701254;NA;"no $\EE$";TRUE;46;"HWE";0,3;1,15;1;1;1,15;1;1;TRUE;"Im";2000;0,5;1000;"$\CC$"
"680";-0,11433499712989;0,122876600984677;0,000910516532952155;0,00155659166736655;-0,00506776919313578;NA;0,173072805990715;NA;"S";TRUE;46;"HWE";0,3;1,15;1;1;1,15;1;1;TRUE;"Im";2000;0,5;1000;"$\CC$"
"681";-0,113152332884649;0,124704939735288;NA;NA;-0,00270291260221522;NA;0,169584111159236;NA;"NS";TRUE;46;"HWE";0,3;1,15;1;1;1,15;1;1;TRUE;"Im";2000;0,5;1000;"$\CC$"
"682";-0,00260631943321444;0,266391589429034;NA;NA;NA;NA;0,00313222143257796;NA;"no $\EE$";FALSE;46;"MS";0,3;1,15;1;1;1,15;1;1;TRUE;"Im";2000;0,5;1000;"$\CC$"
"683";-0,00143729325851967;0,266484146268424;-0,00189896319349259;0,00086598340265498;-0,00119309009140467;NA;0,00363594592938155;NA;"S";FALSE;46;"MS";0,3;1,15;1;1;1,15;1;1;TRUE;"Im";2000;0,5;1000;"$\CC$"
"684";-0,00244395045715896;0,266680896862521;NA;NA;-0,00216892282708525;NA;0,00369357768367773;NA;"NS";FALSE;46;"MS";0,3;1,15;1;1;1,15;1;1;TRUE;"Im";2000;0,5;1000;"$\CC$"
"685";-0,113423293803874;0,125444086691912;NA;NA;NA;NA;0,168796444137989;NA;"no $\EE$";TRUE;46;"MS";0,3;1,15;1;1;1,15;1;1;TRUE;"Im";2000;0,5;1000;"$\CC$"
"686";-0,11460207240255;0,123718990668967;0,00108506097389705;0,00176809941231526;-0,00563582710845145;NA;0,173375668025101;NA;"S";TRUE;46;"MS";0,3;1,15;1;1;1,15;1;1;TRUE;"Im";2000;0,5;1000;"$\CC$"
"687";-0,113354198599853;0,12558659294443;NA;NA;-0,00277692165114918;NA;0,169487254343646;NA;"NS";TRUE;46;"MS";0,3;1,15;1;1;1,15;1;1;TRUE;"Im";2000;0,5;1000;"$\CC$"
"688";-0,00261191475099958;-0,000331808605201656;NA;NA;NA;NA;0,00531327767671175;NA;"no $\EE$";TRUE;46;"MaS";0,3;1,15;1;1;1,15;1;1;TRUE;"Im";2000;0,5;1000;"$\CC$"
"689";-0,00431359991753608;-0,00110594857331292;0,00228174584716379;0,000415206394744017;-0,00710932684196208;NA;0,00982321093592375;NA;"S";TRUE;46;"MaS";0,3;1,15;1;1;1,15;1;1;TRUE;"Im";2000;0,5;1000;"$\CC$"
"690";-0,00258800512016553;-0,000407757359826566;NA;NA;-0,00403079919026283;NA;0,00691523765926938;NA;"NS";TRUE;46;"MaS";0,3;1,15;1;1;1,15;1;1;TRUE;"Im";2000;0,5;1000;"$\CC$"
"691";0,000567479658260428;0,262085330578373;NA;NA;NA;NA;0,237473828980443;NA;"no $\EE$";FALSE;47;"HWE";0,3;1;1;1,5;1,15;1;1;TRUE;"Im";2000;0,5;1000;"$\EE:I_{\MM}$"
"692";0,0024127076957916;0,270811363872147;-0,00351640636492667;-0,013124756524945;0,01133445250044;NA;-0,000460310418500587;NA;"S";FALSE;47;"HWE";0,3;1;1;1,5;1,15;1;1;TRUE;"Im";2000;0,5;1000;"$\EE:I_{\MM}$"
"693";0,000826169520954823;0,262451710115399;NA;NA;-0,00125416855245482;NA;0,00521668453043977;NA;"NS";FALSE;47;"HWE";0,3;1;1;1,5;1,15;1;1;TRUE;"Im";2000;0,5;1000;"$\EE:I_{\MM}$"
"694";-0,11280231142539;0,124616813705462;NA;NA;NA;NA;0,434520102507056;NA;"no $\EE$";TRUE;47;"HWE";0,3;1;1;1,5;1,15;1;1;TRUE;"Im";2000;0,5;1000;"$\EE:I_{\MM}$"
"695";-0,11406126341104;0,127584994440746;0,000975137808153281;-0,0062748576453181;0,00712677403045999;NA;0,162425738034703;NA;"S";TRUE;47;"HWE";0,3;1;1;1,5;1,15;1;1;TRUE;"Im";2000;0,5;1000;"$\EE:I_{\MM}$"
"696";-0,112616683070337;0,124876215919546;NA;NA;0,00208273135508759;NA;0,163090785923055;NA;"NS";TRUE;47;"HWE";0,3;1;1;1,5;1,15;1;1;TRUE;"Im";2000;0,5;1000;"$\EE:I_{\MM}$"
"697";0,00105301279731873;0,268881127493934;NA;NA;NA;NA;0,235177334476377;NA;"no $\EE$";FALSE;47;"MS";0,3;1;1;1,5;1,15;1;1;TRUE;"Im";2000;0,5;1000;"$\EE:I_{\MM}$"
"698";0,00247490311538168;0,27431277881612;-0,00258178291867983;-0,0068636222363726;0,0073443372338707;NA;-0,000553141814683467;NA;"S";FALSE;47;"MS";0,3;1;1;1,5;1,15;1;1;TRUE;"Im";2000;0,5;1000;"$\EE:I_{\MM}$"
"699";0,00137234912397011;0,269873109866487;NA;NA;8,70859695591975e-05;NA;0,00228541803706861;NA;"NS";FALSE;47;"MS";0,3;1;1;1,5;1,15;1;1;TRUE;"Im";2000;0,5;1000;"$\EE:I_{\MM}$"
"700";-0,113090373094157;0,125577461316751;NA;NA;NA;NA;0,43453159782194;NA;"no $\EE$";TRUE;47;"MS";0,3;1;1;1,5;1,15;1;1;TRUE;"Im";2000;0,5;1000;"$\EE:I_{\MM}$"
"701";-0,114223969019252;0,127972978437584;0,000578705857356532;-0,00500947358605097;0,00677350209491046;NA;0,16278102554455;NA;"S";TRUE;47;"MS";0,3;1;1;1,5;1,15;1;1;TRUE;"Im";2000;0,5;1000;"$\EE:I_{\MM}$"
"702";-0,112949808586159;0,125980513132356;NA;NA;0,00233819651330884;NA;0,162882465135016;NA;"NS";TRUE;47;"MS";0,3;1;1;1,5;1,15;1;1;TRUE;"Im";2000;0,5;1000;"$\EE:I_{\MM}$"
"703";-0,00371413584719504;0,00168837979473602;NA;NA;NA;NA;0,236359744684075;NA;"no $\EE$";TRUE;47;"MaS";0,3;1;1;1,5;1,15;1;1;TRUE;"Im";2000;0,5;1000;"$\EE:I_{\MM}$"
"704";-0,00411785173839674;-0,00127480412503356;-0,00136870928692823;0,00480136744608628;0,00308076010520179;NA;0,0043533201247925;NA;"S";TRUE;47;"MaS";0,3;1;1;1,5;1,15;1;1;TRUE;"Im";2000;0,5;1000;"$\EE:I_{\MM}$"
"705";-0,0039205997014965;0,00156771767205965;NA;NA;0,00486177842241749;NA;0,00190832589072198;NA;"NS";TRUE;47;"MaS";0,3;1;1;1,5;1,15;1;1;TRUE;"Im";2000;0,5;1000;"$\EE:I_{\MM}$"
"706";-0,000931152009081559;0,261011004899187;NA;NA;NA;NA;0,280612200059559;NA;"no $\EE$";FALSE;48;"HWE";0,3;1;1;1,6;1,15;1;1;TRUE;"Im";2000;0,5;1000;"$\EE:I_{\MM}$"
"707";0,00312607717157376;0,271000410627211;-0,00754996113702877;-0,0146545530816222;0,0254225137933946;NA;-0,00722341403744808;NA;"S";FALSE;48;"HWE";0,3;1;1;1,6;1,15;1;1;TRUE;"Im";2000;0,5;1000;"$\EE:I_{\MM}$"
"708";-0,000631294103155211;0,261427167107406;NA;NA;0,00821143970393665;NA;0,000932146628414454;NA;"NS";FALSE;48;"HWE";0,3;1;1;1,6;1,15;1;1;TRUE;"Im";2000;0,5;1000;"$\EE:I_{\MM}$"
"709";-0,108398912275538;0,123850632787687;NA;NA;NA;NA;0,476640521933322;NA;"no $\EE$";TRUE;48;"HWE";0,3;1;1;1,6;1,15;1;1;TRUE;"Im";2000;0,5;1000;"$\EE:I_{\MM}$"
"710";-0,108727727643013;0,123521187824773;-0,000844293894601944;-0,000159158858234476;-0,000608844942463771;NA;0,161164409965339;NA;"S";TRUE;48;"HWE";0,3;1;1;1,6;1,15;1;1;TRUE;"Im";2000;0,5;1000;"$\EE:I_{\MM}$"
"711";-0,108093964592999;0,124239899796269;NA;NA;-0,00158500800845562;NA;0,159524706927433;NA;"NS";TRUE;48;"HWE";0,3;1;1;1,6;1,15;1;1;TRUE;"Im";2000;0,5;1000;"$\EE:I_{\MM}$"
"712";-0,000454034627797806;0,268352518649621;NA;NA;NA;NA;0,277954847724556;NA;"no $\EE$";FALSE;48;"MS";0,3;1;1;1,6;1,15;1;1;TRUE;"Im";2000;0,5;1000;"$\EE:I_{\MM}$"
"713";0,00295605769295126;0,274307123322837;-0,00623097308402365;-0,00684910013455775;0,020058087967425;NA;-0,00698031880958128;NA;"S";FALSE;48;"MS";0,3;1;1;1,6;1,15;1;1;TRUE;"Im";2000;0,5;1000;"$\EE:I_{\MM}$"
"714";-5,03796881941021e-05;0,269610070390337;NA;NA;0,00973415651292803;NA;-0,00248660397842437;NA;"NS";FALSE;48;"MS";0,3;1;1;1,6;1,15;1;1;TRUE;"Im";2000;0,5;1000;"$\EE:I_{\MM}$"
"715";-0,108811018649028;0,124853119889998;NA;NA;NA;NA;0,476927998618153;NA;"no $\EE$";TRUE;48;"MS";0,3;1;1;1,6;1,15;1;1;TRUE;"Im";2000;0,5;1000;"$\EE:I_{\MM}$"
"716";-0,108953171362281;0,123973213691572;-0,000995308887790647;0,00162788295162164;-0,00182205317423814;NA;0,161627166496472;NA;"S";TRUE;48;"MS";0,3;1;1;1,6;1,15;1;1;TRUE;"Im";2000;0,5;1000;"$\EE:I_{\MM}$"
"717";-0,108394470507983;0,125567961410173;NA;NA;-0,00139301343345027;NA;0,159103065349284;NA;"NS";TRUE;48;"MS";0,3;1;1;1,6;1,15;1;1;TRUE;"Im";2000;0,5;1000;"$\EE:I_{\MM}$"
"718";0,00379134953121052;-0,000904685546669559;NA;NA;NA;NA;0,26794840959209;NA;"no $\EE$";TRUE;48;"MaS";0,3;1;1;1,6;1,15;1;1;TRUE;"Im";2000;0,5;1000;"$\EE:I_{\MM}$"
"719";0,00334373642834307;-0,00590801963920351;-0,000796218524181547;0,00948541762956023;-0,00851860955958489;NA;0,00124603498881704;NA;"S";TRUE;48;"MaS";0,3;1;1;1,6;1,15;1;1;TRUE;"Im";2000;0,5;1000;"$\EE:I_{\MM}$"
"720";0,00371676239805141;-0,000907288518047666;NA;NA;-0,00252981917732029;NA;-0,00300284720983446;NA;"NS";TRUE;48;"MaS";0,3;1;1;1,6;1,15;1;1;TRUE;"Im";2000;0,5;1000;"$\EE:I_{\MM}$"
"721";-0,00168634167302684;-0,208668487788987;NA;NA;NA;NA;-0,00157578326724472;NA;"no $\EE$";FALSE;49;"HWE";0,3;1;1;1;0,85;1,2;1;TRUE;"Im";2000;0,5;1000;"$I_{\MM}$"
"722";-0,00157482359665462;-0,211304274570394;5,45418246389318e-05;0,0065630328355093;-0,00647077336651092;NA;0,00159061201293627;NA;"S";FALSE;49;"HWE";0,3;1;1;1;0,85;1,2;1;TRUE;"Im";2000;0,5;1000;"$I_{\MM}$"
"723";-0,00157871279714328;-0,208610243233422;NA;NA;-0,00131400955656213;NA;-0,00143597749664122;NA;"NS";FALSE;49;"HWE";0,3;1;1;1;0,85;1,2;1;TRUE;"Im";2000;0,5;1000;"$I_{\MM}$"
"724";0,117781195219494;-0,117694797437056;NA;NA;NA;NA;-0,132126562733093;NA;"no $\EE$";TRUE;49;"HWE";0,3;1;1;1;0,85;1,2;1;TRUE;"Im";2000;0,5;1000;"$I_{\MM}$"
"725";0,117320715036136;-0,119106557685257;-0,000442804043602862;0,00118947421044791;-0,00144393464480286;NA;-0,130849964159763;NA;"S";TRUE;49;"HWE";0,3;1;1;1;0,85;1,2;1;TRUE;"Im";2000;0,5;1000;"$I_{\MM}$"
"726";0,117900238985878;-0,117623789380117;NA;NA;-0,000803686986524443;NA;-0,132777496948636;NA;"NS";TRUE;49;"HWE";0,3;1;1;1;0,85;1,2;1;TRUE;"Im";2000;0,5;1000;"$I_{\MM}$"
"727";-0,00157255472828155;-0,209284380774355;NA;NA;NA;NA;-0,00199653084130798;NA;"no $\EE$";FALSE;49;"MS";0,3;1;1;1;0,85;1,2;1;TRUE;"Im";2000;0,5;1000;"$I_{\MM}$"
"728";-0,00149336139834788;-0,212235847145048;0,000130143002363248;0,00699391457314191;-0,00696861661181969;NA;0,00150215100894839;NA;"S";FALSE;49;"MS";0,3;1;1;1;0,85;1,2;1;TRUE;"Im";2000;0,5;1000;"$I_{\MM}$"
"729";-0,00143944672235907;-0,209302043862343;NA;NA;-0,00139638211422266;NA;-0,00178665937663044;NA;"NS";FALSE;49;"MS";0,3;1;1;1;0,85;1,2;1;TRUE;"Im";2000;0,5;1000;"$I_{\MM}$"
"730";0,117923494464182;-0,117836328102715;NA;NA;NA;NA;-0,132407132377363;NA;"no $\EE$";TRUE;49;"MS";0,3;1;1;1;0,85;1,2;1;TRUE;"Im";2000;0,5;1000;"$I_{\MM}$"
"731";0,117443706557164;-0,119335985063475;-0,000417459593439085;0,00122883499295012;-0,00149277685004257;NA;-0,131036726646579;NA;"S";TRUE;49;"MS";0,3;1;1;1;0,85;1,2;1;TRUE;"Im";2000;0,5;1000;"$I_{\MM}$"
"732";0,118024170929945;-0,11781172457237;NA;NA;-0,000825263618557281;NA;-0,132989832103859;NA;"NS";TRUE;49;"MS";0,3;1;1;1;0,85;1,2;1;TRUE;"Im";2000;0,5;1000;"$I_{\MM}$"
"733";-0,000112128629387476;-0,000335011180941369;NA;NA;NA;NA;0,0038119614979996;NA;"no $\EE$";TRUE;49;"MaS";0,3;1;1;1;0,85;1,2;1;TRUE;"Im";2000;0,5;1000;"$I_{\MM}$"
"734";0,000266085486615886;-0,00242784443464505;-0,00187642248221853;0,00288015248774198;0,000379409167317268;NA;0,00450245762255941;NA;"S";TRUE;49;"MaS";0,3;1;1;1;0,85;1,2;1;TRUE;"Im";2000;0,5;1000;"$I_{\MM}$"
"735";-4,3704212523088e-05;-0,000299052855562865;NA;NA;0,000279936358688948;NA;0,00291240241816574;NA;"NS";TRUE;49;"MaS";0,3;1;1;1;0,85;1,2;1;TRUE;"Im";2000;0,5;1000;"$I_{\MM}$"
"736";-0,00122085606324596;-0,000310078485055154;NA;NA;NA;NA;0,00273897198483623;NA;"no $\EE$";FALSE;50;"HWE";0,3;1;1;1;1;1,2;1;TRUE;"Im";2000;0,5;1000;"$I_{\MM}$"
"737";0,00190905094164884;0,000775251906039776;-0,00642343739321227;-0,00236850013880807;0,0064331469111969;NA;-0,000222257079989241;NA;"S";FALSE;50;"HWE";0,3;1;1;1;1;1,2;1;TRUE;"Im";2000;0,5;1000;"$I_{\MM}$"
"738";-0,0011184825370214;-0,000207250213191235;NA;NA;-0,000366035404920195;NA;0,00243725434431038;NA;"NS";FALSE;50;"HWE";0,3;1;1;1;1;1,2;1;TRUE;"Im";2000;0,5;1000;"$I_{\MM}$"
"739";0,000630874045764118;0,0019377162568226;NA;NA;NA;NA;-0,00234154986213301;NA;"no $\EE$";TRUE;50;"HWE";0,3;1;1;1;1;1,2;1;TRUE;"Im";2000;0,5;1000;"$I_{\MM}$"
"740";0,00265441919775355;0,00315630088417884;-0,00569102342599126;-0,00405757506706084;0,0126946215507893;NA;-0,00756816809006392;NA;"S";TRUE;50;"HWE";0,3;1;1;1;1;1,2;1;TRUE;"Im";2000;0,5;1000;"$I_{\MM}$"
"741";0,000717185651554209;0,00202525932120801;NA;NA;0,00309086080376009;NA;-0,00469685323039352;NA;"NS";TRUE;50;"HWE";0,3;1;1;1;1;1,2;1;TRUE;"Im";2000;0,5;1000;"$I_{\MM}$"
"742";-0,00131818929521421;-0,000447365640687258;NA;NA;NA;NA;0,0029817153166987;NA;"no $\EE$";FALSE;50;"MS";0,3;1;1;1;1;1,2;1;TRUE;"Im";2000;0,5;1000;"$I_{\MM}$"
"743";0,0017725214380484;0,000567926043215428;-0,00630197628552209;-0,00214010889494831;0,00583278822152478;NA;0,000335269824725722;NA;"S";FALSE;50;"MS";0,3;1;1;1;1;1,2;1;TRUE;"Im";2000;0,5;1000;"$I_{\MM}$"
"744";-0,00120682738007982;-0,000319076271632079;NA;NA;-0,000647947282907291;NA;0,00279012358797219;NA;"NS";FALSE;50;"MS";0,3;1;1;1;1;1,2;1;TRUE;"Im";2000;0,5;1000;"$I_{\MM}$"
"745";0,000582452345390116;0,00200027637988676;NA;NA;NA;NA;-0,00228006359806576;NA;"no $\EE$";TRUE;50;"MS";0,3;1;1;1;1;1,2;1;TRUE;"Im";2000;0,5;1000;"$I_{\MM}$"
"746";0,00256087354601098;0,00322018618411835;-0,00555192922693493;-0,00405406139833853;0,0126833131620376;NA;-0,00742640100518925;NA;"S";TRUE;50;"MS";0,3;1;1;1;1;1,2;1;TRUE;"Im";2000;0,5;1000;"$I_{\MM}$"
"747";0,000671742819027488;0,00209660167783099;NA;NA;0,00319223195076312;NA;-0,00469944755744856;NA;"NS";TRUE;50;"MS";0,3;1;1;1;1;1,2;1;TRUE;"Im";2000;0,5;1000;"$I_{\MM}$"
"748";0,00144053374423425;0,00149492131338325;NA;NA;NA;NA;-0,00332917115827391;NA;"no $\EE$";TRUE;50;"MaS";0,3;1;1;1;1;1,2;1;TRUE;"Im";2000;0,5;1000;"$I_{\MM}$"
"749";0,00343198373880726;0,0029359678840748;-0,00530449835976299;-0,00410851987936978;0,012194315110879;NA;-0,00821171522393656;NA;"S";TRUE;50;"MaS";0,3;1;1;1;1;1,2;1;TRUE;"Im";2000;0,5;1000;"$I_{\MM}$"
"750";0,0014190298622454;0,00147240391819636;NA;NA;0,00252584439663894;NA;-0,00493799324749522;NA;"NS";TRUE;50;"MaS";0,3;1;1;1;1;1,2;1;TRUE;"Im";2000;0,5;1000;"$I_{\MM}$"
"751";-0,00280560172607291;0,258531456081466;NA;NA;NA;NA;0,00727951422385983;NA;"no $\EE$";FALSE;51;"HWE";0,3;1;1;1;1,15;1,2;1;TRUE;"Im";2000;0,5;1000;"$I_{\MM}$"
"752";-0,00200631391937212;0,259075455257244;-0,00169022556395515;-0,00048346483071382;0,00124122011241923;NA;0,00677183374037789;NA;"S";FALSE;51;"HWE";0,3;1;1;1;1,15;1,2;1;TRUE;"Im";2000;0,5;1000;"$I_{\MM}$"
"753";-0,00262915568014899;0,258795862264056;NA;NA;-0,000424216472494243;NA;0,00693852163747307;NA;"NS";FALSE;51;"HWE";0,3;1;1;1;1,15;1,2;1;TRUE;"Im";2000;0,5;1000;"$I_{\MM}$"
"754";-0,112090984258704;0,123244034391162;NA;NA;NA;NA;0,166778101964974;NA;"no $\EE$";TRUE;51;"HWE";0,3;1;1;1;1,15;1,2;1;TRUE;"Im";2000;0,5;1000;"$I_{\MM}$"
"755";-0,11268402671434;0,122958814874529;-0,000803078237149202;-0,00103038477776884;0,00638442567612962;NA;0,164648197894966;NA;"S";TRUE;51;"HWE";0,3;1;1;1;1,15;1,2;1;TRUE;"Im";2000;0,5;1000;"$I_{\MM}$"
"756";-0,112073808091656;0,123300999213996;NA;NA;0,00460495401596606;NA;0,163426574357713;NA;"NS";TRUE;51;"HWE";0,3;1;1;1;1,15;1,2;1;TRUE;"Im";2000;0,5;1000;"$I_{\MM}$"
"757";-0,00253217103674364;0,264264509691322;NA;NA;NA;NA;0,00602156940933333;NA;"no $\EE$";FALSE;51;"MS";0,3;1;1;1;1,15;1,2;1;TRUE;"Im";2000;0,5;1000;"$I_{\MM}$"
"758";-0,00168210631269017;0,264979790870349;-0,00167750043830373;-0,000238984905544193;0,00115863497975988;NA;0,00548236121585277;NA;"S";FALSE;51;"MS";0,3;1;1;1;1,15;1,2;1;TRUE;"Im";2000;0,5;1000;"$I_{\MM}$"
"759";-0,00236504018057881;0,264636522092841;NA;NA;-0,000373378893705256;NA;0,00560184789360485;NA;"NS";FALSE;51;"MS";0,3;1;1;1;1,15;1,2;1;TRUE;"Im";2000;0,5;1000;"$I_{\MM}$"
"760";-0,112465805766303;0,123806751227765;NA;NA;NA;NA;0,167211442577822;NA;"no $\EE$";TRUE;51;"MS";0,3;1;1;1;1,15;1,2;1;TRUE;"Im";2000;0,5;1000;"$I_{\MM}$"
"761";-0,113027832894601;0,124382324720715;-0,000789516483236441;-0,00216639532855267;0,00712507972859178;NA;0,164516501148655;NA;"S";TRUE;51;"MS";0,3;1;1;1;1,15;1,2;1;TRUE;"Im";2000;0,5;1000;"$I_{\MM}$"
"762";-0,11243473765385;0,124003812996564;NA;NA;0,00419254626520638;NA;0,163930880142104;NA;"NS";TRUE;51;"MS";0,3;1;1;1;1,15;1,2;1;TRUE;"Im";2000;0,5;1000;"$I_{\MM}$"
"763";-0,000335847198936645;-0,00296205420365658;NA;NA;NA;NA;0,00301116157720197;NA;"no $\EE$";TRUE;51;"MaS";0,3;1;1;1;1,15;1,2;1;TRUE;"Im";2000;0,5;1000;"$I_{\MM}$"
"764";-0,000593669961044263;-0,00260594704571071;-0,00115212813961207;-0,00171064357744222;0,00769339217874987;NA;0,000238217340968738;NA;"S";TRUE;51;"MaS";0,3;1;1;1;1,15;1,2;1;TRUE;"Im";2000;0,5;1000;"$I_{\MM}$"
"765";-0,000424600418254872;-0,00297833416216109;NA;NA;0,00491497936616936;NA;0,000290507668060565;NA;"NS";TRUE;51;"MaS";0,3;1;1;1;1,15;1,2;1;TRUE;"Im";2000;0,5;1000;"$I_{\MM}$"
"766";0,00280053558585802;-0,207769727958125;NA;NA;NA;NA;-0,00674230727356601;NA;"no $\EE$";FALSE;52;"HWE";0,3;1;1;1;0,85;1,4;1;TRUE;"Im";2000;0,5;1000;"$I_{\MM}$"
"767";0,00498344854950417;-0,206434238640908;-0,00403112289039431;-0,00336815060439488;0,00453795223840503;NA;-0,00905036145968438;NA;"S";FALSE;52;"HWE";0,3;1;1;1;0,85;1,4;1;TRUE;"Im";2000;0,5;1000;"$I_{\MM}$"
"768";0,00293193319107221;-0,207692452626236;NA;NA;-0,0012405584437325;NA;-0,00662209057539458;NA;"NS";FALSE;52;"HWE";0,3;1;1;1;0,85;1,4;1;TRUE;"Im";2000;0,5;1000;"$I_{\MM}$"
"769";0,11959746566945;-0,113832906051453;NA;NA;NA;NA;-0,140822862479427;NA;"no $\EE$";TRUE;52;"HWE";0,3;1;1;1;0,85;1,4;1;TRUE;"Im";2000;0,5;1000;"$I_{\MM}$"
"770";0,118485611919176;-0,1147599282215;0,000404529044739643;-0,000150831045584332;-0,00109206006957407;NA;-0,139297461768857;NA;"S";TRUE;52;"HWE";0,3;1;1;1;0,85;1,4;1;TRUE;"Im";2000;0,5;1000;"$I_{\MM}$"
"771";0,119654159137051;-0,113813487196495;NA;NA;-0,000726468945186021;NA;-0,141274664583569;NA;"NS";TRUE;52;"HWE";0,3;1;1;1;0,85;1,4;1;TRUE;"Im";2000;0,5;1000;"$I_{\MM}$"
"772";0,00299597780536787;-0,207772037303363;NA;NA;NA;NA;-0,00748378384142244;NA;"no $\EE$";FALSE;52;"MS";0,3;1;1;1;0,85;1,4;1;TRUE;"Im";2000;0,5;1000;"$I_{\MM}$"
"773";0,00516994469070964;-0,206657688895043;-0,0040132281862314;-0,00322127930874549;0,00427309257778674;NA;-0,00951791036705095;NA;"S";FALSE;52;"MS";0,3;1;1;1;0,85;1,4;1;TRUE;"Im";2000;0,5;1000;"$I_{\MM}$"
"774";0,00314708558187471;-0,207804415183025;NA;NA;-0,00135000218629067;NA;-0,00724918558206746;NA;"NS";FALSE;52;"MS";0,3;1;1;1;0,85;1,4;1;TRUE;"Im";2000;0,5;1000;"$I_{\MM}$"
"775";0,119537466474516;-0,113867817291108;NA;NA;NA;NA;-0,140925693432262;NA;"no $\EE$";TRUE;52;"MS";0,3;1;1;1;0,85;1,4;1;TRUE;"Im";2000;0,5;1000;"$I_{\MM}$"
"776";0,118345006618561;-0,114823183767829;0,000544041172357401;-6,07673258095076e-05;-0,00116198622686225;NA;-0,139328607805583;NA;"S";TRUE;52;"MS";0,3;1;1;1;0,85;1,4;1;TRUE;"Im";2000;0,5;1000;"$I_{\MM}$"
"777";0,119595965250472;-0,11386085391293;NA;NA;-0,000522333539215714;NA;-0,141461111939512;NA;"NS";TRUE;52;"MS";0,3;1;1;1;0,85;1,4;1;TRUE;"Im";2000;0,5;1000;"$I_{\MM}$"
"778";0,00120510996581968;0,000174553199830285;NA;NA;NA;NA;-0,00355506109472056;NA;"no $\EE$";TRUE;52;"MaS";0,3;1;1;1;0,85;1,4;1;TRUE;"Im";2000;0,5;1000;"$I_{\MM}$"
"779";-6,60667525692604e-05;-0,000108971444577555;0,000964555807351664;-0,000689439932941238;-0,00170320276272928;NA;-0,00119828669725486;NA;"S";TRUE;52;"MaS";0,3;1;1;1;0,85;1,4;1;TRUE;"Im";2000;0,5;1000;"$I_{\MM}$"
"780";0,00116663039982323;0,000195966680659465;NA;NA;-0,000862923784098246;NA;-0,00358823641683524;NA;"NS";TRUE;52;"MaS";0,3;1;1;1;0,85;1,4;1;TRUE;"Im";2000;0,5;1000;"$I_{\MM}$"
"781";-0,0015013929804385;0,00201802674390406;NA;NA;NA;NA;-0,0011436219695804;NA;"no $\EE$";FALSE;53;"HWE";0,3;1;1;1;1;1,4;1;TRUE;"Im";2000;0,5;1000;"$I_{\MM}$"
"782";-0,00547463334565157;-0,000503661209882433;0,00781430216656487;0,00495407946856052;-0,0114008269476786;NA;0,00499240388527904;NA;"S";FALSE;53;"HWE";0,3;1;1;1;1;1,4;1;TRUE;"Im";2000;0,5;1000;"$I_{\MM}$"
"783";-0,00142294149511735;0,00209676351073051;NA;NA;-0,00167697583363602;NA;-0,000575557107963531;NA;"NS";FALSE;53;"HWE";0,3;1;1;1;1;1,4;1;TRUE;"Im";2000;0,5;1000;"$I_{\MM}$"
"784";-0,000342036069059137;-0,00184987049922547;NA;NA;NA;NA;-0,000106283309111919;NA;"no $\EE$";TRUE;53;"HWE";0,3;1;1;1;1;1,4;1;TRUE;"Im";2000;0,5;1000;"$I_{\MM}$"
"785";0,00025516004448356;0,000723417575748897;-0,0029059722606487;-0,00654097925805575;0,00442834360073752;NA;-0,00129615314028553;NA;"S";TRUE;53;"HWE";0,3;1;1;1;1;1,4;1;TRUE;"Im";2000;0,5;1000;"$I_{\MM}$"
"786";-0,000299012524347275;-0,0018069552599741;NA;NA;-0,00476994474284509;NA;0,0016856350728892;NA;"NS";TRUE;53;"HWE";0,3;1;1;1;1;1,4;1;TRUE;"Im";2000;0,5;1000;"$I_{\MM}$"
"787";-0,00140505314998318;0,0023294537809373;NA;NA;NA;NA;-0,0013596969681906;NA;"no $\EE$";FALSE;53;"MS";0,3;1;1;1;1;1,4;1;TRUE;"Im";2000;0,5;1000;"$I_{\MM}$"
"788";-0,00535991164887306;-2,45518858467131e-05;0,00781420268501765;0,00483347375973597;-0,0113086290786273;NA;0,00478881060968923;NA;"S";FALSE;53;"MS";0,3;1;1;1;1;1,4;1;TRUE;"Im";2000;0,5;1000;"$I_{\MM}$"
"789";-0,00129905733472779;0,0024623653298772;NA;NA;-0,00166825838229534;NA;-0,000876757335700473;NA;"NS";FALSE;53;"MS";0,3;1;1;1;1;1,4;1;TRUE;"Im";2000;0,5;1000;"$I_{\MM}$"
"790";-0,000298374706030335;-0,00170290474199308;NA;NA;NA;NA;-0,000163418221147722;NA;"no $\EE$";TRUE;53;"MS";0,3;1;1;1;1;1,4;1;TRUE;"Im";2000;0,5;1000;"$I_{\MM}$"
"791";0,000216433348660727;0,00106583439051411;-0,00269678212399083;-0,00679106335145674;0,00449160923344416;NA;-0,00133341336406047;NA;"S";TRUE;53;"MS";0,3;1;1;1;1;1,4;1;TRUE;"Im";2000;0,5;1000;"$I_{\MM}$"
"792";-0,000227429090220665;-0,0016501527749706;NA;NA;-0,00476407081392616;NA;0,00157896030627912;NA;"NS";TRUE;53;"MS";0,3;1;1;1;1;1,4;1;TRUE;"Im";2000;0,5;1000;"$I_{\MM}$"
"793";-0,000747076474572728;-0,00120050662839433;NA;NA;NA;NA;0,00085584581902284;NA;"no $\EE$";TRUE;53;"MaS";0,3;1;1;1;1;1,4;1;TRUE;"Im";2000;0,5;1000;"$I_{\MM}$"
"794";-0,000403379508923996;0,00240721994142024;-0,00200763592332254;-0,00805780393955169;0,00423524087173699;NA;-0,000225762530222979;NA;"S";TRUE;53;"MaS";0,3;1;1;1;1;1,4;1;TRUE;"Im";2000;0,5;1000;"$I_{\MM}$"
"795";-0,000737474820580286;-0,0012465647169464;NA;NA;-0,00444140266445781;NA;0,00278057220312346;NA;"NS";TRUE;53;"MaS";0,3;1;1;1;1;1,4;1;TRUE;"Im";2000;0,5;1000;"$I_{\MM}$"
"796";-0,00102376682089511;0,257914298978622;NA;NA;NA;NA;0,00781507735449938;NA;"no $\EE$";FALSE;54;"HWE";0,3;1;1;1;1,15;1,4;1;TRUE;"Im";2000;0,5;1000;"$I_{\MM}$"
"797";-0,00198134497424673;0,257740388949953;0,0018669096109718;0,000595251485945747;-0,00123382385865245;NA;0,00871814044303397;NA;"S";FALSE;54;"HWE";0,3;1;1;1;1,15;1,4;1;TRUE;"Im";2000;0,5;1000;"$I_{\MM}$"
"798";-0,000900298839046521;0,258117710818771;NA;NA;0,000753365901657199;NA;0,00711806408597915;NA;"NS";FALSE;54;"HWE";0,3;1;1;1;1,15;1,4;1;TRUE;"Im";2000;0,5;1000;"$I_{\MM}$"
"799";-0,110959828134778;0,118322658407324;NA;NA;NA;NA;0,16802510128116;NA;"no $\EE$";TRUE;54;"HWE";0,3;1;1;1;1,15;1,4;1;TRUE;"Im";2000;0,5;1000;"$I_{\MM}$"
"800";-0,108648147994139;0,120721288330649;-0,00679189301606631;-0,00555727243413795;0,0115005937418797;NA;0,162681130868206;NA;"S";TRUE;54;"HWE";0,3;1;1;1;1,15;1,4;1;TRUE;"Im";2000;0,5;1000;"$I_{\MM}$"
"801";-0,110811579224357;0,118536532782579;NA;NA;-0,000470037868873341;NA;0,167447159506212;NA;"NS";TRUE;54;"HWE";0,3;1;1;1;1,15;1,4;1;TRUE;"Im";2000;0,5;1000;"$I_{\MM}$"
"802";-0,00018797045789043;0,267740753063803;NA;NA;NA;NA;0,0043453824059479;NA;"no $\EE$";FALSE;54;"MS";0,3;1;1;1;1,15;1,4;1;TRUE;"Im";2000;0,5;1000;"$I_{\MM}$"
"803";-0,001129431753637;0,26762870226742;0,00179884815036746;0,00095604920036596;-0,00121029802434347;NA;0,00541702252012206;NA;"S";FALSE;54;"MS";0,3;1;1;1;1,15;1,4;1;TRUE;"Im";2000;0,5;1000;"$I_{\MM}$"
"804";-9,09203939210013e-05;0,267983861172455;NA;NA;0,000888764814405585;NA;0,00362143109974463;NA;"NS";FALSE;54;"MS";0,3;1;1;1;1,15;1,4;1;TRUE;"Im";2000;0,5;1000;"$I_{\MM}$"
"805";-0,111050805324237;0,119565081807449;NA;NA;NA;NA;0,167457375435585;NA;"no $\EE$";TRUE;54;"MS";0,3;1;1;1;1,15;1,4;1;TRUE;"Im";2000;0,5;1000;"$I_{\MM}$"
"806";-0,108681294117895;0,122150816156794;-0,00670294752416334;-0,0055848243416291;0,0115094250390491;NA;0,162024225997407;NA;"S";TRUE;54;"MS";0,3;1;1;1;1,15;1,4;1;TRUE;"Im";2000;0,5;1000;"$I_{\MM}$"
"807";-0,110839391899557;0,119882313765655;NA;NA;-0,000472422576039078;NA;0,166670098944068;NA;"NS";TRUE;54;"MS";0,3;1;1;1;1,15;1,4;1;TRUE;"Im";2000;0,5;1000;"$I_{\MM}$"
"808";-0,000848519557785643;-0,00254297471121534;NA;NA;NA;NA;0,00390498149537701;NA;"no $\EE$";TRUE;54;"MaS";0,3;1;1;1;1,15;1,4;1;TRUE;"Im";2000;0,5;1000;"$I_{\MM}$"
"809";0,00340265192114675;-0,00147771660987628;-0,00948364656899825;-0,00287096318728264;0,0146958954396468;NA;-0,00254334052928042;NA;"S";TRUE;54;"MaS";0,3;1;1;1;1,15;1,4;1;TRUE;"Im";2000;0,5;1000;"$I_{\MM}$"
"810";-0,000682260548240943;-0,00247126749892934;NA;NA;0,0015931721482827;NA;0,00261158464702141;NA;"NS";TRUE;54;"MaS";0,3;1;1;1;1,15;1,4;1;TRUE;"Im";2000;0,5;1000;"$I_{\MM}$"
"811";-0,00157133479599902;-0,209439515402232;NA;NA;NA;NA;NA;0,00292784873456498;"no $\EE$";FALSE;55;"HWE";0,3;1;1;1;0,85;1;1;TRUE;"If";2000;0,5;1000;"None"
"812";0,00076570943583687;-0,211309293356127;-0,0044805684368362;0,004254531457903;NA;0,00213403331361484;NA;0,0017154660154215;"S";FALSE;55;"HWE";0,3;1;1;1;0,85;1;1;TRUE;"If";2000;0,5;1000;"None"
"813";-0,00142388687868278;-0,209584788360323;NA;NA;NA;-0,00459505922007097;NA;0,0046357329164961;"NS";FALSE;55;"HWE";0,3;1;1;1;0,85;1;1;TRUE;"If";2000;0,5;1000;"None"
"814";-0,0321598172281791;-0,118321477557153;NA;NA;NA;NA;NA;0,150505502062157;"no $\EE$";TRUE;55;"HWE";0,3;1;1;1;0,85;1;1;TRUE;"If";2000;0,5;1000;"None"
"815";-0,0316454785617835;-0,118626402281189;-0,00141109457454769;-0,00138719398922316;NA;-0,00211465501313057;NA;0,151164052163758;"S";TRUE;55;"HWE";0,3;1;1;1;0,85;1;1;TRUE;"If";2000;0,5;1000;"None"
"816";-0,0320249128458062;-0,118415699588715;NA;NA;NA;-0,00299911236518302;NA;0,151129986200231;"NS";TRUE;55;"HWE";0,3;1;1;1;0,85;1;1;TRUE;"If";2000;0,5;1000;"None"
"817";-0,00150927688328151;-0,211558057509749;NA;NA;NA;NA;NA;0,00277815420962013;"no $\EE$";FALSE;55;"MS";0,3;1;1;1;0,85;1;1;TRUE;"If";2000;0,5;1000;"None"
"818";0,000869420444252533;-0,213570464345401;-0,00453956498009889;0,00416148698111285;NA;0,0022131461653101;NA;0,00151922070714261;"S";FALSE;55;"MS";0,3;1;1;1;0,85;1;1;TRUE;"If";2000;0,5;1000;"None"
"819";-0,00138468231437061;-0,211758331413859;NA;NA;NA;-0,00458418075507949;NA;0,00446204757600643;"NS";FALSE;55;"MS";0,3;1;1;1;0,85;1;1;TRUE;"If";2000;0,5;1000;"None"
"820";-0,0322188151677454;-0,118667442622642;NA;NA;NA;NA;NA;0,15086263239325;"no $\EE$";TRUE;55;"MS";0,3;1;1;1;0,85;1;1;TRUE;"If";2000;0,5;1000;"None"
"821";-0,0316281839391127;-0,119089047787917;-0,0013772261581706;-0,00133512747032671;NA;-0,00210383052213436;NA;0,151363903598584;"S";TRUE;55;"MS";0,3;1;1;1;0,85;1;1;TRUE;"If";2000;0,5;1000;"None"
"822";-0,0320841275685507;-0,118794775135893;NA;NA;NA;-0,00298462967076685;NA;0,151436727044302;"NS";TRUE;55;"MS";0,3;1;1;1;0,85;1;1;TRUE;"If";2000;0,5;1000;"None"
"823";-0,00150672077636393;0,00233661406443719;NA;NA;NA;NA;NA;-0,00106946881943937;"no $\EE$";TRUE;55;"MaS";0,3;1;1;1;0,85;1;1;TRUE;"If";2000;0,5;1000;"None"
"824";-0,00093338747124283;0,00113583473633638;-0,000929279757048151;0,000915900759183463;NA;-0,00414504911049374;NA;0,000228344337528164;"S";TRUE;55;"MaS";0,3;1;1;1;0,85;1;1;TRUE;"If";2000;0,5;1000;"None"
"825";-0,00145529270344469;0,00235852788627922;NA;NA;NA;-0,00515809616342611;NA;0,00081768937238702;"NS";TRUE;55;"MaS";0,3;1;1;1;0,85;1;1;TRUE;"If";2000;0,5;1000;"None"
"826";-0,00316123617224855;-0,208085449251349;NA;NA;NA;NA;NA;0,00614199714981645;"no $\EE$";FALSE;56;"HWE";0,3;1,15;1;1;0,85;1;1;TRUE;"If";2000;0,5;1000;"$\CC$"
"827";0,000111435179381257;-0,210584851542899;-0,00611245289258366;0,00580228486936374;NA;0,0110086874786071;NA;0,00048302071214823;"S";FALSE;56;"HWE";0,3;1,15;1;1;0,85;1;1;TRUE;"If";2000;0,5;1000;"$\CC$"
"828";-0,00299213092331578;-0,208232532459733;NA;NA;NA;0,00184351193991206;NA;0,00470295275843302;"NS";FALSE;56;"HWE";0,3;1,15;1;1;0,85;1;1;TRUE;"If";2000;0,5;1000;"$\CC$"
"829";-0,033209816501077;-0,120125131861712;NA;NA;NA;NA;NA;0,151522835809029;"no $\EE$";TRUE;56;"HWE";0,3;1,15;1;1;0,85;1;1;TRUE;"If";2000;0,5;1000;"$\CC$"
"830";-0,0329118223366689;-0,119788752442612;-0,000426809980137222;-0,00282210474235645;NA;-0,000179643417802189;NA;0,151081730257569;"S";TRUE;56;"HWE";0,3;1,15;1;1;0,85;1;1;TRUE;"If";2000;0,5;1000;"$\CC$"
"831";-0,0330809121192373;-0,120211808873768;NA;NA;NA;0,000289612310277354;NA;0,150604099272245;"NS";TRUE;56;"HWE";0,3;1,15;1;1;0,85;1;1;TRUE;"If";2000;0,5;1000;"$\CC$"
"832";-0,00346232155426241;-0,20998640391444;NA;NA;NA;NA;NA;0,0060679271866162;"no $\EE$";FALSE;56;"MS";0,3;1,15;1;1;0,85;1;1;TRUE;"If";2000;0,5;1000;"$\CC$"
"833";-0,000256322300269203;-0,212797765196684;-0,00591363816636092;0,00616670667255348;NA;0,0111217815224653;NA;0,000376244732279485;"S";FALSE;56;"MS";0,3;1,15;1;1;0,85;1;1;TRUE;"If";2000;0,5;1000;"$\CC$"
"834";-0,00330596473706349;-0,210203777820117;NA;NA;NA;0,00183830080220893;NA;0,00458818528049965;"NS";FALSE;56;"MS";0,3;1,15;1;1;0,85;1;1;TRUE;"If";2000;0,5;1000;"$\CC$"
"835";-0,0332927335527149;-0,120521538123267;NA;NA;NA;NA;NA;0,151951579266218;"no $\EE$";TRUE;56;"MS";0,3;1,15;1;1;0,85;1;1;TRUE;"If";2000;0,5;1000;"$\CC$"
"836";-0,0329301991641835;-0,120327428578066;-0,000478427364474454;-0,00264184572670412;NA;-0,000206862192327906;NA;0,151540440159169;"S";TRUE;56;"MS";0,3;1,15;1;1;0,85;1;1;TRUE;"If";2000;0,5;1000;"$\CC$"
"837";-0,0331755990627512;-0,120619470273055;NA;NA;NA;0,00013318362771142;NA;0,151121031867037;"NS";TRUE;56;"MS";0,3;1,15;1;1;0,85;1;1;TRUE;"If";2000;0,5;1000;"$\CC$"
"838";0,000516680422066004;-0,00519361652080352;NA;NA;NA;NA;NA;-0,00361818851873807;"no $\EE$";TRUE;56;"MaS";0,3;1,15;1;1;0,85;1;1;TRUE;"If";2000;0,5;1000;"$\CC$"
"839";0,00114139698970889;-0,00390877126217759;-0,00064558179668095;-0,00395338995073524;NA;0,000934559857546535;NA;-0,00467356421253728;"S";TRUE;56;"MaS";0,3;1,15;1;1;0,85;1;1;TRUE;"If";2000;0,5;1000;"$\CC$"
"840";0,000495636650484089;-0,00509749394184567;NA;NA;NA;0,000167490649807034;NA;-0,00399096189492143;"NS";TRUE;56;"MaS";0,3;1,15;1;1;0,85;1;1;TRUE;"If";2000;0,5;1000;"$\CC$"
"841";-0,00193991829418105;-0,206124665790041;NA;NA;NA;NA;NA;0,24216001926598;"no $\EE$";FALSE;57;"HWE";0,3;1;1;1,5;0,85;1;1;TRUE;"If";2000;0,5;1000;"$\EE:I_{\FF}$"
"842";-0,000929900626118307;-0,211097509844301;-0,00166963129181064;0,0118507999021704;NA;0,0091287485987855;NA;0,00410898646708358;"S";FALSE;57;"HWE";0,3;1;1;1,5;0,85;1;1;TRUE;"If";2000;0,5;1000;"$\EE:I_{\FF}$"
"843";-0,00172435791721426;-0,206319244508793;NA;NA;NA;-0,000978393930325468;NA;0,00881972516130003;"NS";FALSE;57;"HWE";0,3;1;1;1,5;0,85;1;1;TRUE;"If";2000;0,5;1000;"$\EE:I_{\FF}$"
"844";-0,0302195744731594;-0,11869452923431;NA;NA;NA;NA;NA;0,41620221631039;"no $\EE$";TRUE;57;"HWE";0,3;1;1;1,5;0,85;1;1;TRUE;"If";2000;0,5;1000;"$\EE:I_{\FF}$"
"845";-0,0284337544713413;-0,119917721882808;-0,00373389572503224;0,000601366445311502;NA;0,0021251118968492;NA;0,148683581877292;"S";TRUE;57;"HWE";0,3;1;1;1,5;0,85;1;1;TRUE;"If";2000;0,5;1000;"$\EE:I_{\FF}$"
"846";-0,0298790007725107;-0,11889176951742;NA;NA;NA;-0,0016283462196552;NA;0,15023347936025;"NS";TRUE;57;"HWE";0,3;1;1;1,5;0,85;1;1;TRUE;"If";2000;0,5;1000;"$\EE:I_{\FF}$"
"847";-0,00154763706449368;-0,210043555346479;NA;NA;NA;NA;NA;0,240173772453808;"no $\EE$";FALSE;57;"MS";0,3;1;1;1,5;0,85;1;1;TRUE;"If";2000;0,5;1000;"$\EE:I_{\FF}$"
"848";-0,000912364075811078;-0,21344629936286;-0,000888116528036553;0,00716168371644765;NA;0,005938088888366;NA;0,00404009119735527;"S";FALSE;57;"MS";0,3;1;1;1,5;0,85;1;1;TRUE;"If";2000;0,5;1000;"$\EE:I_{\FF}$"
"849";-0,00129315422605791;-0,210452607036066;NA;NA;NA;-0,000138185735966208;NA;0,00650442379353033;"NS";FALSE;57;"MS";0,3;1;1;1,5;0,85;1;1;TRUE;"If";2000;0,5;1000;"$\EE:I_{\FF}$"
"850";-0,0302312273129808;-0,119376924827684;NA;NA;NA;NA;NA;0,416781872648178;"no $\EE$";TRUE;57;"MS";0,3;1;1;1,5;0,85;1;1;TRUE;"If";2000;0,5;1000;"$\EE:I_{\FF}$"
"851";-0,0284655883789435;-0,120254403475013;-0,0037998769980867;-0,000397924305944986;NA;0,00248948758591553;NA;0,148980179190839;"S";TRUE;57;"MS";0,3;1;1;1,5;0,85;1;1;TRUE;"If";2000;0,5;1000;"$\EE:I_{\FF}$"
"852";-0,0298924152663259;-0,119664247850724;NA;NA;NA;-0,00113863817199948;NA;0,150356646277734;"NS";TRUE;57;"MS";0,3;1;1;1,5;0,85;1;1;TRUE;"If";2000;0,5;1000;"$\EE:I_{\FF}$"
"853";0,00105915719593486;-0,00188328922809744;NA;NA;NA;NA;NA;0,230473076894144;"no $\EE$";TRUE;57;"MaS";0,3;1;1;1,5;0,85;1;1;TRUE;"If";2000;0,5;1000;"$\EE:I_{\FF}$"
"854";0,00233320483774691;-0,000809713296259451;-0,0030622691561133;-0,00321836995363667;NA;0,00166978621104308;NA;-0,00144149304070484;"S";TRUE;57;"MaS";0,3;1;1;1,5;0,85;1;1;TRUE;"If";2000;0,5;1000;"$\EE:I_{\FF}$"
"855";0,000932744739396973;-0,00176931680068071;NA;NA;NA;-0,00196028849762353;NA;0,000226189319506798;"NS";TRUE;57;"MaS";0,3;1;1;1,5;0,85;1;1;TRUE;"If";2000;0,5;1000;"$\EE:I_{\FF}$"
"856";-0,0036239052957352;-0,207985971856792;NA;NA;NA;NA;NA;0,28054825305171;"no $\EE$";FALSE;58;"HWE";0,3;1;1;1,6;0,85;1;1;TRUE;"If";2000;0,5;1000;"$\EE:I_{\FF}$"
"857";0,00175377166456281;-0,213768892179001;-0,0106943389198374;0,0142667829987715;NA;0,0200034026759413;NA;-0,00430190066265035;"S";FALSE;58;"HWE";0,3;1;1;1,6;0,85;1;1;TRUE;"If";2000;0,5;1000;"$\EE:I_{\FF}$"
"858";-0,00340048351153344;-0,208190024801812;NA;NA;NA;0,000925455033544825;NA;0,00448778744128742;"NS";FALSE;58;"HWE";0,3;1;1;1,6;0,85;1;1;TRUE;"If";2000;0,5;1000;"$\EE:I_{\FF}$"
"859";-0,0356881105635454;-0,116174413544649;NA;NA;NA;NA;NA;0,473511908679222;"no $\EE$";TRUE;58;"HWE";0,3;1;1;1,6;0,85;1;1;TRUE;"If";2000;0,5;1000;"$\EE:I_{\FF}$"
"860";-0,0350909451848209;-0,119961529315285;-0,00113553465610039;0,0061590007259924;NA;-0,000857902407501721;NA;0,15739437865217;"S";TRUE;58;"HWE";0,3;1;1;1,6;0,85;1;1;TRUE;"If";2000;0,5;1000;"$\EE:I_{\FF}$"
"861";-0,0354331014264317;-0,116342787751164;NA;NA;NA;-0,0037393065358142;NA;0,158690607852509;"NS";TRUE;58;"HWE";0,3;1;1;1,6;0,85;1;1;TRUE;"If";2000;0,5;1000;"$\EE:I_{\FF}$"
"862";-0,00305875494805952;-0,212731840613189;NA;NA;NA;NA;NA;0,277656078224435;"no $\EE$";FALSE;58;"MS";0,3;1;1;1,6;0,85;1;1;TRUE;"If";2000;0,5;1000;"$\EE:I_{\FF}$"
"863";0,00177610943735429;-0,215991893122237;-0,00939790976599719;0,00653879370507049;NA;0,0145806882094439;NA;-0,00430507087064225;"S";FALSE;58;"MS";0,3;1;1;1,6;0,85;1;1;TRUE;"If";2000;0,5;1000;"$\EE:I_{\FF}$"
"864";-0,00276156641554659;-0,213313421085086;NA;NA;NA;0,00203401089741012;NA;0,00115586520186284;"NS";FALSE;58;"MS";0,3;1;1;1,6;0,85;1;1;TRUE;"If";2000;0,5;1000;"$\EE:I_{\FF}$"
"865";-0,035776117964825;-0,116784310691778;NA;NA;NA;NA;NA;0,474204427565423;"no $\EE$";TRUE;58;"MS";0,3;1;1;1,6;0,85;1;1;TRUE;"If";2000;0,5;1000;"$\EE:I_{\FF}$"
"866";-0,0351785528307642;-0,120372730274939;-0,00109823444951695;0,00537437541750441;NA;-0,00050499478517041;NA;0,157742065319946;"S";TRUE;58;"MS";0,3;1;1;1,6;0,85;1;1;TRUE;"If";2000;0,5;1000;"$\EE:I_{\FF}$"
"867";-0,0355198280522212;-0,117048236614979;NA;NA;NA;-0,00326118879528894;NA;0,158917597663346;"NS";TRUE;58;"MS";0,3;1;1;1,6;0,85;1;1;TRUE;"If";2000;0,5;1000;"$\EE:I_{\FF}$"
"868";-0,00445536014449222;0,00203831619836392;NA;NA;NA;NA;NA;0,278945544146512;"no $\EE$";TRUE;58;"MaS";0,3;1;1;1,6;0,85;1;1;TRUE;"If";2000;0,5;1000;"$\EE:I_{\FF}$"
"869";-0,00493790325880139;0,000521996154610127;0,000163303290749983;0,00190788181094192;NA;-0,00206686358242739;NA;0,00578429527333157;"S";TRUE;58;"MaS";0,3;1;1;1,6;0,85;1;1;TRUE;"If";2000;0,5;1000;"$\EE:I_{\FF}$"
"870";-0,00482092627283937;0,00227739783418324;NA;NA;NA;-0,0019652566103108;NA;0,00567051602515578;"NS";TRUE;58;"MaS";0,3;1;1;1,6;0,85;1;1;TRUE;"If";2000;0,5;1000;"$\EE:I_{\FF}$"
"871";0,00196729083509073;-0,000780688978530342;NA;NA;NA;NA;NA;-0,00374200997762586;"no $\EE$";FALSE;59;"HWE";0,3;1;1;1;1;1;1;TRUE;"If";2000;0,5;1000;"None"
"872";-0,00291393656255967;0,00436290743158829;0,0100082399024242;-0,0104273396552187;NA;-0,0130255959965044;NA;0,00256939240795795;"S";FALSE;59;"HWE";0,3;1;1;1;1;1;1;TRUE;"If";2000;0,5;1000;"None"
"873";0,00207570075487062;-0,000888974649902119;NA;NA;NA;0,00278215263541415;NA;-0,00575114489556461;"NS";FALSE;59;"HWE";0,3;1;1;1;1;1;1;TRUE;"If";2000;0,5;1000;"None"
"874";0,00286620085203504;-0,00592751742374797;NA;NA;NA;NA;NA;-0,00562193602025407;"no $\EE$";TRUE;59;"HWE";0,3;1;1;1;1;1;1;TRUE;"If";2000;0,5;1000;"None"
"875";-0,000485542425542995;-0,00594415049336861;0,00634192723447224;-0,00149384425839438;NA;-0,00121838347028025;NA;-0,00572211619779395;"S";TRUE;59;"HWE";0,3;1;1;1;1;1;1;TRUE;"If";2000;0,5;1000;"None"
"876";0,00296136403281477;-0,0059774489788299;NA;NA;NA;0,00543354159436271;NA;-0,00948661612113544;"NS";TRUE;59;"HWE";0,3;1;1;1;1;1;1;TRUE;"If";2000;0,5;1000;"None"
"877";0,00209260624930208;-0,000947520529324675;NA;NA;NA;NA;NA;-0,00397391229534461;"no $\EE$";FALSE;59;"MS";0,3;1;1;1;1;1;1;TRUE;"If";2000;0,5;1000;"None"
"878";-0,00285454026290533;0,00432215558516513;0,0101066717019214;-0,0107012849616995;NA;-0,0133264985940887;NA;0,0025107109525111;"S";FALSE;59;"MS";0,3;1;1;1;1;1;1;TRUE;"If";2000;0,5;1000;"None"
"879";0,0022032552133171;-0,0010720240171973;NA;NA;NA;0,00272289469018361;NA;-0,00597019132122956;"NS";FALSE;59;"MS";0,3;1;1;1;1;1;1;TRUE;"If";2000;0,5;1000;"None"
"880";0,00290819572065648;-0,00594226063892711;NA;NA;NA;NA;NA;-0,00566154770728344;"no $\EE$";TRUE;59;"MS";0,3;1;1;1;1;1;1;TRUE;"If";2000;0,5;1000;"None"
"881";-0,000447018766217999;-0,00600010148717478;0,00638420886907265;-0,00144772286655304;NA;-0,00119632705692174;NA;-0,00580176564600954;"S";TRUE;59;"MS";0,3;1;1;1;1;1;1;TRUE;"If";2000;0,5;1000;"None"
"882";0,00300135830117698;-0,00600689837838608;NA;NA;NA;0,0054830805482351;NA;-0,00953665033250128;"NS";TRUE;59;"MS";0,3;1;1;1;1;1;1;TRUE;"If";2000;0,5;1000;"None"
"883";0,00282323860207767;-0,00538032246984477;NA;NA;NA;NA;NA;-0,00559546839608716;"no $\EE$";TRUE;59;"MaS";0,3;1;1;1;1;1;1;TRUE;"If";2000;0,5;1000;"None"
"884";-0,000496947973915418;-0,00514920771256755;0,00626286547093691;-0,00158788853918279;NA;-0,000864281553318968;NA;-0,00571498191515951;"S";TRUE;59;"MaS";0,3;1;1;1;1;1;1;TRUE;"If";2000;0,5;1000;"None"
"885";0,00278901041413704;-0,00536928466570541;NA;NA;NA;0,0064007732912561;NA;-0,00952098503142584;"NS";TRUE;59;"MaS";0,3;1;1;1;1;1;1;TRUE;"If";2000;0,5;1000;"None"
"886";-0,0013250617772284;0,00269405520478649;NA;NA;NA;NA;NA;0,00350503392173018;"no $\EE$";FALSE;60;"HWE";0,3;1,15;1;1;1;1;1;TRUE;"If";2000;0,5;1000;"$\CC$"
"887";-0,00376953081156006;0,00503500499277365;0,00516086142825412;-0,00464338778519124;NA;-0,0109393318702794;NA;0,00904070183780736;"S";FALSE;60;"HWE";0,3;1,15;1;1;1;1;1;TRUE;"If";2000;0,5;1000;"$\CC$"
"888";-0,00115151365562973;0,00253945792871701;NA;NA;NA;-0,00346143683416766;NA;0,00464219313896397;"NS";FALSE;60;"HWE";0,3;1,15;1;1;1;1;1;TRUE;"If";2000;0,5;1000;"$\CC$"
"889";0,0035008249807988;-0,00325298100453919;NA;NA;NA;NA;NA;-0,0065085070524511;"no $\EE$";TRUE;60;"HWE";0,3;1,15;1;1;1;1;1;TRUE;"If";2000;0,5;1000;"$\CC$"
"890";0,00406010762647568;-0,00551120682517281;-0,00147611693644556;0,00328708326047567;NA;0,00209914543843048;NA;-0,00791202372934796;"S";TRUE;60;"HWE";0,3;1,15;1;1;1;1;1;TRUE;"If";2000;0,5;1000;"$\CC$"
"891";0,00352470565126656;-0,00321749245420277;NA;NA;NA;-0,0003581547011694;NA;-0,00709751788257251;"NS";TRUE;60;"HWE";0,3;1,15;1;1;1;1;1;TRUE;"If";2000;0,5;1000;"$\CC$"
"892";-0,00126321687890415;0,00269154836979713;NA;NA;NA;NA;NA;0,00355168686135254;"no $\EE$";FALSE;60;"MS";0,3;1,15;1;1;1;1;1;TRUE;"If";2000;0,5;1000;"$\CC$"
"893";-0,00364356380350623;0,00491477510053184;0,0051128206547757;-0,00449098095047407;NA;-0,0108418965687956;NA;0,00902979253891689;"S";FALSE;60;"MS";0,3;1,15;1;1;1;1;1;TRUE;"If";2000;0,5;1000;"$\CC$"
"894";-0,00108874758931085;0,00252206623350015;NA;NA;NA;-0,0034162601939044;NA;0,00465596904422827;"NS";FALSE;60;"MS";0,3;1,15;1;1;1;1;1;TRUE;"If";2000;0,5;1000;"$\CC$"
"895";0,00368325113204398;-0,00334153387810165;NA;NA;NA;NA;NA;-0,00668543064427296;"no $\EE$";TRUE;60;"MS";0,3;1,15;1;1;1;1;1;TRUE;"If";2000;0,5;1000;"$\CC$"
"896";0,00428969052982793;-0,00566432135056272;-0,00157655262849343;0,00341222718030165;NA;0,00218863125519464;NA;-0,00804062237027892;"S";TRUE;60;"MS";0,3;1,15;1;1;1;1;1;TRUE;"If";2000;0,5;1000;"$\CC$"
"897";0,00369610895994898;-0,00327072128526995;NA;NA;NA;-0,000449913324146012;NA;-0,00720868208645342;"NS";TRUE;60;"MS";0,3;1,15;1;1;1;1;1;TRUE;"If";2000;0,5;1000;"$\CC$"
"898";0,00361800067586624;-0,003529454519274;NA;NA;NA;NA;NA;-0,0061095131635448;"no $\EE$";TRUE;60;"MaS";0,3;1,15;1;1;1;1;1;TRUE;"If";2000;0,5;1000;"$\CC$"
"899";0,00443982517234393;-0,00515500160156002;-0,00173961376646969;0,00240705091641358;NA;0,00317530790698339;NA;-0,00793159371066776;"S";TRUE;60;"MaS";0,3;1,15;1;1;1;1;1;TRUE;"If";2000;0,5;1000;"$\CC$"
"900";0,00352049883208061;-0,00337912232689941;NA;NA;NA;0,0011528933420315;NA;-0,00703411946347909;"NS";TRUE;60;"MaS";0,3;1,15;1;1;1;1;1;TRUE;"If";2000;0,5;1000;"$\CC$"
"901";0,00281548493772688;-0,00319213576999844;NA;NA;NA;NA;NA;0,229060729861213;"no $\EE$";FALSE;61;"HWE";0,3;1;1;1,5;1;1;1;TRUE;"If";2000;0,5;1000;"$\EE:I_{\FF}$"
"902";-0,000328472446857297;-0,00227609449966915;0,00640301012281008;-0,00197332692890206;NA;-0,00566870494499276;NA;0,000115765417270097;"S";FALSE;61;"HWE";0,3;1;1;1,5;1;1;1;TRUE;"If";2000;0,5;1000;"$\EE:I_{\FF}$"
"903";0,0030068308678739;-0,0033802373219376;NA;NA;NA;0,00079915699215638;NA;-0,00379698826653041;"NS";FALSE;61;"HWE";0,3;1;1;1,5;1;1;1;TRUE;"If";2000;0,5;1000;"$\EE:I_{\FF}$"
"904";0,00207909532452333;-0,00542770460314201;NA;NA;NA;NA;NA;0,224548909430141;"no $\EE$";TRUE;61;"HWE";0,3;1;1;1,5;1;1;1;TRUE;"If";2000;0,5;1000;"$\EE:I_{\FF}$"
"905";0,00375103228121954;-0,00829905523632202;-0,00357674310021738;0,0040821037692047;NA;0,00672796328995506;NA;-0,0101528369417307;"S";TRUE;61;"HWE";0,3;1;1;1,5;1;1;1;TRUE;"If";2000;0,5;1000;"$\EE:I_{\FF}$"
"906";0,00210719512506929;-0,00543801747013073;NA;NA;NA;0,0018725612517505;NA;-0,00801986976446656;"NS";TRUE;61;"HWE";0,3;1;1;1,5;1;1;1;TRUE;"If";2000;0,5;1000;"$\EE:I_{\FF}$"
"907";0,0028498193726012;-0,00312678595498117;NA;NA;NA;NA;NA;0,229123245132403;"no $\EE$";FALSE;61;"MS";0,3;1;1;1,5;1;1;1;TRUE;"If";2000;0,5;1000;"$\EE:I_{\FF}$"
"908";-0,000307947468490499;-0,002323162041731;0,00641702604675665;-0,00166753039094925;NA;-0,00506035531198397;NA;6,90747423406357e-05;"S";FALSE;61;"MS";0,3;1;1;1,5;1;1;1;TRUE;"If";2000;0,5;1000;"$\EE:I_{\FF}$"
"909";0,00300379701233;-0,00325791154421551;NA;NA;NA;0,000983759221409475;NA;-0,00365129083434501;"NS";FALSE;61;"MS";0,3;1;1;1,5;1;1;1;TRUE;"If";2000;0,5;1000;"$\EE:I_{\FF}$"
"910";0,00208467254766354;-0,00547209928432835;NA;NA;NA;NA;NA;0,224517092695294;"no $\EE$";TRUE;61;"MS";0,3;1;1;1,5;1;1;1;TRUE;"If";2000;0,5;1000;"$\EE:I_{\FF}$"
"911";0,00374971035084837;-0,0083311575596835;-0,00358722096352693;0,00413782869548696;NA;0,00677193949751439;NA;-0,0101508274830532;"S";TRUE;61;"MS";0,3;1;1;1,5;1;1;1;TRUE;"If";2000;0,5;1000;"$\EE:I_{\FF}$"
"912";0,00210660091307302;-0,00545907869168372;NA;NA;NA;0,00186565182380442;NA;-0,00802997556937979;"NS";TRUE;61;"MS";0,3;1;1;1,5;1;1;1;TRUE;"If";2000;0,5;1000;"$\EE:I_{\FF}$"
"913";0,00232541576098932;-0,00414588929894477;NA;NA;NA;NA;NA;0,223228046092925;"no $\EE$";TRUE;61;"MaS";0,3;1;1;1,5;1;1;1;TRUE;"If";2000;0,5;1000;"$\EE:I_{\FF}$"
"914";0,00398491278015944;-0,00650544674790499;-0,0035665431296894;0,0037484602891833;NA;0,00702460954151896;NA;-0,0112099213631254;"S";TRUE;61;"MaS";0,3;1;1;1,5;1;1;1;TRUE;"If";2000;0,5;1000;"$\EE:I_{\FF}$"
"915";0,00222478546395255;-0,004070913814885;NA;NA;NA;0,00285386897069066;NA;-0,00918091880496019;"NS";TRUE;61;"MaS";0,3;1;1;1,5;1;1;1;TRUE;"If";2000;0,5;1000;"$\EE:I_{\FF}$"
"916";0,000412713967768097;0,00180753405171585;NA;NA;NA;NA;NA;0,27783643101286;"no $\EE$";FALSE;62;"HWE";0,3;1;1;1,6;1;1;1;TRUE;"If";2000;0,5;1000;"$\EE:I_{\FF}$"
"917";-0,000678492551415277;0,00146294147372639;0,00239048324502833;0,000427570620389339;NA;-0,000144019140832785;NA;0,00204288281182952;"S";FALSE;62;"HWE";0,3;1;1;1,6;1;1;1;TRUE;"If";2000;0,5;1000;"$\EE:I_{\FF}$"
"918";0,000643218247963651;0,00157831356418092;NA;NA;NA;0,00139760579480619;NA;0,000667664568209769;"NS";FALSE;62;"HWE";0,3;1;1;1,6;1;1;1;TRUE;"If";2000;0,5;1000;"$\EE:I_{\FF}$"
"919";0,00116969340825168;-0,000322017783812689;NA;NA;NA;NA;NA;0,269687424411297;"no $\EE$";TRUE;62;"HWE";0,3;1;1;1,6;1;1;1;TRUE;"If";2000;0,5;1000;"$\EE:I_{\FF}$"
"920";0,00170161212776421;-0,000212964687604233;-0,00160478653412155;-0,00160811212836942;NA;0,00523030162059193;NA;-0,00708655700678607;"S";TRUE;62;"HWE";0,3;1;1;1,6;1;1;1;TRUE;"If";2000;0,5;1000;"$\EE:I_{\FF}$"
"921";0,00113025904542874;-0,000266103644007809;NA;NA;NA;0,00419950315782958;NA;-0,00698576519324945;"NS";TRUE;62;"HWE";0,3;1;1;1,6;1;1;1;TRUE;"If";2000;0,5;1000;"$\EE:I_{\FF}$"
"922";0,000325442953800215;0,00200175986291562;NA;NA;NA;NA;NA;0,278315446053137;"no $\EE$";FALSE;62;"MS";0,3;1;1;1,6;1;1;1;TRUE;"If";2000;0,5;1000;"$\EE:I_{\FF}$"
"923";-0,000799256301045936;0,00156159083959406;0,00242626009459102;0,000598092795303096;NA;0,000397973252049266;NA;0,00232803184251607;"S";FALSE;62;"MS";0,3;1;1;1,6;1;1;1;TRUE;"If";2000;0,5;1000;"$\EE:I_{\FF}$"
"924";0,000542350771080669;0,00178339759985557;NA;NA;NA;0,0016365669364983;NA;0,000992610295886376;"NS";FALSE;62;"MS";0,3;1;1;1,6;1;1;1;TRUE;"If";2000;0,5;1000;"$\EE:I_{\FF}$"
"925";0,00124255191916522;-0,000259873942411226;NA;NA;NA;NA;NA;0,269672033766847;"no $\EE$";TRUE;62;"MS";0,3;1;1;1,6;1;1;1;TRUE;"If";2000;0,5;1000;"$\EE:I_{\FF}$"
"926";0,0018090565335811;-0,000257329249864657;-0,00162804567907093;-0,00114430616943217;NA;0,00546414044616819;NA;-0,00722382565510249;"S";TRUE;62;"MS";0,3;1;1;1,6;1;1;1;TRUE;"If";2000;0,5;1000;"$\EE:I_{\FF}$"
"927";0,00120645462517044;-5,77513501328619e-05;NA;NA;NA;0,00411500855423352;NA;-0,00696927009950599;"NS";TRUE;62;"MS";0,3;1;1;1,6;1;1;1;TRUE;"If";2000;0,5;1000;"$\EE:I_{\FF}$"
"928";0,00108152056116384;-0,000918281400223653;NA;NA;NA;NA;NA;0,271022612525984;"no $\EE$";TRUE;62;"MaS";0,3;1;1;1,6;1;1;1;TRUE;"If";2000;0,5;1000;"$\EE:I_{\FF}$"
"929";0,0017623791759076;0,000111283024447184;-0,00185424631467934;-0,00257054534931389;NA;0,00706680422292341;NA;-0,00681500970343096;"S";TRUE;62;"MaS";0,3;1;1;1,6;1;1;1;TRUE;"If";2000;0,5;1000;"$\EE:I_{\FF}$"
"930";0,000933660464483843;-0,000642913423094194;NA;NA;NA;0,00483400622901878;NA;-0,00587466475170562;"NS";TRUE;62;"MaS";0,3;1;1;1,6;1;1;1;TRUE;"If";2000;0,5;1000;"$\EE:I_{\FF}$"
"931";-0,00422608417362413;0,270022039683244;NA;NA;NA;NA;NA;0,00481141491664094;"no $\EE$";FALSE;63;"HWE";0,3;1;1;1;1,15;1;1;TRUE;"If";2000;0,5;1000;"None"
"932";-0,00622540494941026;0,272497314531299;0,00399416837021471;-0,00345609328990804;NA;-0,00386603799865692;NA;0,00681636204301794;"S";FALSE;63;"HWE";0,3;1;1;1;1,15;1;1;TRUE;"If";2000;0,5;1000;"None"
"933";-0,00410983348704885;0,269915447729743;NA;NA;NA;0,00207713366601658;NA;0,00307886136848068;"NS";FALSE;63;"HWE";0,3;1;1;1;1,15;1;1;TRUE;"If";2000;0,5;1000;"None"
"934";0,0282187495264712;0,130649888947369;NA;NA;NA;NA;NA;-0,135985928911959;"no $\EE$";TRUE;63;"HWE";0,3;1;1;1;1,15;1;1;TRUE;"If";2000;0,5;1000;"None"
"935";0,0245506832369762;0,134399709195211;0,00737854413963168;-0,0081289529483054;NA;-0,0133400350277315;NA;-0,131299217625636;"S";TRUE;63;"HWE";0,3;1;1;1;1,15;1;1;TRUE;"If";2000;0,5;1000;"None"
"936";0,0282769390621442;0,130643263894161;NA;NA;NA;-0,0034710448226849;NA;-0,135590944201949;"NS";TRUE;63;"HWE";0,3;1;1;1;1,15;1;1;TRUE;"If";2000;0,5;1000;"None"
"937";-0,00425046821792041;0,273173110538844;NA;NA;NA;NA;NA;0,00484045289937418;"no $\EE$";FALSE;63;"MS";0,3;1;1;1;1,15;1;1;TRUE;"If";2000;0,5;1000;"None"
"938";-0,00630797874865952;0,275762556836536;0,00408019438592278;-0,00317540895015711;NA;-0,00398543162387921;NA;0,00689631355144593;"S";FALSE;63;"MS";0,3;1;1;1;1,15;1;1;TRUE;"If";2000;0,5;1000;"None"
"939";-0,00410533416325287;0,273153065706457;NA;NA;NA;0,00173201223483277;NA;0,00327158239615088;"NS";FALSE;63;"MS";0,3;1;1;1;1,15;1;1;TRUE;"If";2000;0,5;1000;"None"
"940";0,0283019591666753;0,131183760230591;NA;NA;NA;NA;NA;-0,136312145207363;"no $\EE$";TRUE;63;"MS";0,3;1;1;1;1,15;1;1;TRUE;"If";2000;0,5;1000;"None"
"941";0,0244421388980465;0,13522680935271;0,00751822484611098;-0,00831173735795299;NA;-0,0134049413343013;NA;-0,131458524218635;"S";TRUE;63;"MS";0,3;1;1;1;1,15;1;1;TRUE;"If";2000;0,5;1000;"None"
"942";0,0283513911718023;0,131235670669367;NA;NA;NA;-0,00338407891710257;NA;-0,135926627709042;"NS";TRUE;63;"MS";0,3;1;1;1;1,15;1;1;TRUE;"If";2000;0,5;1000;"None"
"943";-0,00139447053618502;0,00132523151456931;NA;NA;NA;NA;NA;-7,83307764984364e-07;"no $\EE$";TRUE;63;"MaS";0,3;1;1;1;1,15;1;1;TRUE;"If";2000;0,5;1000;"None"
"944";-0,00514084739560017;0,00527940305403218;0,00736513288741447;-0,00891926837151891;NA;-0,0128406362497522;NA;0,00562742824988383;"S";TRUE;63;"MaS";0,3;1;1;1;1,15;1;1;TRUE;"If";2000;0,5;1000;"None"
"945";-0,00142766510203107;0,00131529642518924;NA;NA;NA;-0,00430828508962366;NA;0,00128249819104798;"NS";TRUE;63;"MaS";0,3;1;1;1;1,15;1;1;TRUE;"If";2000;0,5;1000;"None"
"946";0,00208577431389057;0,26193026020153;NA;NA;NA;NA;NA;-0,00327888607587978;"no $\EE$";FALSE;64;"HWE";0,3;1,15;1;1;1,15;1;1;TRUE;"If";2000;0,5;1000;"$\CC$"
"947";0,00401639646580706;0,261503003491643;-0,00350950502336134;0,000960095013088802;NA;0,000157765450307989;NA;-0,00347877628463111;"S";FALSE;64;"HWE";0,3;1,15;1;1;1,15;1;1;TRUE;"If";2000;0,5;1000;"$\CC$"
"948";0,00227173791662613;0,261762192812006;NA;NA;NA;-0,00335741103821163;NA;-0,00233291450024498;"NS";FALSE;64;"HWE";0,3;1,15;1;1;1,15;1;1;TRUE;"If";2000;0,5;1000;"$\CC$"
"949";0,0337032334892424;0,125486305626428;NA;NA;NA;NA;NA;-0,138475789829262;"no $\EE$";TRUE;64;"HWE";0,3;1,15;1;1;1,15;1;1;TRUE;"If";2000;0,5;1000;"$\CC$"
"950";0,032257763039429;0,125881213109365;0,00344304213677304;-0,00212588861054608;NA;-0,00774427278876388;NA;-0,136234355047607;"S";TRUE;64;"HWE";0,3;1,15;1;1;1,15;1;1;TRUE;"If";2000;0,5;1000;"$\CC$"
"951";0,0337832466681821;0,125546091483119;NA;NA;NA;-0,00376837562969001;NA;-0,137797796626031;"NS";TRUE;64;"HWE";0,3;1,15;1;1;1,15;1;1;TRUE;"If";2000;0,5;1000;"$\CC$"
"952";0,00168535684165223;0,265106174763261;NA;NA;NA;NA;NA;-0,00324713938548427;"no $\EE$";FALSE;64;"MS";0,3;1,15;1;1;1,15;1;1;TRUE;"If";2000;0,5;1000;"$\CC$"
"953";0,00353316491908709;0,265297936560172;-0,00344755061604152;0,00064808309860509;NA;0,000103455682754827;NA;-0,00325709447857925;"S";FALSE;64;"MS";0,3;1,15;1;1;1,15;1;1;TRUE;"If";2000;0,5;1000;"$\CC$"
"954";0,00188542119705687;0,265092211217027;NA;NA;NA;-0,0031142632349882;NA;-0,00238665145003325;"NS";FALSE;64;"MS";0,3;1,15;1;1;1,15;1;1;TRUE;"If";2000;0,5;1000;"$\CC$"
"955";0,0333004850482132;0,126416409588634;NA;NA;NA;NA;NA;-0,138282062889434;"no $\EE$";TRUE;64;"MS";0,3;1,15;1;1;1,15;1;1;TRUE;"If";2000;0,5;1000;"$\CC$"
"956";0,0318497977803395;0,126882405117559;0,00343320117442425;-0,00199207994516559;NA;-0,00824673922252084;NA;-0,135799641205917;"S";TRUE;64;"MS";0,3;1,15;1;1;1,15;1;1;TRUE;"If";2000;0,5;1000;"$\CC$"
"957";0,0333594515140147;0,126546228846681;NA;NA;NA;-0,00429764585537096;NA;-0,137316667012296;"NS";TRUE;64;"MS";0,3;1,15;1;1;1,15;1;1;TRUE;"If";2000;0,5;1000;"$\CC$"
"958";-0,000289671931121258;-0,000206871811426979;NA;NA;NA;NA;NA;0,00254531061105046;"no $\EE$";TRUE;64;"MaS";0,3;1,15;1;1;1,15;1;1;TRUE;"If";2000;0,5;1000;"$\CC$"
"959";-0,00172803060287528;0,000759070411433305;0,0032340144452867;-0,00266985079231186;NA;-0,00712835210824503;NA;0,00526036878735048;"S";TRUE;64;"MaS";0,3;1,15;1;1;1,15;1;1;TRUE;"If";2000;0,5;1000;"$\CC$"
"960";-0,00034599902998082;-0,000125885158443362;NA;NA;NA;-0,00336540608351432;NA;0,00361016058841424;"NS";TRUE;64;"MaS";0,3;1,15;1;1;1,15;1;1;TRUE;"If";2000;0,5;1000;"$\CC$"
"961";0,000275845961166477;0,266341304022917;NA;NA;NA;NA;NA;0,229850374388771;"no $\EE$";FALSE;65;"HWE";0,3;1;1;1,5;1,15;1;1;TRUE;"If";2000;0,5;1000;"$\EE:I_{\FF}$"
"962";0,000136356942747717;0,268215324069533;0,00123010188481265;-0,00352102723702885;NA;-0,00737332715875993;NA;-0,000202076101797233;"S";FALSE;65;"HWE";0,3;1;1;1,5;1,15;1;1;TRUE;"If";2000;0,5;1000;"$\EE:I_{\FF}$"
"963";0,000691517201583336;0,265839246312263;NA;NA;NA;-0,00360037447836673;NA;-0,00250731902119017;"NS";FALSE;65;"HWE";0,3;1;1;1,5;1,15;1;1;TRUE;"If";2000;0,5;1000;"$\EE:I_{\FF}$"
"964";0,0384711192140657;0,125671605480107;NA;NA;NA;NA;NA;0,0538338127764952;"no $\EE$";TRUE;65;"HWE";0,3;1;1;1,5;1,15;1;1;TRUE;"If";2000;0,5;1000;"$\EE:I_{\FF}$"
"965";0,036209678494594;0,126116459399091;0,00395727569188198;-0,00205212387644704;NA;-0,0021124341979406;NA;-0,145603727677709;"S";TRUE;65;"HWE";0,3;1;1;1,5;1,15;1;1;TRUE;"If";2000;0,5;1000;"$\EE:I_{\FF}$"
"966";0,0380967555389395;0,125969393480734;NA;NA;NA;0,00230234243096058;NA;-0,147389203275182;"NS";TRUE;65;"HWE";0,3;1;1;1,5;1,15;1;1;TRUE;"If";2000;0,5;1000;"$\EE:I_{\FF}$"
"967";0,000310448142136988;0,267325338155106;NA;NA;NA;NA;NA;0,229448603771767;"no $\EE$";FALSE;65;"MS";0,3;1;1;1,5;1,15;1;1;TRUE;"If";2000;0,5;1000;"$\EE:I_{\FF}$"
"968";9,8201492008787e-05;0,271767407197366;0,00118796414580613;-0,00578711775863028;NA;-0,00676294466394263;NA;-0,000159396410484791;"S";FALSE;65;"MS";0,3;1;1;1,5;1,15;1;1;TRUE;"If";2000;0,5;1000;"$\EE:I_{\FF}$"
"969";0,000611267917552283;0,267842722963668;NA;NA;NA;-0,00147254505428288;NA;-0,00322251997611445;"NS";FALSE;65;"MS";0,3;1;1;1,5;1,15;1;1;TRUE;"If";2000;0,5;1000;"$\EE:I_{\FF}$"
"970";0,0384280677820799;0,125947851154953;NA;NA;NA;NA;NA;0,053761159812751;"no $\EE$";TRUE;65;"MS";0,3;1;1;1,5;1,15;1;1;TRUE;"If";2000;0,5;1000;"$\EE:I_{\FF}$"
"971";0,0361753218889009;0,126711678801583;0,00418146257149021;-0,00240461740338416;NA;-0,00223829017167472;NA;-0,145751413952252;"S";TRUE;65;"MS";0,3;1;1;1,5;1,15;1;1;TRUE;"If";2000;0,5;1000;"$\EE:I_{\FF}$"
"972";0,0380682284686471;0,126356642197086;NA;NA;NA;0,00240910819786796;NA;-0,147518314059045;"NS";TRUE;65;"MS";0,3;1;1;1,5;1,15;1;1;TRUE;"If";2000;0,5;1000;"$\EE:I_{\FF}$"
"973";0,00625687036561784;-0,0026148855961714;NA;NA;NA;NA;NA;0,223741403737977;"no $\EE$";TRUE;65;"MaS";0,3;1;1;1,5;1,15;1;1;TRUE;"If";2000;0,5;1000;"$\EE:I_{\FF}$"
"974";0,00593096106698554;-0,00317959908228238;0,00135120925913768;-0,000367617677782484;NA;0,000192806503674111;NA;-0,00945114006418679;"S";TRUE;65;"MaS";0,3;1;1;1,5;1,15;1;1;TRUE;"If";2000;0,5;1000;"$\EE:I_{\FF}$"
"975";0,00626952286348637;-0,00258022701875404;NA;NA;NA;0,00156562966596748;NA;-0,00973705292539606;"NS";TRUE;65;"MaS";0,3;1;1;1,5;1,15;1;1;TRUE;"If";2000;0,5;1000;"$\EE:I_{\FF}$"
"976";0,000432542427864169;0,265404126452593;NA;NA;NA;NA;NA;0,273871300157079;"no $\EE$";FALSE;66;"HWE";0,3;1;1;1,6;1,15;1;1;TRUE;"If";2000;0,5;1000;"$\EE:I_{\FF}$"
"977";0,000496984799499556;0,262573638143942;-0,0002960758999071;0,0051236618468915;NA;-0,000163444602847285;NA;-0,00181215618281161;"S";FALSE;66;"HWE";0,3;1;1;1,6;1,15;1;1;TRUE;"If";2000;0,5;1000;"$\EE:I_{\FF}$"
"978";0,000440741446009696;0,265444123606681;NA;NA;NA;-0,00450811153032873;NA;-0,00030000508701955;"NS";FALSE;66;"HWE";0,3;1;1;1,6;1,15;1;1;TRUE;"If";2000;0,5;1000;"$\EE:I_{\FF}$"
"979";0,0343401054319046;0,124348697211447;NA;NA;NA;NA;NA;0,0925069902701605;"no $\EE$";TRUE;66;"HWE";0,3;1;1;1,6;1,15;1;1;TRUE;"If";2000;0,5;1000;"$\EE:I_{\FF}$"
"980";0,0345880534725986;0,125697250778825;-0,00107208693132121;-0,00350932199692522;NA;0,000954278420773058;NA;-0,145357279264146;"S";TRUE;66;"HWE";0,3;1;1;1,6;1,15;1;1;TRUE;"If";2000;0,5;1000;"$\EE:I_{\FF}$"
"981";0,0341877910865196;0,124486264243868;NA;NA;NA;0,00101689155936086;NA;-0,145673942096156;"NS";TRUE;66;"HWE";0,3;1;1;1,6;1,15;1;1;TRUE;"If";2000;0,5;1000;"$\EE:I_{\FF}$"
"982";0,000550018928741514;0,266102308345363;NA;NA;NA;NA;NA;0,27324249510037;"no $\EE$";FALSE;66;"MS";0,3;1;1;1,6;1,15;1;1;TRUE;"If";2000;0,5;1000;"$\EE:I_{\FF}$"
"983";0,000509366250954102;0,265513309121635;-2,70427159554387e-08;0,00247573062171824;NA;-0,000784045304611097;NA;-0,00185657385030935;"S";FALSE;66;"MS";0,3;1;1;1,6;1,15;1;1;TRUE;"If";2000;0,5;1000;"$\EE:I_{\FF}$"
"984";0,000541971536099251;0,266688914948129;NA;NA;NA;-0,00313770336962518;NA;-0,00128874521328914;"NS";FALSE;66;"MS";0,3;1;1;1,6;1,15;1;1;TRUE;"If";2000;0,5;1000;"$\EE:I_{\FF}$"
"985";0,0343366641160179;0,124631275458037;NA;NA;NA;NA;NA;0,0923404209479191;"no $\EE$";TRUE;66;"MS";0,3;1;1;1,6;1,15;1;1;TRUE;"If";2000;0,5;1000;"$\EE:I_{\FF}$"
"986";0,0346597803712936;0,126553033398802;-0,0010972023557686;-0,0038518831957175;NA;0,00158559782204429;NA;-0,145841047652071;"S";TRUE;66;"MS";0,3;1;1;1,6;1,15;1;1;TRUE;"If";2000;0,5;1000;"$\EE:I_{\FF}$"
"987";0,0341871601240111;0,125138490387622;NA;NA;NA;0,00158117118016818;NA;-0,146034248618807;"NS";TRUE;66;"MS";0,3;1;1;1,6;1,15;1;1;TRUE;"If";2000;0,5;1000;"$\EE:I_{\FF}$"
"988";0,0022370855624223;-0,00403757422747075;NA;NA;NA;NA;NA;0,268725014338549;"no $\EE$";TRUE;66;"MaS";0,3;1;1;1,6;1,15;1;1;TRUE;"If";2000;0,5;1000;"$\EE:I_{\FF}$"
"989";0,00422479307528678;-0,00325049475716521;-0,00332406894503068;-0,00276829536918077;NA;0,00400471453985127;NA;-0,00951933564823659;"S";TRUE;66;"MaS";0,3;1;1;1,6;1,15;1;1;TRUE;"If";2000;0,5;1000;"$\EE:I_{\FF}$"
"990";0,0026040158573104;-0,00408453914186302;NA;NA;NA;-0,000175421369419809;NA;-0,00757603479248536;"NS";TRUE;66;"MaS";0,3;1;1;1,6;1,15;1;1;TRUE;"If";2000;0,5;1000;"$\EE:I_{\FF}$"
"991";-0,00295483615945069;-0,205531496635827;NA;NA;NA;NA;NA;0,00942021223256355;"no $\EE$";FALSE;67;"HWE";0,3;1;1;1;0,85;1;1,2;TRUE;"If";2000;0,5;1000;"$I_{\FF}$"
"992";-0,0039784531505056;-0,20541323936828;0,0018627093546657;-0,000431854219812511;NA;-0,00272272405367724;NA;0,0111509509393565;"S";FALSE;67;"HWE";0,3;1;1;1;0,85;1;1,2;TRUE;"If";2000;0,5;1000;"$I_{\FF}$"
"993";-0,00281640062158994;-0,205667241732299;NA;NA;NA;-0,00100827055104569;NA;0,00947314737892206;"NS";FALSE;67;"HWE";0,3;1;1;1;0,85;1;1,2;TRUE;"If";2000;0,5;1000;"$I_{\FF}$"
"994";-0,0284351832112962;-0,121390034612603;NA;NA;NA;NA;NA;0,147474851398143;"no $\EE$";TRUE;67;"HWE";0,3;1;1;1;0,85;1;1,2;TRUE;"If";2000;0,5;1000;"$I_{\FF}$"
"995";-0,0266640236648235;-0,122741295125442;-0,00368425182571619;0,000964937421700007;NA;0,00564137609035376;NA;0,143673179890719;"S";TRUE;67;"HWE";0,3;1;1;1;0,85;1;1,2;TRUE;"If";2000;0,5;1000;"$I_{\FF}$"
"996";-0,0282047064588755;-0,121548255619436;NA;NA;NA;0,00185788349264349;NA;0,145421499844633;"NS";TRUE;67;"HWE";0,3;1;1;1;0,85;1;1,2;TRUE;"If";2000;0,5;1000;"$I_{\FF}$"
"997";-0,00256190159744896;-0,20960908752401;NA;NA;NA;NA;NA;0,00791381004117779;"no $\EE$";FALSE;67;"MS";0,3;1;1;1;0,85;1;1,2;TRUE;"If";2000;0,5;1000;"$I_{\FF}$"
"998";-0,00371567203768786;-0,209452202137237;0,00210583897991889;-0,00107375081285721;NA;-0,00321858370769668;NA;0,00989663870433255;"S";FALSE;67;"MS";0,3;1;1;1;0,85;1;1,2;TRUE;"If";2000;0,5;1000;"$I_{\FF}$"
"999";-0,0024312529335011;-0,209843464903165;NA;NA;NA;-0,000749630949176128;NA;0,00777936169970628;"NS";FALSE;67;"MS";0,3;1;1;1;0,85;1;1,2;TRUE;"If";2000;0,5;1000;"$I_{\FF}$"
"1000";-0,0286189890119689;-0,121995148100286;NA;NA;NA;NA;NA;0,148247344453937;"no $\EE$";TRUE;67;"MS";0,3;1;1;1;0,85;1;1,2;TRUE;"If";2000;0,5;1000;"$I_{\FF}$"
"1001";-0,0269188429090309;-0,123417495775851;-0,00365945311922999;0,00103980800054648;NA;0,00562667723331423;NA;0,144568984046009;"S";TRUE;67;"MS";0,3;1;1;1;0,85;1;1,2;TRUE;"If";2000;0,5;1000;"$I_{\FF}$"
"1002";-0,0283886371003969;-0,122177700138719;NA;NA;NA;0,00176285059027248;NA;0,146230040919922;"NS";TRUE;67;"MS";0,3;1;1;1;0,85;1;1,2;TRUE;"If";2000;0,5;1000;"$I_{\FF}$"
"1003";0,00315373914542083;-0,00324450544145649;NA;NA;NA;NA;NA;-0,00456312358575794;"no $\EE$";TRUE;67;"MaS";0,3;1;1;1;0,85;1;1,2;TRUE;"If";2000;0,5;1000;"$I_{\FF}$"
"1004";0,00510443700675456;-0,00488359552726847;-0,00382108914558543;0,00192068408269619;NA;0,0052551579942639;NA;-0,00762466029825881;"S";TRUE;67;"MaS";0,3;1;1;1;0,85;1;1,2;TRUE;"If";2000;0,5;1000;"$I_{\FF}$"
"1005";0,00329456710475506;-0,00328622106349319;NA;NA;NA;0,00093107997576336;NA;-0,00557273177589505;"NS";TRUE;67;"MaS";0,3;1;1;1;0,85;1;1,2;TRUE;"If";2000;0,5;1000;"$I_{\FF}$"
"1006";0,00212835585894222;-0,00305276366272911;NA;NA;NA;NA;NA;-0,00147937318191571;"no $\EE$";FALSE;68;"HWE";0,3;1;1;1;1;1;1,2;TRUE;"If";2000;0,5;1000;"$I_{\FF}$"
"1007";0,00205668274719817;-0,00475304137228461;-2,47782044049405e-05;0,00356970057041472;NA;0,00362363213071037;NA;-0,00297957780660922;"S";FALSE;68;"HWE";0,3;1;1;1;1;1;1,2;TRUE;"If";2000;0,5;1000;"$I_{\FF}$"
"1008";0,00226580033737367;-0,00318966033306045;NA;NA;NA;0,000813184756851104;NA;-0,00237471539173325;"NS";FALSE;68;"HWE";0,3;1;1;1;1;1;1,2;TRUE;"If";2000;0,5;1000;"$I_{\FF}$"
"1009";-0,00108007072647753;-0,00261444294998803;NA;NA;NA;NA;NA;-0,00283602458705549;"no $\EE$";TRUE;68;"HWE";0,3;1;1;1;1;1;1,2;TRUE;"If";2000;0,5;1000;"$I_{\FF}$"
"1010";0,00293984280606963;-0,00425682042185005;-0,00855245946731809;0,00161998816846487;NA;0,0134460636817202;NA;-0,0097937248101813;"S";TRUE;68;"HWE";0,3;1;1;1;1;1;1,2;TRUE;"If";2000;0,5;1000;"$I_{\FF}$"
"1011";-0,00100776099533262;-0,00265445852628166;NA;NA;NA;0,00460012950386557;NA;-0,00589066079729343;"NS";TRUE;68;"HWE";0,3;1;1;1;1;1;1,2;TRUE;"If";2000;0,5;1000;"$I_{\FF}$"
"1012";0,0021220047379622;-0,0031530584870928;NA;NA;NA;NA;NA;-0,00145403270219502;"no $\EE$";FALSE;68;"MS";0,3;1;1;1;1;1;1,2;TRUE;"If";2000;0,5;1000;"$I_{\FF}$"
"1013";0,00201339155815661;-0,00495833775234;5,09963231143384e-05;0,00372558400587564;NA;0,00360890217603105;NA;-0,00289723982282016;"S";FALSE;68;"MS";0,3;1;1;1;1;1;1,2;TRUE;"If";2000;0,5;1000;"$I_{\FF}$"
"1014";0,00226605255856538;-0,0032975544354964;NA;NA;NA;0,000791123480773592;NA;-0,00235815648888915;"NS";FALSE;68;"MS";0,3;1;1;1;1;1;1,2;TRUE;"If";2000;0,5;1000;"$I_{\FF}$"
"1015";-0,00107012335107104;-0,00264535181545078;NA;NA;NA;NA;NA;-0,00277968625598849;"no $\EE$";TRUE;68;"MS";0,3;1;1;1;1;1;1,2;TRUE;"If";2000;0,5;1000;"$I_{\FF}$"
"1016";0,00298335800808824;-0,00428371529144556;-0,00858721360300663;0,00156190642927512;NA;0,0135350037122592;NA;-0,00976768374172321;"S";TRUE;68;"MS";0,3;1;1;1;1;1;1,2;TRUE;"If";2000;0,5;1000;"$I_{\FF}$"
"1017";-0,000990588228967582;-0,00269107847439576;NA;NA;NA;0,00464115227487549;NA;-0,00587496970752592;"NS";TRUE;68;"MS";0,3;1;1;1;1;1;1,2;TRUE;"If";2000;0,5;1000;"$I_{\FF}$"
"1018";-0,00120892403048911;-0,00300027580032347;NA;NA;NA;NA;NA;-0,00195043437698106;"no $\EE$";TRUE;68;"MaS";0,3;1;1;1;1;1;1,2;TRUE;"If";2000;0,5;1000;"$I_{\FF}$"
"1019";0,00304651705842374;-0,00394345147988062;-0,00903294765053286;0,000609822879768407;NA;0,0148528181059944;NA;-0,00939815291004675;"S";TRUE;68;"MaS";0,3;1;1;1;1;1;1,2;TRUE;"If";2000;0,5;1000;"$I_{\FF}$"
"1020";-0,0012287925383595;-0,00301938892408871;NA;NA;NA;0,00427668517674573;NA;-0,00450136904595296;"NS";TRUE;68;"MaS";0,3;1;1;1;1;1;1,2;TRUE;"If";2000;0,5;1000;"$I_{\FF}$"
"1021";-0,000162905703949279;0,267617347376079;NA;NA;NA;NA;NA;-0,00330120481948915;"no $\EE$";FALSE;69;"HWE";0,3;1;1;1;1,15;1;1,2;TRUE;"If";2000;0,5;1000;"$I_{\FF}$"
"1022";-0,00259538084735178;0,268183176394007;0,00487031194520404;-0,000555216618117194;NA;-0,00724998486450845;NA;0,000506669909259479;"S";FALSE;69;"HWE";0,3;1;1;1;1,15;1;1,2;TRUE;"If";2000;0,5;1000;"$I_{\FF}$"
"1023";-2,06282747662323e-05;0,267478124742444;NA;NA;NA;-0,0030040862027394;NA;-0,00236873848240652;"NS";FALSE;69;"HWE";0,3;1;1;1;1,15;1;1,2;TRUE;"If";2000;0,5;1000;"$I_{\FF}$"
"1024";0,0283961175565981;0,128814402020812;NA;NA;NA;NA;NA;-0,135040302848403;"no $\EE$";TRUE;69;"HWE";0,3;1;1;1;1,15;1;1,2;TRUE;"If";2000;0,5;1000;"$I_{\FF}$"
"1025";0,0247815651919971;0,128575001311511;0,00654327657144371;-0,000826142653323925;NA;-0,0073701307920444;NA;-0,132265932352278;"S";TRUE;69;"HWE";0,3;1;1;1;1,15;1;1,2;TRUE;"If";2000;0,5;1000;"$I_{\FF}$"
"1026";0,0283742907898865;0,128904224850524;NA;NA;NA;-0,000725641120460696;NA;-0,135488764435557;"NS";TRUE;69;"HWE";0,3;1;1;1;1,15;1;1,2;TRUE;"If";2000;0,5;1000;"$I_{\FF}$"
"1027";-9,47671819784279e-06;0,268684146320086;NA;NA;NA;NA;NA;-0,00382347631769438;"no $\EE$";FALSE;69;"MS";0,3;1;1;1;1,15;1;1,2;TRUE;"If";2000;0,5;1000;"$I_{\FF}$"
"1028";-0,00229442202225894;0,269361486581474;0,00462156578723616;-0,000348515971673513;NA;-0,00697912465530948;NA;-0,000134905584025883;"S";FALSE;69;"MS";0,3;1;1;1;1,15;1;1,2;TRUE;"If";2000;0,5;1000;"$I_{\FF}$"
"1029";0,000157600550184656;0,268653739954383;NA;NA;NA;-0,00302396234286173;NA;-0,0028520465675469;"NS";FALSE;69;"MS";0,3;1;1;1;1,15;1;1,2;TRUE;"If";2000;0,5;1000;"$I_{\FF}$"
"1030";0,0284342126068315;0,129048537642063;NA;NA;NA;NA;NA;-0,135153607761072;"no $\EE$";TRUE;69;"MS";0,3;1;1;1;1,15;1;1,2;TRUE;"If";2000;0,5;1000;"$I_{\FF}$"
"1031";0,024811535959439;0,12885230707629;0,00661122833281191;-0,00076977643080256;NA;-0,00728676960412389;NA;-0,13240316661758;"S";TRUE;69;"MS";0,3;1;1;1;1,15;1;1,2;TRUE;"If";2000;0,5;1000;"$I_{\FF}$"
"1032";0,0284131176013156;0,129197737260474;NA;NA;NA;-0,000687920539967024;NA;-0,135598640975631;"NS";TRUE;69;"MS";0,3;1;1;1;1,15;1;1,2;TRUE;"If";2000;0,5;1000;"$I_{\FF}$"
"1033";-0,00249414329091791;0,000995037259612364;NA;NA;NA;NA;NA;0,0019242549754835;"no $\EE$";TRUE;69;"MaS";0,3;1;1;1;1,15;1;1,2;TRUE;"If";2000;0,5;1000;"$I_{\FF}$"
"1034";-0,00607264254669126;0,000976761916090085;0,0067771460669126;-0,000943377976649007;NA;-0,00733987070561337;NA;0,00535564905472944;"S";TRUE;69;"MaS";0,3;1;1;1;1,15;1;1,2;TRUE;"If";2000;0,5;1000;"$I_{\FF}$"
"1035";-0,00260959399022387;0,00101043988912441;NA;NA;NA;0,000495041018681697;NA;0,00125912419344343;"NS";TRUE;69;"MaS";0,3;1;1;1;1,15;1;1,2;TRUE;"If";2000;0,5;1000;"$I_{\FF}$"
"1036";-0,000633535428824161;-0,205639534588383;NA;NA;NA;NA;NA;0,00814200846820268;"no $\EE$";FALSE;70;"HWE";0,3;1;1;1;0,85;1;1,4;TRUE;"If";2000;0,5;1000;"$I_{\FF}$"
"1037";-0,0034871086902033;-0,205066404170917;0,00634888593880722;-0,00231106774473389;NA;-0,00463410290837718;NA;0,010234321394811;"S";FALSE;70;"HWE";0,3;1;1;1;0,85;1;1,4;TRUE;"If";2000;0,5;1000;"$I_{\FF}$"
"1038";-0,000445627483179889;-0,205813898099492;NA;NA;NA;0,00206205450939145;NA;0,00669015296694022;"NS";FALSE;70;"HWE";0,3;1;1;1;0,85;1;1,4;TRUE;"If";2000;0,5;1000;"$I_{\FF}$"
"1039";-0,0301838046691404;-0,117827237180256;NA;NA;NA;NA;NA;0,149965031478142;"no $\EE$";TRUE;70;"HWE";0,3;1;1;1;0,85;1;1,4;TRUE;"If";2000;0,5;1000;"$I_{\FF}$"
"1040";-0,0272184415973146;-0,122261680126259;-0,00645731503026481;0,00792666582654933;NA;0,00824989847921964;NA;0,145152874757159;"S";TRUE;70;"HWE";0,3;1;1;1;0,85;1;1,4;TRUE;"If";2000;0,5;1000;"$I_{\FF}$"
"1041";-0,0300696707151568;-0,117926120139637;NA;NA;NA;-0,000447026002248885;NA;0,149666442993005;"NS";TRUE;70;"HWE";0,3;1;1;1;0,85;1;1,4;TRUE;"If";2000;0,5;1000;"$I_{\FF}$"
"1042";4,83975790070978e-05;-0,211548533114774;NA;NA;NA;NA;NA;0,00507515342545926;"no $\EE$";FALSE;70;"MS";0,3;1;1;1;0,85;1;1,4;TRUE;"If";2000;0,5;1000;"$I_{\FF}$"
"1043";-0,00295285105411813;-0,210718164747275;0,00646806939513844;-0,00332013568908363;NA;-0,00481932526807916;NA;0,00756534978614165;"S";FALSE;70;"MS";0,3;1;1;1;0,85;1;1,4;TRUE;"If";2000;0,5;1000;"$I_{\FF}$"
"1044";0,000207158741102109;-0,211716080477577;NA;NA;NA;0,0027074363353341;NA;0,00338200069143773;"NS";FALSE;70;"MS";0,3;1;1;1;0,85;1;1,4;TRUE;"If";2000;0,5;1000;"$I_{\FF}$"
"1045";-0,0304104272651693;-0,118709318331497;NA;NA;NA;NA;NA;0,150767395005081;"no $\EE$";TRUE;70;"MS";0,3;1;1;1;0,85;1;1,4;TRUE;"If";2000;0,5;1000;"$I_{\FF}$"
"1046";-0,0275621118781263;-0,123329807743769;-0,00639102296618221;0,00828800251940476;NA;0,00798626076509645;NA;0,146325702821683;"S";TRUE;70;"MS";0,3;1;1;1;0,85;1;1,4;TRUE;"If";2000;0,5;1000;"$I_{\FF}$"
"1047";-0,0302998227878213;-0,118828174642875;NA;NA;NA;-0,000652451026806111;NA;0,150550720544771;"NS";TRUE;70;"MS";0,3;1;1;1;0,85;1;1,4;TRUE;"If";2000;0,5;1000;"$I_{\FF}$"
"1048";0,000987884379996418;-0,00150809370184857;NA;NA;NA;NA;NA;-0,000949237666334955;"no $\EE$";TRUE;70;"MaS";0,3;1;1;1;0,85;1;1,4;TRUE;"If";2000;0,5;1000;"$I_{\FF}$"
"1049";0,0044582579368182;-0,00589796851349056;-0,00725365712822701;0,00743813618860933;NA;0,0102595954104594;NA;-0,005980742232561;"S";TRUE;70;"MaS";0,3;1;1;1;0,85;1;1,4;TRUE;"If";2000;0,5;1000;"$I_{\FF}$"
"1050";0,00101288875293237;-0,00149761068599474;NA;NA;NA;0,00184230852213951;NA;-0,00210957998413943;"NS";TRUE;70;"MaS";0,3;1;1;1;0,85;1;1,4;TRUE;"If";2000;0,5;1000;"$I_{\FF}$"
"1051";-0,000422446443023139;0,00260529322122616;NA;NA;NA;NA;NA;0,00411066344339739;"no $\EE$";FALSE;71;"HWE";0,3;1;1;1;1;1;1,4;TRUE;"If";2000;0,5;1000;"$I_{\FF}$"
"1052";-0,00107520763783564;0,00368236886325057;0,00137152009496511;-0,00218011407197116;NA;-0,00555955651857354;NA;0,00707996678009455;"S";FALSE;71;"HWE";0,3;1;1;1;1;1;1,4;TRUE;"If";2000;0,5;1000;"$I_{\FF}$"
"1053";-0,000287776404898077;0,00247163145082707;NA;NA;NA;-0,00289615234359453;NA;0,00513979278951027;"NS";FALSE;71;"HWE";0,3;1;1;1;1;1;1,4;TRUE;"If";2000;0,5;1000;"$I_{\FF}$"
"1054";-0,00108849313317083;0,000793953748218446;NA;NA;NA;NA;NA;0,0029762753673073;"no $\EE$";TRUE;71;"HWE";0,3;1;1;1;1;1;1,4;TRUE;"If";2000;0,5;1000;"$I_{\FF}$"
"1055";0,0019817523863801;-0,00231651397583299;-0,00586461706979635;0,00428317793276878;NA;0,00868901465839622;NA;-0,00185631146679846;"S";TRUE;71;"HWE";0,3;1;1;1;1;1;1,4;TRUE;"If";2000;0,5;1000;"$I_{\FF}$"
"1056";-0,00105619894418252;0,000782224295521994;NA;NA;NA;0,00157458828978396;NA;0,00174920089496727;"NS";TRUE;71;"HWE";0,3;1;1;1;1;1;1,4;TRUE;"If";2000;0,5;1000;"$I_{\FF}$"
"1057";-0,000405317929021543;0,00252628984158698;NA;NA;NA;NA;NA;0,00439178121939451;"no $\EE$";FALSE;71;"MS";0,3;1;1;1;1;1;1,4;TRUE;"If";2000;0,5;1000;"$I_{\FF}$"
"1058";-0,00113734025231726;0,00386172457359546;0,0015199648540285;-0,00278256949826394;NA;-0,00627747784630561;NA;0,00785542750087798;"S";FALSE;71;"MS";0,3;1;1;1;1;1;1,4;TRUE;"If";2000;0,5;1000;"$I_{\FF}$"
"1059";-0,000260316668727611;0,00238783970960244;NA;NA;NA;-0,00296171532138911;NA;0,00544813889884366;"NS";FALSE;71;"MS";0,3;1;1;1;1;1;1,4;TRUE;"If";2000;0,5;1000;"$I_{\FF}$"
"1060";-0,0010661656106582;0,000916254416520212;NA;NA;NA;NA;NA;0,00302163206812311;"no $\EE$";TRUE;71;"MS";0,3;1;1;1;1;1;1,4;TRUE;"If";2000;0,5;1000;"$I_{\FF}$"
"1061";0,00187371835262895;-0,00207077978153214;-0,00572888009817218;0,00415091216925423;NA;0,00852750708783057;NA;-0,00159969624498713;"S";TRUE;71;"MS";0,3;1;1;1;1;1;1,4;TRUE;"If";2000;0,5;1000;"$I_{\FF}$"
"1062";-0,00102574692892565;0,000910554684337761;NA;NA;NA;0,00155552515674184;NA;0,00179590841680939;"NS";TRUE;71;"MS";0,3;1;1;1;1;1;1,4;TRUE;"If";2000;0,5;1000;"$I_{\FF}$"
"1063";-0,00116079978177763;0,000542498471320041;NA;NA;NA;NA;NA;0,00378164602849483;"no $\EE$";TRUE;71;"MaS";0,3;1;1;1;1;1;1,4;TRUE;"If";2000;0,5;1000;"$I_{\FF}$"
"1064";0,00172962868970372;-0,00269326701279216;-0,00554925703834996;0,00529759658414597;NA;0,00728604164425639;NA;-0,000200573255081382;"S";TRUE;71;"MaS";0,3;1;1;1;1;1;1,4;TRUE;"If";2000;0,5;1000;"$I_{\FF}$"
"1065";-0,00117863566173859;0,000565099533321289;NA;NA;NA;0,000732180711656927;NA;0,0032577323441531;"NS";TRUE;71;"MaS";0,3;1;1;1;1;1;1,4;TRUE;"If";2000;0,5;1000;"$I_{\FF}$"
"1066";0,000520966089924801;0,262922214036825;NA;NA;NA;NA;NA;-0,00486735856284131;"no $\EE$";FALSE;72;"HWE";0,3;1;1;1;1,15;1;1,4;TRUE;"If";2000;0,5;1000;"$I_{\FF}$"
"1067";0,00313758320205992;0,259932774434157;-0,00499531502755113;0,0049934420431037;NA;0,0134332378413029;NA;-0,0113546463874589;"S";FALSE;72;"HWE";0,3;1;1;1;1,15;1;1,4;TRUE;"If";2000;0,5;1000;"$I_{\FF}$"
"1068";0,000662311066911281;0,26278637108345;NA;NA;NA;0,00548193598107782;NA;-0,00802071050049654;"NS";FALSE;72;"HWE";0,3;1;1;1;1,15;1;1,4;TRUE;"If";2000;0,5;1000;"$I_{\FF}$"
"1069";0,0321957811099325;0,125314472883368;NA;NA;NA;NA;NA;-0,139145174857617;"no $\EE$";TRUE;72;"HWE";0,3;1;1;1;1,15;1;1,4;TRUE;"If";2000;0,5;1000;"$I_{\FF}$"
"1070";0,0321039459192649;0,124918233794688;0,000226661884731305;-0,000667953923533693;NA;-0,00395981457359607;NA;-0,137926265405644;"S";TRUE;72;"HWE";0,3;1;1;1;1,15;1;1,4;TRUE;"If";2000;0,5;1000;"$I_{\FF}$"
"1071";0,0322449639894802;0,125332546521487;NA;NA;NA;-0,00364320143252239;NA;-0,138170765990116;"NS";TRUE;72;"HWE";0,3;1;1;1;1,15;1;1,4;TRUE;"If";2000;0,5;1000;"$I_{\FF}$"
"1072";0,000788909537599247;0,262697666637427;NA;NA;NA;NA;NA;-0,00589347653155865;"no $\EE$";FALSE;72;"MS";0,3;1;1;1;1,15;1;1,4;TRUE;"If";2000;0,5;1000;"$I_{\FF}$"
"1073";0,00341952918008026;0,25994237855594;-0,00500511276645632;0,00490527238546501;NA;0,0133274938941281;NA;-0,012198548049365;"S";FALSE;72;"MS";0,3;1;1;1;1,15;1;1,4;TRUE;"If";2000;0,5;1000;"$I_{\FF}$"
"1074";0,000954588970995651;0,26266497492154;NA;NA;NA;0,00549482372859722;NA;-0,00901154369269329;"NS";FALSE;72;"MS";0,3;1;1;1;1,15;1;1,4;TRUE;"If";2000;0,5;1000;"$I_{\FF}$"
"1075";0,0321531546004081;0,125580365734337;NA;NA;NA;NA;NA;-0,139203383362533;"no $\EE$";TRUE;72;"MS";0,3;1;1;1;1,15;1;1,4;TRUE;"If";2000;0,5;1000;"$I_{\FF}$"
"1076";0,0320866994344702;0,125241929781193;0,000105505665406014;-0,000609482408999495;NA;-0,00384514244217748;NA;-0,137984923153326;"S";TRUE;72;"MS";0,3;1;1;1;1,15;1;1,4;TRUE;"If";2000;0,5;1000;"$I_{\FF}$"
"1077";0,0322094613453896;0,125637020709304;NA;NA;NA;-0,00363772533155959;NA;-0,138223144605128;"NS";TRUE;72;"MS";0,3;1;1;1;1,15;1;1,4;TRUE;"If";2000;0,5;1000;"$I_{\FF}$"
"1078";-0,000163547835337008;-0,00284110675024585;NA;NA;NA;NA;NA;-8,36147887055867e-05;"no $\EE$";TRUE;72;"MaS";0,3;1;1;1;1,15;1;1,4;TRUE;"If";2000;0,5;1000;"$I_{\FF}$"
"1079";2,90224442043296e-05;-0,00346745715690833;-0,00013823456332096;0,000107855145801583;NA;-0,00372666164805546;NA;0,00129406827068174;"S";TRUE;72;"MaS";0,3;1;1;1;1,15;1;1,4;TRUE;"If";2000;0,5;1000;"$I_{\FF}$"
"1080";-0,000138857690580418;-0,00287766145990276;NA;NA;NA;-0,00398205406482266;NA;0,00155263075667854;"NS";TRUE;72;"MaS";0,3;1;1;1;1,15;1;1,4;TRUE;"If";2000;0,5;1000;"$I_{\FF}$"
