"";"C";"M";"E:C";"E:M";"E:Im";"E:If";"Im";"If";"strat";"includeControl";"rowid";"mt";"maf";"R";"S";"V";"mtCoef";"Im.T";"If.T";"includeE";"Einteraction";"ntrios";"propE";"nControl";"effects"
"1";0,045;0,837;NA;NA;NA;NA;0,0465;NA;"no $\EE$";FALSE;1;"HWE";0,3;1;1;1;0,85;1;1;TRUE;"Im";2000;0,3;1000;"None"
"2";0,0915;0,7575;0,0605;0,0595;0,06;NA;0,099;NA;"S";FALSE;1;"HWE";0,3;1;1;1;0,85;1;1;TRUE;"Im";2000;0,3;1000;"None"
"3";0,068;0,868;NA;NA;0,049;NA;0,0875;NA;"NS";FALSE;1;"HWE";0,3;1;1;1;0,85;1;1;TRUE;"Im";2000;0,3;1000;"None"
"4";0,2815;0,31;NA;NA;NA;NA;0,152;NA;"no $\EE$";TRUE;1;"HWE";0,3;1;1;1;0,85;1;1;TRUE;"Im";2000;0,3;1000;"None"
"5";0,2465;0,2725;0,0655;0,0485;0,0585;NA;0,1765;NA;"S";TRUE;1;"HWE";0,3;1;1;1;0,85;1;1;TRUE;"Im";2000;0,3;1000;"None"
"6";0,3095;0,344;NA;NA;0,0515;NA;0,184;NA;"NS";TRUE;1;"HWE";0,3;1;1;1;0,85;1;1;TRUE;"Im";2000;0,3;1000;"None"
"7";0,043;0,843;NA;NA;NA;NA;0,0455;NA;"no $\EE$";FALSE;1;"MS";0,3;1;1;1;0,85;1;1;TRUE;"Im";2000;0,3;1000;"None"
"8";0,091;0,7635;0,0585;0,0585;0,061;NA;0,096;NA;"S";FALSE;1;"MS";0,3;1;1;1;0,85;1;1;TRUE;"Im";2000;0,3;1000;"None"
"9";0,0615;0,8735;NA;NA;0,0525;NA;0,087;NA;"NS";FALSE;1;"MS";0,3;1;1;1;0,85;1;1;TRUE;"Im";2000;0,3;1000;"None"
"10";0,2825;0,314;NA;NA;NA;NA;0,1505;NA;"no $\EE$";TRUE;1;"MS";0,3;1;1;1;0,85;1;1;TRUE;"Im";2000;0,3;1000;"None"
"11";0,2495;0,2725;0,063;0,0505;0,058;NA;0,176;NA;"S";TRUE;1;"MS";0,3;1;1;1;0,85;1;1;TRUE;"Im";2000;0,3;1000;"None"
"12";0,3085;0,3405;NA;NA;0,0545;NA;0,1825;NA;"NS";TRUE;1;"MS";0,3;1;1;1;0,85;1;1;TRUE;"Im";2000;0,3;1000;"None"
"13";0,056;0,0505;NA;NA;NA;NA;0,0505;NA;"no $\EE$";TRUE;1;"MaS";0,3;1;1;1;0,85;1;1;TRUE;"Im";2000;0,3;1000;"None"
"14";0,0785;0,0535;0,0605;0,0465;0,0645;NA;0,0875;NA;"S";TRUE;1;"MaS";0,3;1;1;1;0,85;1;1;TRUE;"Im";2000;0,3;1000;"None"
"15";0,069;0,057;NA;NA;0,0555;NA;0,0885;NA;"NS";TRUE;1;"MaS";0,3;1;1;1;0,85;1;1;TRUE;"Im";2000;0,3;1000;"None"
"16";0,4355;0,829;NA;NA;NA;NA;0,042;NA;"no $\EE$";FALSE;2;"HWE";0,3;1,15;1;1;0,85;1;1;TRUE;"Im";2000;0,3;1000;"$\CC$"
"17";0,402;0,75;0,0595;0,0525;0,06;NA;0,094;NA;"S";FALSE;2;"HWE";0,3;1,15;1;1;0,85;1;1;TRUE;"Im";2000;0,3;1000;"$\CC$"
"18";0,489;0,8595;NA;NA;0,0515;NA;0,084;NA;"NS";FALSE;2;"HWE";0,3;1,15;1;1;0,85;1;1;TRUE;"Im";2000;0,3;1000;"$\CC$"
"19";0,8745;0,309;NA;NA;NA;NA;0,1635;NA;"no $\EE$";TRUE;2;"HWE";0,3;1,15;1;1;0,85;1;1;TRUE;"Im";2000;0,3;1000;"$\CC$"
"20";0,7865;0,2815;0,0585;0,0495;0,056;NA;0,1795;NA;"S";TRUE;2;"HWE";0,3;1,15;1;1;0,85;1;1;TRUE;"Im";2000;0,3;1000;"$\CC$"
"21";0,8945;0,3405;NA;NA;0,0435;NA;0,1975;NA;"NS";TRUE;2;"HWE";0,3;1,15;1;1;0,85;1;1;TRUE;"Im";2000;0,3;1000;"$\CC$"
"22";0,432;0,8295;NA;NA;NA;NA;0,041;NA;"no $\EE$";FALSE;2;"MS";0,3;1,15;1;1;0,85;1;1;TRUE;"Im";2000;0,3;1000;"$\CC$"
"23";0,401;0,756;0,0595;0,053;0,06;NA;0,096;NA;"S";FALSE;2;"MS";0,3;1,15;1;1;0,85;1;1;TRUE;"Im";2000;0,3;1000;"$\CC$"
"24";0,488;0,8635;NA;NA;0,054;NA;0,0805;NA;"NS";FALSE;2;"MS";0,3;1,15;1;1;0,85;1;1;TRUE;"Im";2000;0,3;1000;"$\CC$"
"25";0,8745;0,3085;NA;NA;NA;NA;0,1635;NA;"no $\EE$";TRUE;2;"MS";0,3;1,15;1;1;0,85;1;1;TRUE;"Im";2000;0,3;1000;"$\CC$"
"26";0,785;0,282;0,0595;0,052;0,0555;NA;0,181;NA;"S";TRUE;2;"MS";0,3;1,15;1;1;0,85;1;1;TRUE;"Im";2000;0,3;1000;"$\CC$"
"27";0,8935;0,3405;NA;NA;0,043;NA;0,1985;NA;"NS";TRUE;2;"MS";0,3;1,15;1;1;0,85;1;1;TRUE;"Im";2000;0,3;1000;"$\CC$"
"28";0,377;0,048;NA;NA;NA;NA;0,052;NA;"no $\EE$";TRUE;2;"MaS";0,3;1,15;1;1;0,85;1;1;TRUE;"Im";2000;0,3;1000;"$\CC$"
"29";0,3235;0,062;0,0475;0,045;0,0545;NA;0,0935;NA;"S";TRUE;2;"MaS";0,3;1,15;1;1;0,85;1;1;TRUE;"Im";2000;0,3;1000;"$\CC$"
"30";0,412;0,056;NA;NA;0,0465;NA;0,0835;NA;"NS";TRUE;2;"MaS";0,3;1,15;1;1;0,85;1;1;TRUE;"Im";2000;0,3;1000;"$\CC$"
"31";0,049;0,8225;NA;NA;NA;NA;0,1705;NA;"no $\EE$";FALSE;3;"HWE";0,3;1;1;1,5;0,85;1;1;TRUE;"Im";2000;0,3;1000;"$\EE:I_{\MM}$"
"32";0,08;0,7375;0,068;0,0605;0,3545;NA;0,0905;NA;"S";FALSE;3;"HWE";0,3;1;1;1,5;0,85;1;1;TRUE;"Im";2000;0,3;1000;"$\EE:I_{\MM}$"
"33";0,071;0,858;NA;NA;0,8775;NA;0,085;NA;"NS";FALSE;3;"HWE";0,3;1;1;1,5;0,85;1;1;TRUE;"Im";2000;0,3;1000;"$\EE:I_{\MM}$"
"34";0,2785;0,3115;NA;NA;NA;NA;0,053;NA;"no $\EE$";TRUE;3;"HWE";0,3;1;1;1,5;0,85;1;1;TRUE;"Im";2000;0,3;1000;"$\EE:I_{\MM}$"
"35";0,2385;0,2685;0,0505;0,0525;0,246;NA;0,1725;NA;"S";TRUE;3;"HWE";0,3;1;1;1,5;0,85;1;1;TRUE;"Im";2000;0,3;1000;"$\EE:I_{\MM}$"
"36";0,301;0,349;NA;NA;0,672;NA;0,188;NA;"NS";TRUE;3;"HWE";0,3;1;1;1,5;0,85;1;1;TRUE;"Im";2000;0,3;1000;"$\EE:I_{\MM}$"
"37";0,0495;0,825;NA;NA;NA;NA;0,1705;NA;"no $\EE$";FALSE;3;"MS";0,3;1;1;1,5;0,85;1;1;TRUE;"Im";2000;0,3;1000;"$\EE:I_{\MM}$"
"38";0,0775;0,736;0,068;0,063;0,3525;NA;0,0895;NA;"S";FALSE;3;"MS";0,3;1;1;1,5;0,85;1;1;TRUE;"Im";2000;0,3;1000;"$\EE:I_{\MM}$"
"39";0,071;0,859;NA;NA;0,88;NA;0,084;NA;"NS";FALSE;3;"MS";0,3;1;1;1,5;0,85;1;1;TRUE;"Im";2000;0,3;1000;"$\EE:I_{\MM}$"
"40";0,2785;0,3105;NA;NA;NA;NA;0,054;NA;"no $\EE$";TRUE;3;"MS";0,3;1;1;1,5;0,85;1;1;TRUE;"Im";2000;0,3;1000;"$\EE:I_{\MM}$"
"41";0,2435;0,2665;0,0525;0,052;0,2485;NA;0,173;NA;"S";TRUE;3;"MS";0,3;1;1;1,5;0,85;1;1;TRUE;"Im";2000;0,3;1000;"$\EE:I_{\MM}$"
"42";0,3035;0,353;NA;NA;0,671;NA;0,186;NA;"NS";TRUE;3;"MS";0,3;1;1;1,5;0,85;1;1;TRUE;"Im";2000;0,3;1000;"$\EE:I_{\MM}$"
"43";0,0515;0,055;NA;NA;NA;NA;0,1405;NA;"no $\EE$";TRUE;3;"MaS";0,3;1;1;1,5;0,85;1;1;TRUE;"Im";2000;0,3;1000;"$\EE:I_{\MM}$"
"44";0,068;0,063;0,0595;0,0485;0,2445;NA;0,086;NA;"S";TRUE;3;"MaS";0,3;1;1;1,5;0,85;1;1;TRUE;"Im";2000;0,3;1000;"$\EE:I_{\MM}$"
"45";0,0625;0,0585;NA;NA;0,587;NA;0,087;NA;"NS";TRUE;3;"MaS";0,3;1;1;1,5;0,85;1;1;TRUE;"Im";2000;0,3;1000;"$\EE:I_{\MM}$"
"46";0,046;0,8105;NA;NA;NA;NA;0,1975;NA;"no $\EE$";FALSE;4;"HWE";0,3;1;1;1,6;0,85;1;1;TRUE;"Im";2000;0,3;1000;"$\EE:I_{\MM}$"
"47";0,0755;0,746;0,0585;0,054;0,4195;NA;0,0935;NA;"S";FALSE;4;"HWE";0,3;1;1;1,6;0,85;1;1;TRUE;"Im";2000;0,3;1000;"$\EE:I_{\MM}$"
"48";0,0675;0,847;NA;NA;0,9435;NA;0,0855;NA;"NS";FALSE;4;"HWE";0,3;1;1;1,6;0,85;1;1;TRUE;"Im";2000;0,3;1000;"$\EE:I_{\MM}$"
"49";0,2905;0,3055;NA;NA;NA;NA;0,052;NA;"no $\EE$";TRUE;4;"HWE";0,3;1;1;1,6;0,85;1;1;TRUE;"Im";2000;0,3;1000;"$\EE:I_{\MM}$"
"50";0,2575;0,2625;0,0595;0,055;0,319;NA;0,178;NA;"S";TRUE;4;"HWE";0,3;1;1;1,6;0,85;1;1;TRUE;"Im";2000;0,3;1000;"$\EE:I_{\MM}$"
"51";0,3145;0,3305;NA;NA;0,8025;NA;0,1895;NA;"NS";TRUE;4;"HWE";0,3;1;1;1,6;0,85;1;1;TRUE;"Im";2000;0,3;1000;"$\EE:I_{\MM}$"
"52";0,0455;0,813;NA;NA;NA;NA;0,195;NA;"no $\EE$";FALSE;4;"MS";0,3;1;1;1,6;0,85;1;1;TRUE;"Im";2000;0,3;1000;"$\EE:I_{\MM}$"
"53";0,0725;0,744;0,0555;0,054;0,415;NA;0,0945;NA;"S";FALSE;4;"MS";0,3;1;1;1,6;0,85;1;1;TRUE;"Im";2000;0,3;1000;"$\EE:I_{\MM}$"
"54";0,0665;0,8475;NA;NA;0,944;NA;0,0845;NA;"NS";FALSE;4;"MS";0,3;1;1;1,6;0,85;1;1;TRUE;"Im";2000;0,3;1000;"$\EE:I_{\MM}$"
"55";0,289;0,3055;NA;NA;NA;NA;0,052;NA;"no $\EE$";TRUE;4;"MS";0,3;1;1;1,6;0,85;1;1;TRUE;"Im";2000;0,3;1000;"$\EE:I_{\MM}$"
"56";0,2585;0,272;0,0595;0,0535;0,318;NA;0,1785;NA;"S";TRUE;4;"MS";0,3;1;1;1,6;0,85;1;1;TRUE;"Im";2000;0,3;1000;"$\EE:I_{\MM}$"
"57";0,312;0,332;NA;NA;0,803;NA;0,1875;NA;"NS";TRUE;4;"MS";0,3;1;1;1,6;0,85;1;1;TRUE;"Im";2000;0,3;1000;"$\EE:I_{\MM}$"
"58";0,0495;0,049;NA;NA;NA;NA;0,1585;NA;"no $\EE$";TRUE;4;"MaS";0,3;1;1;1,6;0,85;1;1;TRUE;"Im";2000;0,3;1000;"$\EE:I_{\MM}$"
"59";0,07;0,0565;0,0525;0,0505;0,3135;NA;0,088;NA;"S";TRUE;4;"MaS";0,3;1;1;1,6;0,85;1;1;TRUE;"Im";2000;0,3;1000;"$\EE:I_{\MM}$"
"60";0,0605;0,0525;NA;NA;0,7315;NA;0,08;NA;"NS";TRUE;4;"MaS";0,3;1;1;1,6;0,85;1;1;TRUE;"Im";2000;0,3;1000;"$\EE:I_{\MM}$"
"61";0,048;0,046;NA;NA;NA;NA;0,055;NA;"no $\EE$";FALSE;5;"HWE";0,3;1;1;1;1;1;1;TRUE;"Im";2000;0,3;1000;"None"
"62";0,075;0,077;0,0485;0,0565;0,054;NA;0,0955;NA;"S";FALSE;5;"HWE";0,3;1;1;1;1;1;1;TRUE;"Im";2000;0,3;1000;"None"
"63";0,068;0,0685;NA;NA;0,0615;NA;0,088;NA;"NS";FALSE;5;"HWE";0,3;1;1;1;1;1;1;TRUE;"Im";2000;0,3;1000;"None"
"64";0,0455;0,0505;NA;NA;NA;NA;0,047;NA;"no $\EE$";TRUE;5;"HWE";0,3;1;1;1;1;1;1;TRUE;"Im";2000;0,3;1000;"None"
"65";0,06;0,0515;0,0465;0,0505;0,0645;NA;0,079;NA;"S";TRUE;5;"HWE";0,3;1;1;1;1;1;1;TRUE;"Im";2000;0,3;1000;"None"
"66";0,054;0,062;NA;NA;0,0485;NA;0,0665;NA;"NS";TRUE;5;"HWE";0,3;1;1;1;1;1;1;TRUE;"Im";2000;0,3;1000;"None"
"67";0,048;0,0455;NA;NA;NA;NA;0,0535;NA;"no $\EE$";FALSE;5;"MS";0,3;1;1;1;1;1;1;TRUE;"Im";2000;0,3;1000;"None"
"68";0,0755;0,0765;0,0505;0,0585;0,0515;NA;0,0935;NA;"S";FALSE;5;"MS";0,3;1;1;1;1;1;1;TRUE;"Im";2000;0,3;1000;"None"
"69";0,0675;0,0665;NA;NA;0,0625;NA;0,0885;NA;"NS";FALSE;5;"MS";0,3;1;1;1;1;1;1;TRUE;"Im";2000;0,3;1000;"None"
"70";0,046;0,0505;NA;NA;NA;NA;0,046;NA;"no $\EE$";TRUE;5;"MS";0,3;1;1;1;1;1;1;TRUE;"Im";2000;0,3;1000;"None"
"71";0,0605;0,049;0,0475;0,0515;0,0645;NA;0,0775;NA;"S";TRUE;5;"MS";0,3;1;1;1;1;1;1;TRUE;"Im";2000;0,3;1000;"None"
"72";0,053;0,063;NA;NA;0,0485;NA;0,0665;NA;"NS";TRUE;5;"MS";0,3;1;1;1;1;1;1;TRUE;"Im";2000;0,3;1000;"None"
"73";0,052;0,0505;NA;NA;NA;NA;0,052;NA;"no $\EE$";TRUE;5;"MaS";0,3;1;1;1;1;1;1;TRUE;"Im";2000;0,3;1000;"None"
"74";0,0685;0,049;0,0505;0,053;0,067;NA;0,0795;NA;"S";TRUE;5;"MaS";0,3;1;1;1;1;1;1;TRUE;"Im";2000;0,3;1000;"None"
"75";0,0645;0,055;NA;NA;0,05;NA;0,078;NA;"NS";TRUE;5;"MaS";0,3;1;1;1;1;1;1;TRUE;"Im";2000;0,3;1000;"None"
"76";0,4335;0,052;NA;NA;NA;NA;0,057;NA;"no $\EE$";FALSE;6;"HWE";0,3;1,15;1;1;1;1;1;TRUE;"Im";2000;0,3;1000;"$\CC$"
"77";0,4045;0,079;0,0625;0,0605;0,0705;NA;0,11;NA;"S";FALSE;6;"HWE";0,3;1,15;1;1;1;1;1;TRUE;"Im";2000;0,3;1000;"$\CC$"
"78";0,4995;0,0665;NA;NA;0,0545;NA;0,09;NA;"NS";FALSE;6;"HWE";0,3;1,15;1;1;1;1;1;TRUE;"Im";2000;0,3;1000;"$\CC$"
"79";0,4155;0,0515;NA;NA;NA;NA;0,0595;NA;"no $\EE$";TRUE;6;"HWE";0,3;1,15;1;1;1;1;1;TRUE;"Im";2000;0,3;1000;"$\CC$"
"80";0,3415;0,0625;0,053;0,054;0,0615;NA;0,0905;NA;"S";TRUE;6;"HWE";0,3;1,15;1;1;1;1;1;TRUE;"Im";2000;0,3;1000;"$\CC$"
"81";0,4465;0,063;NA;NA;0,0575;NA;0,0935;NA;"NS";TRUE;6;"HWE";0,3;1,15;1;1;1;1;1;TRUE;"Im";2000;0,3;1000;"$\CC$"
"82";0,433;0,0525;NA;NA;NA;NA;0,058;NA;"no $\EE$";FALSE;6;"MS";0,3;1,15;1;1;1;1;1;TRUE;"Im";2000;0,3;1000;"$\CC$"
"83";0,405;0,079;0,0605;0,0615;0,067;NA;0,1105;NA;"S";FALSE;6;"MS";0,3;1,15;1;1;1;1;1;TRUE;"Im";2000;0,3;1000;"$\CC$"
"84";0,4965;0,0685;NA;NA;0,054;NA;0,089;NA;"NS";FALSE;6;"MS";0,3;1,15;1;1;1;1;1;TRUE;"Im";2000;0,3;1000;"$\CC$"
"85";0,415;0,0505;NA;NA;NA;NA;0,057;NA;"no $\EE$";TRUE;6;"MS";0,3;1,15;1;1;1;1;1;TRUE;"Im";2000;0,3;1000;"$\CC$"
"86";0,3395;0,061;0,053;0,0525;0,0635;NA;0,0925;NA;"S";TRUE;6;"MS";0,3;1,15;1;1;1;1;1;TRUE;"Im";2000;0,3;1000;"$\CC$"
"87";0,4475;0,06;NA;NA;0,0545;NA;0,0955;NA;"NS";TRUE;6;"MS";0,3;1,15;1;1;1;1;1;TRUE;"Im";2000;0,3;1000;"$\CC$"
"88";0,3645;0,054;NA;NA;NA;NA;0,0615;NA;"no $\EE$";TRUE;6;"MaS";0,3;1,15;1;1;1;1;1;TRUE;"Im";2000;0,3;1000;"$\CC$"
"89";0,3175;0,057;0,0545;0,047;0,0625;NA;0,0895;NA;"S";TRUE;6;"MaS";0,3;1,15;1;1;1;1;1;TRUE;"Im";2000;0,3;1000;"$\CC$"
"90";0,3925;0,0625;NA;NA;0,0505;NA;0,091;NA;"NS";TRUE;6;"MaS";0,3;1,15;1;1;1;1;1;TRUE;"Im";2000;0,3;1000;"$\CC$"
"91";0,0435;0,0505;NA;NA;NA;NA;0,176;NA;"no $\EE$";FALSE;7;"HWE";0,3;1;1;1,5;1;1;1;TRUE;"Im";2000;0,3;1000;"$\EE:I_{\MM}$"
"92";0,073;0,072;0,0575;0,0685;0,3425;NA;0,0965;NA;"S";FALSE;7;"HWE";0,3;1;1;1,5;1;1;1;TRUE;"Im";2000;0,3;1000;"$\EE:I_{\MM}$"
"93";0,061;0,068;NA;NA;0,878;NA;0,0795;NA;"NS";FALSE;7;"HWE";0,3;1;1;1,5;1;1;1;TRUE;"Im";2000;0,3;1000;"$\EE:I_{\MM}$"
"94";0,0505;0,0475;NA;NA;NA;NA;0,143;NA;"no $\EE$";TRUE;7;"HWE";0,3;1;1;1,5;1;1;1;TRUE;"Im";2000;0,3;1000;"$\EE:I_{\MM}$"
"95";0,0585;0,0655;0,0525;0,049;0,2745;NA;0,079;NA;"S";TRUE;7;"HWE";0,3;1;1;1,5;1;1;1;TRUE;"Im";2000;0,3;1000;"$\EE:I_{\MM}$"
"96";0,061;0,061;NA;NA;0,6935;NA;0,0695;NA;"NS";TRUE;7;"HWE";0,3;1;1;1,5;1;1;1;TRUE;"Im";2000;0,3;1000;"$\EE:I_{\MM}$"
"97";0,0445;0,0525;NA;NA;NA;NA;0,1755;NA;"no $\EE$";FALSE;7;"MS";0,3;1;1;1,5;1;1;1;TRUE;"Im";2000;0,3;1000;"$\EE:I_{\MM}$"
"98";0,0725;0,0725;0,059;0,0675;0,3395;NA;0,0965;NA;"S";FALSE;7;"MS";0,3;1;1;1,5;1;1;1;TRUE;"Im";2000;0,3;1000;"$\EE:I_{\MM}$"
"99";0,058;0,069;NA;NA;0,876;NA;0,08;NA;"NS";FALSE;7;"MS";0,3;1;1;1,5;1;1;1;TRUE;"Im";2000;0,3;1000;"$\EE:I_{\MM}$"
"100";0,0505;0,047;NA;NA;NA;NA;0,1425;NA;"no $\EE$";TRUE;7;"MS";0,3;1;1;1,5;1;1;1;TRUE;"Im";2000;0,3;1000;"$\EE:I_{\MM}$"
"101";0,0585;0,065;0,0515;0,0505;0,2725;NA;0,0785;NA;"S";TRUE;7;"MS";0,3;1;1;1,5;1;1;1;TRUE;"Im";2000;0,3;1000;"$\EE:I_{\MM}$"
"102";0,061;0,0585;NA;NA;0,694;NA;0,065;NA;"NS";TRUE;7;"MS";0,3;1;1;1,5;1;1;1;TRUE;"Im";2000;0,3;1000;"$\EE:I_{\MM}$"
"103";0,049;0,0475;NA;NA;NA;NA;0,1285;NA;"no $\EE$";TRUE;7;"MaS";0,3;1;1;1,5;1;1;1;TRUE;"Im";2000;0,3;1000;"$\EE:I_{\MM}$"
"104";0,0595;0,0585;0,0495;0,057;0,2595;NA;0,0805;NA;"S";TRUE;7;"MaS";0,3;1;1;1,5;1;1;1;TRUE;"Im";2000;0,3;1000;"$\EE:I_{\MM}$"
"105";0,057;0,052;NA;NA;0,603;NA;0,0745;NA;"NS";TRUE;7;"MaS";0,3;1;1;1,5;1;1;1;TRUE;"Im";2000;0,3;1000;"$\EE:I_{\MM}$"
"106";0,046;0,0545;NA;NA;NA;NA;0,222;NA;"no $\EE$";FALSE;8;"HWE";0,3;1;1;1,6;1;1;1;TRUE;"Im";2000;0,3;1000;"$\EE:I_{\MM}$"
"107";0,0715;0,0785;0,063;0,0595;0,416;NA;0,0955;NA;"S";FALSE;8;"HWE";0,3;1;1;1,6;1;1;1;TRUE;"Im";2000;0,3;1000;"$\EE:I_{\MM}$"
"108";0,0655;0,0705;NA;NA;0,96;NA;0,08;NA;"NS";FALSE;8;"HWE";0,3;1;1;1,6;1;1;1;TRUE;"Im";2000;0,3;1000;"$\EE:I_{\MM}$"
"109";0,048;0,058;NA;NA;NA;NA;0,1735;NA;"no $\EE$";TRUE;8;"HWE";0,3;1;1;1,6;1;1;1;TRUE;"Im";2000;0,3;1000;"$\EE:I_{\MM}$"
"110";0,064;0,069;0,048;0,0535;0,3235;NA;0,0955;NA;"S";TRUE;8;"HWE";0,3;1;1;1,6;1;1;1;TRUE;"Im";2000;0,3;1000;"$\EE:I_{\MM}$"
"111";0,06;0,0665;NA;NA;0,82;NA;0,084;NA;"NS";TRUE;8;"HWE";0,3;1;1;1,6;1;1;1;TRUE;"Im";2000;0,3;1000;"$\EE:I_{\MM}$"
"112";0,0435;0,0525;NA;NA;NA;NA;0,218;NA;"no $\EE$";FALSE;8;"MS";0,3;1;1;1,6;1;1;1;TRUE;"Im";2000;0,3;1000;"$\EE:I_{\MM}$"
"113";0,072;0,079;0,0645;0,0635;0,4115;NA;0,093;NA;"S";FALSE;8;"MS";0,3;1;1;1,6;1;1;1;TRUE;"Im";2000;0,3;1000;"$\EE:I_{\MM}$"
"114";0,0685;0,0715;NA;NA;0,96;NA;0,0785;NA;"NS";FALSE;8;"MS";0,3;1;1;1,6;1;1;1;TRUE;"Im";2000;0,3;1000;"$\EE:I_{\MM}$"
"115";0,048;0,057;NA;NA;NA;NA;0,1685;NA;"no $\EE$";TRUE;8;"MS";0,3;1;1;1,6;1;1;1;TRUE;"Im";2000;0,3;1000;"$\EE:I_{\MM}$"
"116";0,064;0,0695;0,0475;0,0565;0,3205;NA;0,095;NA;"S";TRUE;8;"MS";0,3;1;1;1,6;1;1;1;TRUE;"Im";2000;0,3;1000;"$\EE:I_{\MM}$"
"117";0,0625;0,066;NA;NA;0,8185;NA;0,083;NA;"NS";TRUE;8;"MS";0,3;1;1;1,6;1;1;1;TRUE;"Im";2000;0,3;1000;"$\EE:I_{\MM}$"
"118";0,059;0,052;NA;NA;NA;NA;0,1655;NA;"no $\EE$";TRUE;8;"MaS";0,3;1;1;1,6;1;1;1;TRUE;"Im";2000;0,3;1000;"$\EE:I_{\MM}$"
"119";0,069;0,064;0,052;0,051;0,306;NA;0,1005;NA;"S";TRUE;8;"MaS";0,3;1;1;1,6;1;1;1;TRUE;"Im";2000;0,3;1000;"$\EE:I_{\MM}$"
"120";0,067;0,058;NA;NA;0,7465;NA;0,0965;NA;"NS";TRUE;8;"MaS";0,3;1;1;1,6;1;1;1;TRUE;"Im";2000;0,3;1000;"$\EE:I_{\MM}$"
"121";0,041;0,8435;NA;NA;NA;NA;0,049;NA;"no $\EE$";FALSE;9;"HWE";0,3;1;1;1;1,15;1;1;TRUE;"Im";2000;0,3;1000;"None"
"122";0,078;0,7555;0,0535;0,055;0,0585;NA;0,097;NA;"S";FALSE;9;"HWE";0,3;1;1;1;1,15;1;1;TRUE;"Im";2000;0,3;1000;"None"
"123";0,063;0,874;NA;NA;0,055;NA;0,0875;NA;"NS";FALSE;9;"HWE";0,3;1;1;1;1,15;1;1;TRUE;"Im";2000;0,3;1000;"None"
"124";0,282;0,3175;NA;NA;NA;NA;0,18;NA;"no $\EE$";TRUE;9;"HWE";0,3;1;1;1;1,15;1;1;TRUE;"Im";2000;0,3;1000;"None"
"125";0,2555;0,3045;0,0505;0,05;0,0615;NA;0,2055;NA;"S";TRUE;9;"HWE";0,3;1;1;1;1,15;1;1;TRUE;"Im";2000;0,3;1000;"None"
"126";0,304;0,3375;NA;NA;0,055;NA;0,222;NA;"NS";TRUE;9;"HWE";0,3;1;1;1;1,15;1;1;TRUE;"Im";2000;0,3;1000;"None"
"127";0,04;0,8465;NA;NA;NA;NA;0,0495;NA;"no $\EE$";FALSE;9;"MS";0,3;1;1;1;1,15;1;1;TRUE;"Im";2000;0,3;1000;"None"
"128";0,0785;0,766;0,056;0,053;0,057;NA;0,0965;NA;"S";FALSE;9;"MS";0,3;1;1;1;1,15;1;1;TRUE;"Im";2000;0,3;1000;"None"
"129";0,0635;0,8775;NA;NA;0,057;NA;0,0865;NA;"NS";FALSE;9;"MS";0,3;1;1;1;1,15;1;1;TRUE;"Im";2000;0,3;1000;"None"
"130";0,282;0,318;NA;NA;NA;NA;0,179;NA;"no $\EE$";TRUE;9;"MS";0,3;1;1;1;1,15;1;1;TRUE;"Im";2000;0,3;1000;"None"
"131";0,255;0,307;0,0535;0,0485;0,062;NA;0,2085;NA;"S";TRUE;9;"MS";0,3;1;1;1;1,15;1;1;TRUE;"Im";2000;0,3;1000;"None"
"132";0,309;0,3385;NA;NA;0,0555;NA;0,2185;NA;"NS";TRUE;9;"MS";0,3;1;1;1;1,15;1;1;TRUE;"Im";2000;0,3;1000;"None"
"133";0,0545;0,045;NA;NA;NA;NA;0,0525;NA;"no $\EE$";TRUE;9;"MaS";0,3;1;1;1;1,15;1;1;TRUE;"Im";2000;0,3;1000;"None"
"134";0,0645;0,056;0,0525;0,055;0,0565;NA;0,0805;NA;"S";TRUE;9;"MaS";0,3;1;1;1;1,15;1;1;TRUE;"Im";2000;0,3;1000;"None"
"135";0,0605;0,049;NA;NA;0,053;NA;0,0785;NA;"NS";TRUE;9;"MaS";0,3;1;1;1;1,15;1;1;TRUE;"Im";2000;0,3;1000;"None"
"136";0,371;0,8145;NA;NA;NA;NA;0,06;NA;"no $\EE$";FALSE;10;"HWE";0,3;1,15;1;1;1,15;1;1;TRUE;"Im";2000;0,3;1000;"$\CC$"
"137";0,334;0,7255;0,0615;0,0515;0,0645;NA;0,11;NA;"S";FALSE;10;"HWE";0,3;1,15;1;1;1,15;1;1;TRUE;"Im";2000;0,3;1000;"$\CC$"
"138";0,429;0,8485;NA;NA;0,046;NA;0,102;NA;"NS";FALSE;10;"HWE";0,3;1,15;1;1;1,15;1;1;TRUE;"Im";2000;0,3;1000;"$\CC$"
"139";0,057;0,32;NA;NA;NA;NA;0,183;NA;"no $\EE$";TRUE;10;"HWE";0,3;1,15;1;1;1,15;1;1;TRUE;"Im";2000;0,3;1000;"$\CC$"
"140";0,0675;0,28;0,056;0,0575;0,0685;NA;0,205;NA;"S";TRUE;10;"HWE";0,3;1,15;1;1;1,15;1;1;TRUE;"Im";2000;0,3;1000;"$\CC$"
"141";0,066;0,345;NA;NA;0,0495;NA;0,2155;NA;"NS";TRUE;10;"HWE";0,3;1,15;1;1;1,15;1;1;TRUE;"Im";2000;0,3;1000;"$\CC$"
"142";0,372;0,8165;NA;NA;NA;NA;0,0585;NA;"no $\EE$";FALSE;10;"MS";0,3;1,15;1;1;1,15;1;1;TRUE;"Im";2000;0,3;1000;"$\CC$"
"143";0,3315;0,73;0,0595;0,0565;0,066;NA;0,106;NA;"S";FALSE;10;"MS";0,3;1,15;1;1;1,15;1;1;TRUE;"Im";2000;0,3;1000;"$\CC$"
"144";0,427;0,847;NA;NA;0,045;NA;0,1015;NA;"NS";FALSE;10;"MS";0,3;1,15;1;1;1,15;1;1;TRUE;"Im";2000;0,3;1000;"$\CC$"
"145";0,0585;0,3195;NA;NA;NA;NA;0,1805;NA;"no $\EE$";TRUE;10;"MS";0,3;1,15;1;1;1,15;1;1;TRUE;"Im";2000;0,3;1000;"$\CC$"
"146";0,0665;0,283;0,0575;0,059;0,069;NA;0,196;NA;"S";TRUE;10;"MS";0,3;1,15;1;1;1,15;1;1;TRUE;"Im";2000;0,3;1000;"$\CC$"
"147";0,0655;0,343;NA;NA;0,05;NA;0,215;NA;"NS";TRUE;10;"MS";0,3;1,15;1;1;1,15;1;1;TRUE;"Im";2000;0,3;1000;"$\CC$"
"148";0,349;0,0425;NA;NA;NA;NA;0,0495;NA;"no $\EE$";TRUE;10;"MaS";0,3;1,15;1;1;1,15;1;1;TRUE;"Im";2000;0,3;1000;"$\CC$"
"149";0,3015;0,0535;0,0565;0,056;0,061;NA;0,084;NA;"S";TRUE;10;"MaS";0,3;1,15;1;1;1,15;1;1;TRUE;"Im";2000;0,3;1000;"$\CC$"
"150";0,3795;0,05;NA;NA;0,049;NA;0,0785;NA;"NS";TRUE;10;"MaS";0,3;1,15;1;1;1,15;1;1;TRUE;"Im";2000;0,3;1000;"$\CC$"
"151";0,0515;0,834;NA;NA;NA;NA;0,1795;NA;"no $\EE$";FALSE;11;"HWE";0,3;1;1;1,5;1,15;1;1;TRUE;"Im";2000;0,3;1000;"$\EE:I_{\MM}$"
"152";0,0765;0,751;0,05;0,062;0,351;NA;0,108;NA;"S";FALSE;11;"HWE";0,3;1;1;1,5;1,15;1;1;TRUE;"Im";2000;0,3;1000;"$\EE:I_{\MM}$"
"153";0,0685;0,8625;NA;NA;0,884;NA;0,0845;NA;"NS";FALSE;11;"HWE";0,3;1;1;1,5;1,15;1;1;TRUE;"Im";2000;0,3;1000;"$\EE:I_{\MM}$"
"154";0,281;0,305;NA;NA;NA;NA;0,4735;NA;"no $\EE$";TRUE;11;"HWE";0,3;1;1;1,5;1,15;1;1;TRUE;"Im";2000;0,3;1000;"$\EE:I_{\MM}$"
"155";0,2425;0,257;0,045;0,047;0,2525;NA;0,1855;NA;"S";TRUE;11;"HWE";0,3;1;1;1,5;1,15;1;1;TRUE;"Im";2000;0,3;1000;"$\EE:I_{\MM}$"
"156";0,311;0,3325;NA;NA;0,716;NA;0,208;NA;"NS";TRUE;11;"HWE";0,3;1;1;1,5;1,15;1;1;TRUE;"Im";2000;0,3;1000;"$\EE:I_{\MM}$"
"157";0,0515;0,838;NA;NA;NA;NA;0,18;NA;"no $\EE$";FALSE;11;"MS";0,3;1;1;1,5;1,15;1;1;TRUE;"Im";2000;0,3;1000;"$\EE:I_{\MM}$"
"158";0,077;0,7525;0,0515;0,0655;0,339;NA;0,1055;NA;"S";FALSE;11;"MS";0,3;1;1;1,5;1,15;1;1;TRUE;"Im";2000;0,3;1000;"$\EE:I_{\MM}$"
"159";0,0665;0,869;NA;NA;0,8815;NA;0,083;NA;"NS";FALSE;11;"MS";0,3;1;1;1,5;1,15;1;1;TRUE;"Im";2000;0,3;1000;"$\EE:I_{\MM}$"
"160";0,2815;0,3075;NA;NA;NA;NA;0,472;NA;"no $\EE$";TRUE;11;"MS";0,3;1;1;1,5;1,15;1;1;TRUE;"Im";2000;0,3;1000;"$\EE:I_{\MM}$"
"161";0,2445;0,2595;0,0465;0,0505;0,2525;NA;0,1835;NA;"S";TRUE;11;"MS";0,3;1;1;1,5;1,15;1;1;TRUE;"Im";2000;0,3;1000;"$\EE:I_{\MM}$"
"162";0,309;0,3345;NA;NA;0,7155;NA;0,2055;NA;"NS";TRUE;11;"MS";0,3;1;1;1,5;1,15;1;1;TRUE;"Im";2000;0,3;1000;"$\EE:I_{\MM}$"
"163";0,0535;0,0515;NA;NA;NA;NA;0,122;NA;"no $\EE$";TRUE;11;"MaS";0,3;1;1;1,5;1,15;1;1;TRUE;"Im";2000;0,3;1000;"$\EE:I_{\MM}$"
"164";0,066;0,0535;0,0545;0,044;0,2395;NA;0,079;NA;"S";TRUE;11;"MaS";0,3;1;1;1,5;1,15;1;1;TRUE;"Im";2000;0,3;1000;"$\EE:I_{\MM}$"
"165";0,066;0,0595;NA;NA;0,6425;NA;0,0725;NA;"NS";TRUE;11;"MaS";0,3;1;1;1,5;1,15;1;1;TRUE;"Im";2000;0,3;1000;"$\EE:I_{\MM}$"
"166";0,0455;0,828;NA;NA;NA;NA;0,2015;NA;"no $\EE$";FALSE;12;"HWE";0,3;1;1;1,6;1,15;1;1;TRUE;"Im";2000;0,3;1000;"$\EE:I_{\MM}$"
"167";0,0715;0,7645;0,0555;0,0605;0,452;NA;0,096;NA;"S";FALSE;12;"HWE";0,3;1;1;1,6;1,15;1;1;TRUE;"Im";2000;0,3;1000;"$\EE:I_{\MM}$"
"168";0,0615;0,866;NA;NA;0,957;NA;0,0835;NA;"NS";FALSE;12;"HWE";0,3;1;1;1,6;1,15;1;1;TRUE;"Im";2000;0,3;1000;"$\EE:I_{\MM}$"
"169";0,2785;0,3235;NA;NA;NA;NA;0,5085;NA;"no $\EE$";TRUE;12;"HWE";0,3;1;1;1,6;1,15;1;1;TRUE;"Im";2000;0,3;1000;"$\EE:I_{\MM}$"
"170";0,228;0,2825;0,042;0,054;0,344;NA;0,186;NA;"S";TRUE;12;"HWE";0,3;1;1;1,6;1,15;1;1;TRUE;"Im";2000;0,3;1000;"$\EE:I_{\MM}$"
"171";0,314;0,3465;NA;NA;0,819;NA;0,21;NA;"NS";TRUE;12;"HWE";0,3;1;1;1,6;1,15;1;1;TRUE;"Im";2000;0,3;1000;"$\EE:I_{\MM}$"
"172";0,045;0,8375;NA;NA;NA;NA;0,2015;NA;"no $\EE$";FALSE;12;"MS";0,3;1;1;1,6;1,15;1;1;TRUE;"Im";2000;0,3;1000;"$\EE:I_{\MM}$"
"173";0,07;0,7725;0,053;0,0595;0,441;NA;0,098;NA;"S";FALSE;12;"MS";0,3;1;1;1,6;1,15;1;1;TRUE;"Im";2000;0,3;1000;"$\EE:I_{\MM}$"
"174";0,0605;0,874;NA;NA;0,957;NA;0,083;NA;"NS";FALSE;12;"MS";0,3;1;1;1,6;1,15;1;1;TRUE;"Im";2000;0,3;1000;"$\EE:I_{\MM}$"
"175";0,28;0,3235;NA;NA;NA;NA;0,507;NA;"no $\EE$";TRUE;12;"MS";0,3;1;1;1,6;1,15;1;1;TRUE;"Im";2000;0,3;1000;"$\EE:I_{\MM}$"
"176";0,227;0,286;0,046;0,0585;0,3375;NA;0,1875;NA;"S";TRUE;12;"MS";0,3;1;1;1,6;1,15;1;1;TRUE;"Im";2000;0,3;1000;"$\EE:I_{\MM}$"
"177";0,308;0,3475;NA;NA;0,8185;NA;0,2125;NA;"NS";TRUE;12;"MS";0,3;1;1;1,6;1,15;1;1;TRUE;"Im";2000;0,3;1000;"$\EE:I_{\MM}$"
"178";0,049;0,0515;NA;NA;NA;NA;0,157;NA;"no $\EE$";TRUE;12;"MaS";0,3;1;1;1,6;1,15;1;1;TRUE;"Im";2000;0,3;1000;"$\EE:I_{\MM}$"
"179";0,0675;0,058;0,0425;0,0505;0,3145;NA;0,087;NA;"S";TRUE;12;"MaS";0,3;1;1;1,6;1,15;1;1;TRUE;"Im";2000;0,3;1000;"$\EE:I_{\MM}$"
"180";0,061;0,0575;NA;NA;0,76;NA;0,0785;NA;"NS";TRUE;12;"MaS";0,3;1;1;1,6;1,15;1;1;TRUE;"Im";2000;0,3;1000;"$\EE:I_{\MM}$"
"181";0,042;0,84;NA;NA;NA;NA;0,305;NA;"no $\EE$";FALSE;13;"HWE";0,3;1;1;1;0,85;1,2;1;TRUE;"Im";2000;0,3;1000;"$I_{\MM}$"
"182";0,0695;0,7665;0,0685;0,0615;0,0605;NA;0,3435;NA;"S";FALSE;13;"HWE";0,3;1;1;1;0,85;1,2;1;TRUE;"Im";2000;0,3;1000;"$I_{\MM}$"
"183";0,061;0,871;NA;NA;0,045;NA;0,3865;NA;"NS";FALSE;13;"HWE";0,3;1;1;1;0,85;1,2;1;TRUE;"Im";2000;0,3;1000;"$I_{\MM}$"
"184";0,292;0,309;NA;NA;NA;NA;0,0605;NA;"no $\EE$";TRUE;13;"HWE";0,3;1;1;1;0,85;1,2;1;TRUE;"Im";2000;0,3;1000;"$I_{\MM}$"
"185";0,261;0,262;0,061;0,055;0,0575;NA;0,0995;NA;"S";TRUE;13;"HWE";0,3;1;1;1;0,85;1,2;1;TRUE;"Im";2000;0,3;1000;"$I_{\MM}$"
"186";0,322;0,3455;NA;NA;0,0545;NA;0,0885;NA;"NS";TRUE;13;"HWE";0,3;1;1;1;0,85;1,2;1;TRUE;"Im";2000;0,3;1000;"$I_{\MM}$"
"187";0,041;0,843;NA;NA;NA;NA;0,303;NA;"no $\EE$";FALSE;13;"MS";0,3;1;1;1;0,85;1,2;1;TRUE;"Im";2000;0,3;1000;"$I_{\MM}$"
"188";0,0685;0,766;0,068;0,062;0,0575;NA;0,341;NA;"S";FALSE;13;"MS";0,3;1;1;1;0,85;1,2;1;TRUE;"Im";2000;0,3;1000;"$I_{\MM}$"
"189";0,0605;0,869;NA;NA;0,05;NA;0,383;NA;"NS";FALSE;13;"MS";0,3;1;1;1;0,85;1,2;1;TRUE;"Im";2000;0,3;1000;"$I_{\MM}$"
"190";0,2925;0,3085;NA;NA;NA;NA;0,0605;NA;"no $\EE$";TRUE;13;"MS";0,3;1;1;1;0,85;1,2;1;TRUE;"Im";2000;0,3;1000;"$I_{\MM}$"
"191";0,259;0,2645;0,061;0,0575;0,0575;NA;0,0995;NA;"S";TRUE;13;"MS";0,3;1;1;1;0,85;1,2;1;TRUE;"Im";2000;0,3;1000;"$I_{\MM}$"
"192";0,3225;0,3445;NA;NA;0,0535;NA;0,088;NA;"NS";TRUE;13;"MS";0,3;1;1;1;0,85;1,2;1;TRUE;"Im";2000;0,3;1000;"$I_{\MM}$"
"193";0,045;0,0485;NA;NA;NA;NA;0,215;NA;"no $\EE$";TRUE;13;"MaS";0,3;1;1;1;0,85;1,2;1;TRUE;"Im";2000;0,3;1000;"$I_{\MM}$"
"194";0,0595;0,064;0,065;0,053;0,0625;NA;0,2355;NA;"S";TRUE;13;"MaS";0,3;1;1;1;0,85;1,2;1;TRUE;"Im";2000;0,3;1000;"$I_{\MM}$"
"195";0,0585;0,057;NA;NA;0,051;NA;0,249;NA;"NS";TRUE;13;"MaS";0,3;1;1;1;0,85;1,2;1;TRUE;"Im";2000;0,3;1000;"$I_{\MM}$"
"196";0,0535;0,0545;NA;NA;NA;NA;0,3065;NA;"no $\EE$";FALSE;14;"HWE";0,3;1;1;1;1;1,2;1;TRUE;"Im";2000;0,3;1000;"$I_{\MM}$"
"197";0,0765;0,084;0,0525;0,0565;0,065;NA;0,335;NA;"S";FALSE;14;"HWE";0,3;1;1;1;1;1,2;1;TRUE;"Im";2000;0,3;1000;"$I_{\MM}$"
"198";0,072;0,0765;NA;NA;0,052;NA;0,381;NA;"NS";FALSE;14;"HWE";0,3;1;1;1;1;1,2;1;TRUE;"Im";2000;0,3;1000;"$I_{\MM}$"
"199";0,061;0,0545;NA;NA;NA;NA;0,2455;NA;"no $\EE$";TRUE;14;"HWE";0,3;1;1;1;1;1,2;1;TRUE;"Im";2000;0,3;1000;"$I_{\MM}$"
"200";0,0775;0,0675;0,054;0,052;0,0605;NA;0,254;NA;"S";TRUE;14;"HWE";0,3;1;1;1;1;1,2;1;TRUE;"Im";2000;0,3;1000;"$I_{\MM}$"
"201";0,074;0,0645;NA;NA;0,046;NA;0,2825;NA;"NS";TRUE;14;"HWE";0,3;1;1;1;1;1,2;1;TRUE;"Im";2000;0,3;1000;"$I_{\MM}$"
"202";0,052;0,053;NA;NA;NA;NA;0,3025;NA;"no $\EE$";FALSE;14;"MS";0,3;1;1;1;1;1,2;1;TRUE;"Im";2000;0,3;1000;"$I_{\MM}$"
"203";0,074;0,086;0,053;0,056;0,064;NA;0,3305;NA;"S";FALSE;14;"MS";0,3;1;1;1;1;1,2;1;TRUE;"Im";2000;0,3;1000;"$I_{\MM}$"
"204";0,0715;0,0775;NA;NA;0,0485;NA;0,375;NA;"NS";FALSE;14;"MS";0,3;1;1;1;1;1,2;1;TRUE;"Im";2000;0,3;1000;"$I_{\MM}$"
"205";0,0595;0,053;NA;NA;NA;NA;0,245;NA;"no $\EE$";TRUE;14;"MS";0,3;1;1;1;1;1,2;1;TRUE;"Im";2000;0,3;1000;"$I_{\MM}$"
"206";0,0785;0,0665;0,057;0,0525;0,0605;NA;0,2535;NA;"S";TRUE;14;"MS";0,3;1;1;1;1;1,2;1;TRUE;"Im";2000;0,3;1000;"$I_{\MM}$"
"207";0,0735;0,063;NA;NA;0,045;NA;0,2825;NA;"NS";TRUE;14;"MS";0,3;1;1;1;1;1,2;1;TRUE;"Im";2000;0,3;1000;"$I_{\MM}$"
"208";0,06;0,053;NA;NA;NA;NA;0,227;NA;"no $\EE$";TRUE;14;"MaS";0,3;1;1;1;1;1,2;1;TRUE;"Im";2000;0,3;1000;"$I_{\MM}$"
"209";0,075;0,06;0,056;0,0505;0,059;NA;0,254;NA;"S";TRUE;14;"MaS";0,3;1;1;1;1;1,2;1;TRUE;"Im";2000;0,3;1000;"$I_{\MM}$"
"210";0,0735;0,062;NA;NA;0,0505;NA;0,28;NA;"NS";TRUE;14;"MaS";0,3;1;1;1;1;1,2;1;TRUE;"Im";2000;0,3;1000;"$I_{\MM}$"
"211";0,048;0,8125;NA;NA;NA;NA;0,2995;NA;"no $\EE$";FALSE;15;"HWE";0,3;1;1;1;1,15;1,2;1;TRUE;"Im";2000;0,3;1000;"$I_{\MM}$"
"212";0,0785;0,7415;0,052;0,0575;0,0715;NA;0,3375;NA;"S";FALSE;15;"HWE";0,3;1;1;1;1,15;1,2;1;TRUE;"Im";2000;0,3;1000;"$I_{\MM}$"
"213";0,0695;0,8575;NA;NA;0,053;NA;0,369;NA;"NS";FALSE;15;"HWE";0,3;1;1;1;1,15;1,2;1;TRUE;"Im";2000;0,3;1000;"$I_{\MM}$"
"214";0,2775;0,321;NA;NA;NA;NA;0,6035;NA;"no $\EE$";TRUE;15;"HWE";0,3;1;1;1;1,15;1,2;1;TRUE;"Im";2000;0,3;1000;"$I_{\MM}$"
"215";0,239;0,2575;0,049;0,0475;0,059;NA;0,537;NA;"S";TRUE;15;"HWE";0,3;1;1;1;1,15;1,2;1;TRUE;"Im";2000;0,3;1000;"$I_{\MM}$"
"216";0,314;0,3455;NA;NA;0,055;NA;0,634;NA;"NS";TRUE;15;"HWE";0,3;1;1;1;1,15;1,2;1;TRUE;"Im";2000;0,3;1000;"$I_{\MM}$"
"217";0,048;0,825;NA;NA;NA;NA;0,295;NA;"no $\EE$";FALSE;15;"MS";0,3;1;1;1;1,15;1,2;1;TRUE;"Im";2000;0,3;1000;"$I_{\MM}$"
"218";0,0765;0,756;0,0525;0,0545;0,067;NA;0,3305;NA;"S";FALSE;15;"MS";0,3;1;1;1;1,15;1,2;1;TRUE;"Im";2000;0,3;1000;"$I_{\MM}$"
"219";0,068;0,863;NA;NA;0,054;NA;0,3675;NA;"NS";FALSE;15;"MS";0,3;1;1;1;1,15;1,2;1;TRUE;"Im";2000;0,3;1000;"$I_{\MM}$"
"220";0,2815;0,323;NA;NA;NA;NA;0,6085;NA;"no $\EE$";TRUE;15;"MS";0,3;1;1;1;1,15;1,2;1;TRUE;"Im";2000;0,3;1000;"$I_{\MM}$"
"221";0,239;0,2605;0,0505;0,0445;0,058;NA;0,541;NA;"S";TRUE;15;"MS";0,3;1;1;1;1,15;1,2;1;TRUE;"Im";2000;0,3;1000;"$I_{\MM}$"
"222";0,3085;0,347;NA;NA;0,0535;NA;0,6335;NA;"NS";TRUE;15;"MS";0,3;1;1;1;1,15;1,2;1;TRUE;"Im";2000;0,3;1000;"$I_{\MM}$"
"223";0,0545;0,0555;NA;NA;NA;NA;0,212;NA;"no $\EE$";TRUE;15;"MaS";0,3;1;1;1;1,15;1,2;1;TRUE;"Im";2000;0,3;1000;"$I_{\MM}$"
"224";0,066;0,0605;0,0525;0,0435;0,0585;NA;0,227;NA;"S";TRUE;15;"MaS";0,3;1;1;1;1,15;1,2;1;TRUE;"Im";2000;0,3;1000;"$I_{\MM}$"
"225";0,0675;0,061;NA;NA;0,049;NA;0,252;NA;"NS";TRUE;15;"MaS";0,3;1;1;1;1,15;1,2;1;TRUE;"Im";2000;0,3;1000;"$I_{\MM}$"
"226";0,0545;0,826;NA;NA;NA;NA;0,749;NA;"no $\EE$";FALSE;16;"HWE";0,3;1;1;1;0,85;1,4;1;TRUE;"Im";2000;0,3;1000;"$I_{\MM}$"
"227";0,082;0,7455;0,056;0,059;0,068;NA;0,715;NA;"S";FALSE;16;"HWE";0,3;1;1;1;0,85;1,4;1;TRUE;"Im";2000;0,3;1000;"$I_{\MM}$"
"228";0,077;0,868;NA;NA;0,0605;NA;0,794;NA;"NS";FALSE;16;"HWE";0,3;1;1;1;0,85;1,4;1;TRUE;"Im";2000;0,3;1000;"$I_{\MM}$"
"229";0,295;0,2875;NA;NA;NA;NA;0,2285;NA;"no $\EE$";TRUE;16;"HWE";0,3;1;1;1;0,85;1,4;1;TRUE;"Im";2000;0,3;1000;"$I_{\MM}$"
"230";0,2595;0,2605;0,076;0,057;0,062;NA;0,247;NA;"S";TRUE;16;"HWE";0,3;1;1;1;0,85;1,4;1;TRUE;"Im";2000;0,3;1000;"$I_{\MM}$"
"231";0,321;0,3285;NA;NA;0,052;NA;0,261;NA;"NS";TRUE;16;"HWE";0,3;1;1;1;0,85;1,4;1;TRUE;"Im";2000;0,3;1000;"$I_{\MM}$"
"232";0,0535;0,8305;NA;NA;NA;NA;0,745;NA;"no $\EE$";FALSE;16;"MS";0,3;1;1;1;0,85;1,4;1;TRUE;"Im";2000;0,3;1000;"$I_{\MM}$"
"233";0,083;0,742;0,0535;0,06;0,0695;NA;0,7155;NA;"S";FALSE;16;"MS";0,3;1;1;1;0,85;1,4;1;TRUE;"Im";2000;0,3;1000;"$I_{\MM}$"
"234";0,0775;0,8665;NA;NA;0,0585;NA;0,791;NA;"NS";FALSE;16;"MS";0,3;1;1;1;0,85;1,4;1;TRUE;"Im";2000;0,3;1000;"$I_{\MM}$"
"235";0,2965;0,2875;NA;NA;NA;NA;0,226;NA;"no $\EE$";TRUE;16;"MS";0,3;1;1;1;0,85;1,4;1;TRUE;"Im";2000;0,3;1000;"$I_{\MM}$"
"236";0,26;0,2625;0,0785;0,058;0,0605;NA;0,248;NA;"S";TRUE;16;"MS";0,3;1;1;1;0,85;1,4;1;TRUE;"Im";2000;0,3;1000;"$I_{\MM}$"
"237";0,321;0,3285;NA;NA;0,052;NA;0,2625;NA;"NS";TRUE;16;"MS";0,3;1;1;1;0,85;1,4;1;TRUE;"Im";2000;0,3;1000;"$I_{\MM}$"
"238";0,045;0,049;NA;NA;NA;NA;0,567;NA;"no $\EE$";TRUE;16;"MaS";0,3;1;1;1;0,85;1,4;1;TRUE;"Im";2000;0,3;1000;"$I_{\MM}$"
"239";0,061;0,06;0,07;0,0565;0,059;NA;0,528;NA;"S";TRUE;16;"MaS";0,3;1;1;1;0,85;1,4;1;TRUE;"Im";2000;0,3;1000;"$I_{\MM}$"
"240";0,054;0,0545;NA;NA;0,054;NA;0,6005;NA;"NS";TRUE;16;"MaS";0,3;1;1;1;0,85;1,4;1;TRUE;"Im";2000;0,3;1000;"$I_{\MM}$"
"241";0,0465;0,0425;NA;NA;NA;NA;0,754;NA;"no $\EE$";FALSE;17;"HWE";0,3;1;1;1;1;1,4;1;TRUE;"Im";2000;0,3;1000;"$I_{\MM}$"
"242";0,0755;0,078;0,044;0,0575;0,0635;NA;0,7145;NA;"S";FALSE;17;"HWE";0,3;1;1;1;1;1,4;1;TRUE;"Im";2000;0,3;1000;"$I_{\MM}$"
"243";0,0635;0,0635;NA;NA;0,0475;NA;0,793;NA;"NS";FALSE;17;"HWE";0,3;1;1;1;1;1,4;1;TRUE;"Im";2000;0,3;1000;"$I_{\MM}$"
"244";0,0555;0,0465;NA;NA;NA;NA;0,626;NA;"no $\EE$";TRUE;17;"HWE";0,3;1;1;1;1;1,4;1;TRUE;"Im";2000;0,3;1000;"$I_{\MM}$"
"245";0,063;0,064;0,059;0,052;0,0655;NA;0,5675;NA;"S";TRUE;17;"HWE";0,3;1;1;1;1;1,4;1;TRUE;"Im";2000;0,3;1000;"$I_{\MM}$"
"246";0,0655;0,0585;NA;NA;0,053;NA;0,6535;NA;"NS";TRUE;17;"HWE";0,3;1;1;1;1;1,4;1;TRUE;"Im";2000;0,3;1000;"$I_{\MM}$"
"247";0,0465;0,042;NA;NA;NA;NA;0,7515;NA;"no $\EE$";FALSE;17;"MS";0,3;1;1;1;1;1,4;1;TRUE;"Im";2000;0,3;1000;"$I_{\MM}$"
"248";0,074;0,0735;0,0415;0,0605;0,0585;NA;0,712;NA;"S";FALSE;17;"MS";0,3;1;1;1;1;1,4;1;TRUE;"Im";2000;0,3;1000;"$I_{\MM}$"
"249";0,064;0,0605;NA;NA;0,0485;NA;0,7885;NA;"NS";FALSE;17;"MS";0,3;1;1;1;1;1,4;1;TRUE;"Im";2000;0,3;1000;"$I_{\MM}$"
"250";0,056;0,048;NA;NA;NA;NA;0,621;NA;"no $\EE$";TRUE;17;"MS";0,3;1;1;1;1;1,4;1;TRUE;"Im";2000;0,3;1000;"$I_{\MM}$"
"251";0,0635;0,0665;0,059;0,053;0,0665;NA;0,572;NA;"S";TRUE;17;"MS";0,3;1;1;1;1;1,4;1;TRUE;"Im";2000;0,3;1000;"$I_{\MM}$"
"252";0,065;0,0595;NA;NA;0,054;NA;0,6515;NA;"NS";TRUE;17;"MS";0,3;1;1;1;1;1,4;1;TRUE;"Im";2000;0,3;1000;"$I_{\MM}$"
"253";0,0515;0,0415;NA;NA;NA;NA;0,593;NA;"no $\EE$";TRUE;17;"MaS";0,3;1;1;1;1;1,4;1;TRUE;"Im";2000;0,3;1000;"$I_{\MM}$"
"254";0,064;0,0595;0,058;0,055;0,0645;NA;0,546;NA;"S";TRUE;17;"MaS";0,3;1;1;1;1;1,4;1;TRUE;"Im";2000;0,3;1000;"$I_{\MM}$"
"255";0,059;0,0495;NA;NA;0,0495;NA;0,626;NA;"NS";TRUE;17;"MaS";0,3;1;1;1;1;1,4;1;TRUE;"Im";2000;0,3;1000;"$I_{\MM}$"
"256";0,0485;0,8;NA;NA;NA;NA;0,771;NA;"no $\EE$";FALSE;18;"HWE";0,3;1;1;1;1,15;1,4;1;TRUE;"Im";2000;0,3;1000;"$I_{\MM}$"
"257";0,081;0,727;0,0535;0,0555;0,0635;NA;0,7315;NA;"S";FALSE;18;"HWE";0,3;1;1;1;1,15;1,4;1;TRUE;"Im";2000;0,3;1000;"$I_{\MM}$"
"258";0,064;0,8335;NA;NA;0,058;NA;0,81;NA;"NS";FALSE;18;"HWE";0,3;1;1;1;1,15;1,4;1;TRUE;"Im";2000;0,3;1000;"$I_{\MM}$"
"259";0,283;0,303;NA;NA;NA;NA;0,9105;NA;"no $\EE$";TRUE;18;"HWE";0,3;1;1;1;1,15;1,4;1;TRUE;"Im";2000;0,3;1000;"$I_{\MM}$"
"260";0,2505;0,2705;0,054;0,063;0,059;NA;0,8445;NA;"S";TRUE;18;"HWE";0,3;1;1;1;1,15;1,4;1;TRUE;"Im";2000;0,3;1000;"$I_{\MM}$"
"261";0,3095;0,3285;NA;NA;0,055;NA;0,917;NA;"NS";TRUE;18;"HWE";0,3;1;1;1;1,15;1,4;1;TRUE;"Im";2000;0,3;1000;"$I_{\MM}$"
"262";0,0485;0,8175;NA;NA;NA;NA;0,7645;NA;"no $\EE$";FALSE;18;"MS";0,3;1;1;1;1,15;1,4;1;TRUE;"Im";2000;0,3;1000;"$I_{\MM}$"
"263";0,078;0,7375;0,053;0,0575;0,063;NA;0,7235;NA;"S";FALSE;18;"MS";0,3;1;1;1;1,15;1,4;1;TRUE;"Im";2000;0,3;1000;"$I_{\MM}$"
"264";0,0635;0,8485;NA;NA;0,056;NA;0,807;NA;"NS";FALSE;18;"MS";0,3;1;1;1;1,15;1,4;1;TRUE;"Im";2000;0,3;1000;"$I_{\MM}$"
"265";0,284;0,304;NA;NA;NA;NA;0,909;NA;"no $\EE$";TRUE;18;"MS";0,3;1;1;1;1,15;1,4;1;TRUE;"Im";2000;0,3;1000;"$I_{\MM}$"
"266";0,25;0,2675;0,053;0,064;0,059;NA;0,847;NA;"S";TRUE;18;"MS";0,3;1;1;1;1,15;1,4;1;TRUE;"Im";2000;0,3;1000;"$I_{\MM}$"
"267";0,315;0,331;NA;NA;0,054;NA;0,918;NA;"NS";TRUE;18;"MS";0,3;1;1;1;1,15;1,4;1;TRUE;"Im";2000;0,3;1000;"$I_{\MM}$"
"268";0,0475;0,047;NA;NA;NA;NA;0,5895;NA;"no $\EE$";TRUE;18;"MaS";0,3;1;1;1;1,15;1,4;1;TRUE;"Im";2000;0,3;1000;"$I_{\MM}$"
"269";0,067;0,061;0,052;0,0615;0,058;NA;0,5505;NA;"S";TRUE;18;"MaS";0,3;1;1;1;1,15;1,4;1;TRUE;"Im";2000;0,3;1000;"$I_{\MM}$"
"270";0,0605;0,051;NA;NA;0,057;NA;0,6255;NA;"NS";TRUE;18;"MaS";0,3;1;1;1;1,15;1,4;1;TRUE;"Im";2000;0,3;1000;"$I_{\MM}$"
"271";0,0495;0,832;NA;NA;NA;NA;NA;0,0435;"no $\EE$";FALSE;19;"HWE";0,3;1;1;1;0,85;1;1;TRUE;"If";2000;0,3;1000;"None"
"272";0,0755;0,758;0,0515;0,057;NA;0,069;NA;0,1015;"S";FALSE;19;"HWE";0,3;1;1;1;0,85;1;1;TRUE;"If";2000;0,3;1000;"None"
"273";0,069;0,864;NA;NA;NA;0,0465;NA;0,0925;"NS";FALSE;19;"HWE";0,3;1;1;1;0,85;1;1;TRUE;"If";2000;0,3;1000;"None"
"274";0,0585;0,313;NA;NA;NA;NA;NA;0,1555;"no $\EE$";TRUE;19;"HWE";0,3;1;1;1;0,85;1;1;TRUE;"If";2000;0,3;1000;"None"
"275";0,0705;0,274;0,061;0,06;NA;0,063;NA;0,1755;"S";TRUE;19;"HWE";0,3;1;1;1;0,85;1;1;TRUE;"If";2000;0,3;1000;"None"
"276";0,077;0,3425;NA;NA;NA;0,053;NA;0,193;"NS";TRUE;19;"HWE";0,3;1;1;1;0,85;1;1;TRUE;"If";2000;0,3;1000;"None"
"277";0,047;0,832;NA;NA;NA;NA;NA;0,0435;"no $\EE$";FALSE;19;"MS";0,3;1;1;1;0,85;1;1;TRUE;"If";2000;0,3;1000;"None"
"278";0,0745;0,768;0,05;0,057;NA;0,0655;NA;0,099;"S";FALSE;19;"MS";0,3;1;1;1;0,85;1;1;TRUE;"If";2000;0,3;1000;"None"
"279";0,069;0,868;NA;NA;NA;0,049;NA;0,092;"NS";FALSE;19;"MS";0,3;1;1;1;0,85;1;1;TRUE;"If";2000;0,3;1000;"None"
"280";0,0585;0,314;NA;NA;NA;NA;NA;0,156;"no $\EE$";TRUE;19;"MS";0,3;1;1;1;0,85;1;1;TRUE;"If";2000;0,3;1000;"None"
"281";0,07;0,2765;0,0595;0,059;NA;0,0635;NA;0,175;"S";TRUE;19;"MS";0,3;1;1;1;0,85;1;1;TRUE;"If";2000;0,3;1000;"None"
"282";0,076;0,344;NA;NA;NA;0,0515;NA;0,195;"NS";TRUE;19;"MS";0,3;1;1;1;0,85;1;1;TRUE;"If";2000;0,3;1000;"None"
"283";0,044;0,059;NA;NA;NA;NA;NA;0,045;"no $\EE$";TRUE;19;"MaS";0,3;1;1;1;0,85;1;1;TRUE;"If";2000;0,3;1000;"None"
"284";0,0685;0,0665;0,0605;0,0505;NA;0,067;NA;0,0895;"S";TRUE;19;"MaS";0,3;1;1;1;0,85;1;1;TRUE;"If";2000;0,3;1000;"None"
"285";0,0625;0,0615;NA;NA;NA;0,046;NA;0,077;"NS";TRUE;19;"MaS";0,3;1;1;1;0,85;1;1;TRUE;"If";2000;0,3;1000;"None"
"286";0,377;0,805;NA;NA;NA;NA;NA;0,057;"no $\EE$";FALSE;20;"HWE";0,3;1,15;1;1;0,85;1;1;TRUE;"If";2000;0,3;1000;"$\CC$"
"287";0,368;0,729;0,0575;0,0615;NA;0,065;NA;0,108;"S";FALSE;20;"HWE";0,3;1,15;1;1;0,85;1;1;TRUE;"If";2000;0,3;1000;"$\CC$"
"288";0,4385;0,848;NA;NA;NA;0,056;NA;0,101;"NS";FALSE;20;"HWE";0,3;1,15;1;1;0,85;1;1;TRUE;"If";2000;0,3;1000;"$\CC$"
"289";0,15;0,311;NA;NA;NA;NA;NA;0,1635;"no $\EE$";TRUE;20;"HWE";0,3;1,15;1;1;0,85;1;1;TRUE;"If";2000;0,3;1000;"$\CC$"
"290";0,167;0,2495;0,05;0,0575;NA;0,061;NA;0,1865;"S";TRUE;20;"HWE";0,3;1,15;1;1;0,85;1;1;TRUE;"If";2000;0,3;1000;"$\CC$"
"291";0,181;0,343;NA;NA;NA;0,0585;NA;0,2015;"NS";TRUE;20;"HWE";0,3;1,15;1;1;0,85;1;1;TRUE;"If";2000;0,3;1000;"$\CC$"
"292";0,3775;0,8035;NA;NA;NA;NA;NA;0,0555;"no $\EE$";FALSE;20;"MS";0,3;1,15;1;1;0,85;1;1;TRUE;"If";2000;0,3;1000;"$\CC$"
"293";0,365;0,7335;0,0575;0,0575;NA;0,0625;NA;0,1065;"S";FALSE;20;"MS";0,3;1,15;1;1;0,85;1;1;TRUE;"If";2000;0,3;1000;"$\CC$"
"294";0,4385;0,851;NA;NA;NA;0,0585;NA;0,1;"NS";FALSE;20;"MS";0,3;1,15;1;1;0,85;1;1;TRUE;"If";2000;0,3;1000;"$\CC$"
"295";0,148;0,309;NA;NA;NA;NA;NA;0,163;"no $\EE$";TRUE;20;"MS";0,3;1,15;1;1;0,85;1;1;TRUE;"If";2000;0,3;1000;"$\CC$"
"296";0,167;0,2505;0,0495;0,0575;NA;0,0585;NA;0,187;"S";TRUE;20;"MS";0,3;1,15;1;1;0,85;1;1;TRUE;"If";2000;0,3;1000;"$\CC$"
"297";0,1825;0,346;NA;NA;NA;0,058;NA;0,2005;"NS";TRUE;20;"MS";0,3;1,15;1;1;0,85;1;1;TRUE;"If";2000;0,3;1000;"$\CC$"
"298";0,228;0,041;NA;NA;NA;NA;NA;0,053;"no $\EE$";TRUE;20;"MaS";0,3;1,15;1;1;0,85;1;1;TRUE;"If";2000;0,3;1000;"$\CC$"
"299";0,217;0,059;0,0515;0,0555;NA;0,065;NA;0,094;"S";TRUE;20;"MaS";0,3;1,15;1;1;0,85;1;1;TRUE;"If";2000;0,3;1000;"$\CC$"
"300";0,2695;0,048;NA;NA;NA;0,0525;NA;0,083;"NS";TRUE;20;"MaS";0,3;1,15;1;1;0,85;1;1;TRUE;"If";2000;0,3;1000;"$\CC$"
"301";0,043;0,8265;NA;NA;NA;NA;NA;0,1705;"no $\EE$";FALSE;21;"HWE";0,3;1;1;1,5;0,85;1;1;TRUE;"If";2000;0,3;1000;"$\EE:I_{\FF}$"
"302";0,077;0,7565;0,0585;0,054;NA;0,365;NA;0,0995;"S";FALSE;21;"HWE";0,3;1;1;1,5;0,85;1;1;TRUE;"If";2000;0,3;1000;"$\EE:I_{\FF}$"
"303";0,062;0,8645;NA;NA;NA;0,903;NA;0,079;"NS";FALSE;21;"HWE";0,3;1;1;1,5;0,85;1;1;TRUE;"If";2000;0,3;1000;"$\EE:I_{\FF}$"
"304";0,0595;0,3245;NA;NA;NA;NA;NA;0,414;"no $\EE$";TRUE;21;"HWE";0,3;1;1;1,5;0,85;1;1;TRUE;"If";2000;0,3;1000;"$\EE:I_{\FF}$"
"305";0,0745;0,2745;0,0585;0,053;NA;0,2565;NA;0,168;"S";TRUE;21;"HWE";0,3;1;1;1,5;0,85;1;1;TRUE;"If";2000;0,3;1000;"$\EE:I_{\FF}$"
"306";0,0855;0,3585;NA;NA;NA;0,716;NA;0,1885;"NS";TRUE;21;"HWE";0,3;1;1;1,5;0,85;1;1;TRUE;"If";2000;0,3;1000;"$\EE:I_{\FF}$"
"307";0,0405;0,831;NA;NA;NA;NA;NA;0,1675;"no $\EE$";FALSE;21;"MS";0,3;1;1;1,5;0,85;1;1;TRUE;"If";2000;0,3;1000;"$\EE:I_{\FF}$"
"308";0,0775;0,759;0,0595;0,057;NA;0,3595;NA;0,0995;"S";FALSE;21;"MS";0,3;1;1;1,5;0,85;1;1;TRUE;"If";2000;0,3;1000;"$\EE:I_{\FF}$"
"309";0,064;0,8755;NA;NA;NA;0,902;NA;0,082;"NS";FALSE;21;"MS";0,3;1;1;1,5;0,85;1;1;TRUE;"If";2000;0,3;1000;"$\EE:I_{\FF}$"
"310";0,058;0,322;NA;NA;NA;NA;NA;0,4125;"no $\EE$";TRUE;21;"MS";0,3;1;1;1,5;0,85;1;1;TRUE;"If";2000;0,3;1000;"$\EE:I_{\FF}$"
"311";0,076;0,2775;0,059;0,0545;NA;0,255;NA;0,168;"S";TRUE;21;"MS";0,3;1;1;1,5;0,85;1;1;TRUE;"If";2000;0,3;1000;"$\EE:I_{\FF}$"
"312";0,083;0,3535;NA;NA;NA;0,712;NA;0,1885;"NS";TRUE;21;"MS";0,3;1;1;1,5;0,85;1;1;TRUE;"If";2000;0,3;1000;"$\EE:I_{\FF}$"
"313";0,052;0,0545;NA;NA;NA;NA;NA;0,125;"no $\EE$";TRUE;21;"MaS";0,3;1;1;1,5;0,85;1;1;TRUE;"If";2000;0,3;1000;"$\EE:I_{\FF}$"
"314";0,0695;0,054;0,057;0,0565;NA;0,235;NA;0,082;"S";TRUE;21;"MaS";0,3;1;1;1,5;0,85;1;1;TRUE;"If";2000;0,3;1000;"$\EE:I_{\FF}$"
"315";0,07;0,06;NA;NA;NA;0,6305;NA;0,0805;"NS";TRUE;21;"MaS";0,3;1;1;1,5;0,85;1;1;TRUE;"If";2000;0,3;1000;"$\EE:I_{\FF}$"
"316";0,039;0,8135;NA;NA;NA;NA;NA;0,2205;"no $\EE$";FALSE;22;"HWE";0,3;1;1;1,6;0,85;1;1;TRUE;"If";2000;0,3;1000;"$\EE:I_{\FF}$"
"317";0,0695;0,754;0,052;0,0525;NA;0,454;NA;0,0925;"S";FALSE;22;"HWE";0,3;1;1;1,6;0,85;1;1;TRUE;"If";2000;0,3;1000;"$\EE:I_{\FF}$"
"318";0,0555;0,8485;NA;NA;NA;0,96;NA;0,077;"NS";FALSE;22;"HWE";0,3;1;1;1,6;0,85;1;1;TRUE;"If";2000;0,3;1000;"$\EE:I_{\FF}$"
"319";0,066;0,3225;NA;NA;NA;NA;NA;0,459;"no $\EE$";TRUE;22;"HWE";0,3;1;1;1,6;0,85;1;1;TRUE;"If";2000;0,3;1000;"$\EE:I_{\FF}$"
"320";0,0815;0,2875;0,053;0,0595;NA;0,329;NA;0,16;"S";TRUE;22;"HWE";0,3;1;1;1,6;0,85;1;1;TRUE;"If";2000;0,3;1000;"$\EE:I_{\FF}$"
"321";0,082;0,3535;NA;NA;NA;0,8355;NA;0,169;"NS";TRUE;22;"HWE";0,3;1;1;1,6;0,85;1;1;TRUE;"If";2000;0,3;1000;"$\EE:I_{\FF}$"
"322";0,0385;0,8205;NA;NA;NA;NA;NA;0,2185;"no $\EE$";FALSE;22;"MS";0,3;1;1;1,6;0,85;1;1;TRUE;"If";2000;0,3;1000;"$\EE:I_{\FF}$"
"323";0,069;0,7585;0,05;0,0525;NA;0,442;NA;0,0925;"S";FALSE;22;"MS";0,3;1;1;1,6;0,85;1;1;TRUE;"If";2000;0,3;1000;"$\EE:I_{\FF}$"
"324";0,0545;0,857;NA;NA;NA;0,959;NA;0,078;"NS";FALSE;22;"MS";0,3;1;1;1,6;0,85;1;1;TRUE;"If";2000;0,3;1000;"$\EE:I_{\FF}$"
"325";0,067;0,325;NA;NA;NA;NA;NA;0,4555;"no $\EE$";TRUE;22;"MS";0,3;1;1;1,6;0,85;1;1;TRUE;"If";2000;0,3;1000;"$\EE:I_{\FF}$"
"326";0,082;0,2885;0,0525;0,058;NA;0,329;NA;0,1635;"S";TRUE;22;"MS";0,3;1;1;1,6;0,85;1;1;TRUE;"If";2000;0,3;1000;"$\EE:I_{\FF}$"
"327";0,082;0,3565;NA;NA;NA;0,836;NA;0,1695;"NS";TRUE;22;"MS";0,3;1;1;1,6;0,85;1;1;TRUE;"If";2000;0,3;1000;"$\EE:I_{\FF}$"
"328";0,056;0,05;NA;NA;NA;NA;NA;0,148;"no $\EE$";TRUE;22;"MaS";0,3;1;1;1,6;0,85;1;1;TRUE;"If";2000;0,3;1000;"$\EE:I_{\FF}$"
"329";0,074;0,057;0,0525;0,0565;NA;0,312;NA;0,083;"S";TRUE;22;"MaS";0,3;1;1;1,6;0,85;1;1;TRUE;"If";2000;0,3;1000;"$\EE:I_{\FF}$"
"330";0,0735;0,059;NA;NA;NA;0,78;NA;0,0725;"NS";TRUE;22;"MaS";0,3;1;1;1,6;0,85;1;1;TRUE;"If";2000;0,3;1000;"$\EE:I_{\FF}$"
"331";0,049;0,045;NA;NA;NA;NA;NA;0,0485;"no $\EE$";FALSE;23;"HWE";0,3;1;1;1;1;1;1;TRUE;"If";2000;0,3;1000;"None"
"332";0,0705;0,073;0,0525;0,0455;NA;0,0545;NA;0,095;"S";FALSE;23;"HWE";0,3;1;1;1;1;1;1;TRUE;"If";2000;0,3;1000;"None"
"333";0,063;0,064;NA;NA;NA;0,054;NA;0,0805;"NS";FALSE;23;"HWE";0,3;1;1;1;1;1;1;TRUE;"If";2000;0,3;1000;"None"
"334";0,0465;0,047;NA;NA;NA;NA;NA;0,0545;"no $\EE$";TRUE;23;"HWE";0,3;1;1;1;1;1;1;TRUE;"If";2000;0,3;1000;"None"
"335";0,077;0,072;0,0615;0,0565;NA;0,0605;NA;0,0915;"S";TRUE;23;"HWE";0,3;1;1;1;1;1;1;TRUE;"If";2000;0,3;1000;"None"
"336";0,06;0,0545;NA;NA;NA;0,052;NA;0,08;"NS";TRUE;23;"HWE";0,3;1;1;1;1;1;1;TRUE;"If";2000;0,3;1000;"None"
"337";0,0475;0,0465;NA;NA;NA;NA;NA;0,047;"no $\EE$";FALSE;23;"MS";0,3;1;1;1;1;1;1;TRUE;"If";2000;0,3;1000;"None"
"338";0,069;0,0755;0,0525;0,047;NA;0,0555;NA;0,0945;"S";FALSE;23;"MS";0,3;1;1;1;1;1;1;TRUE;"If";2000;0,3;1000;"None"
"339";0,0635;0,064;NA;NA;NA;0,0525;NA;0,0845;"NS";FALSE;23;"MS";0,3;1;1;1;1;1;1;TRUE;"If";2000;0,3;1000;"None"
"340";0,046;0,0475;NA;NA;NA;NA;NA;0,0555;"no $\EE$";TRUE;23;"MS";0,3;1;1;1;1;1;1;TRUE;"If";2000;0,3;1000;"None"
"341";0,0755;0,073;0,0605;0,0565;NA;0,0595;NA;0,0915;"S";TRUE;23;"MS";0,3;1;1;1;1;1;1;TRUE;"If";2000;0,3;1000;"None"
"342";0,0605;0,0535;NA;NA;NA;0,051;NA;0,082;"NS";TRUE;23;"MS";0,3;1;1;1;1;1;1;TRUE;"If";2000;0,3;1000;"None"
"343";0,044;0,046;NA;NA;NA;NA;NA;0,0505;"no $\EE$";TRUE;23;"MaS";0,3;1;1;1;1;1;1;TRUE;"If";2000;0,3;1000;"None"
"344";0,075;0,066;0,0605;0,0595;NA;0,061;NA;0,0865;"S";TRUE;23;"MaS";0,3;1;1;1;1;1;1;TRUE;"If";2000;0,3;1000;"None"
"345";0,059;0,0495;NA;NA;NA;0,0485;NA;0,078;"NS";TRUE;23;"MaS";0,3;1;1;1;1;1;1;TRUE;"If";2000;0,3;1000;"None"
"346";0,413;0,0475;NA;NA;NA;NA;NA;0,049;"no $\EE$";FALSE;24;"HWE";0,3;1,15;1;1;1;1;1;TRUE;"If";2000;0,3;1000;"$\CC$"
"347";0,374;0,0785;0,056;0,066;NA;0,064;NA;0,108;"S";FALSE;24;"HWE";0,3;1,15;1;1;1;1;1;TRUE;"If";2000;0,3;1000;"$\CC$"
"348";0,468;0,0685;NA;NA;NA;0,055;NA;0,095;"NS";FALSE;24;"HWE";0,3;1,15;1;1;1;1;1;TRUE;"If";2000;0,3;1000;"$\CC$"
"349";0,251;0,049;NA;NA;NA;NA;NA;0,0475;"no $\EE$";TRUE;24;"HWE";0,3;1,15;1;1;1;1;1;TRUE;"If";2000;0,3;1000;"$\CC$"
"350";0,2365;0,063;0,0515;0,057;NA;0,054;NA;0,0855;"S";TRUE;24;"HWE";0,3;1,15;1;1;1;1;1;TRUE;"If";2000;0,3;1000;"$\CC$"
"351";0,291;0,059;NA;NA;NA;0,053;NA;0,0785;"NS";TRUE;24;"HWE";0,3;1,15;1;1;1;1;1;TRUE;"If";2000;0,3;1000;"$\CC$"
"352";0,4115;0,048;NA;NA;NA;NA;NA;0,0485;"no $\EE$";FALSE;24;"MS";0,3;1,15;1;1;1;1;1;TRUE;"If";2000;0,3;1000;"$\CC$"
"353";0,376;0,08;0,0555;0,066;NA;0,0655;NA;0,1035;"S";FALSE;24;"MS";0,3;1,15;1;1;1;1;1;TRUE;"If";2000;0,3;1000;"$\CC$"
"354";0,468;0,0675;NA;NA;NA;0,057;NA;0,0925;"NS";FALSE;24;"MS";0,3;1,15;1;1;1;1;1;TRUE;"If";2000;0,3;1000;"$\CC$"
"355";0,25;0,047;NA;NA;NA;NA;NA;0,0475;"no $\EE$";TRUE;24;"MS";0,3;1,15;1;1;1;1;1;TRUE;"If";2000;0,3;1000;"$\CC$"
"356";0,235;0,0645;0,0505;0,0595;NA;0,055;NA;0,087;"S";TRUE;24;"MS";0,3;1,15;1;1;1;1;1;TRUE;"If";2000;0,3;1000;"$\CC$"
"357";0,2905;0,0575;NA;NA;NA;0,053;NA;0,079;"NS";TRUE;24;"MS";0,3;1,15;1;1;1;1;1;TRUE;"If";2000;0,3;1000;"$\CC$"
"358";0,248;0,054;NA;NA;NA;NA;NA;0,044;"no $\EE$";TRUE;24;"MaS";0,3;1,15;1;1;1;1;1;TRUE;"If";2000;0,3;1000;"$\CC$"
"359";0,233;0,062;0,0475;0,0585;NA;0,0585;NA;0,082;"S";TRUE;24;"MaS";0,3;1,15;1;1;1;1;1;TRUE;"If";2000;0,3;1000;"$\CC$"
"360";0,2925;0,0595;NA;NA;NA;0,0565;NA;0,0775;"NS";TRUE;24;"MaS";0,3;1,15;1;1;1;1;1;TRUE;"If";2000;0,3;1000;"$\CC$"
"361";0,0445;0,0535;NA;NA;NA;NA;NA;0,1815;"no $\EE$";FALSE;25;"HWE";0,3;1;1;1,5;1;1;1;TRUE;"If";2000;0,3;1000;"$\EE:I_{\FF}$"
"362";0,0735;0,085;0,062;0,055;NA;0,3345;NA;0,098;"S";FALSE;25;"HWE";0,3;1;1;1,5;1;1;1;TRUE;"If";2000;0,3;1000;"$\EE:I_{\FF}$"
"363";0,061;0,065;NA;NA;NA;0,868;NA;0,0845;"NS";FALSE;25;"HWE";0,3;1;1;1,5;1;1;1;TRUE;"If";2000;0,3;1000;"$\EE:I_{\FF}$"
"364";0,0505;0,0385;NA;NA;NA;NA;NA;0,1285;"no $\EE$";TRUE;25;"HWE";0,3;1;1;1,5;1;1;1;TRUE;"If";2000;0,3;1000;"$\EE:I_{\FF}$"
"365";0,0695;0,058;0,0545;0,058;NA;0,2595;NA;0,0745;"S";TRUE;25;"HWE";0,3;1;1;1,5;1;1;1;TRUE;"If";2000;0,3;1000;"$\EE:I_{\FF}$"
"366";0,0585;0,05;NA;NA;NA;0,695;NA;0,0725;"NS";TRUE;25;"HWE";0,3;1;1;1,5;1;1;1;TRUE;"If";2000;0,3;1000;"$\EE:I_{\FF}$"
"367";0,043;0,0545;NA;NA;NA;NA;NA;0,1815;"no $\EE$";FALSE;25;"MS";0,3;1;1;1,5;1;1;1;TRUE;"If";2000;0,3;1000;"$\EE:I_{\FF}$"
"368";0,0725;0,087;0,0615;0,058;NA;0,328;NA;0,0995;"S";FALSE;25;"MS";0,3;1;1;1,5;1;1;1;TRUE;"If";2000;0,3;1000;"$\EE:I_{\FF}$"
"369";0,0615;0,069;NA;NA;NA;0,868;NA;0,0815;"NS";FALSE;25;"MS";0,3;1;1;1,5;1;1;1;TRUE;"If";2000;0,3;1000;"$\EE:I_{\FF}$"
"370";0,0495;0,038;NA;NA;NA;NA;NA;0,13;"no $\EE$";TRUE;25;"MS";0,3;1;1;1,5;1;1;1;TRUE;"If";2000;0,3;1000;"$\EE:I_{\FF}$"
"371";0,066;0,0585;0,055;0,0565;NA;0,263;NA;0,074;"S";TRUE;25;"MS";0,3;1;1;1,5;1;1;1;TRUE;"If";2000;0,3;1000;"$\EE:I_{\FF}$"
"372";0,059;0,0515;NA;NA;NA;0,696;NA;0,073;"NS";TRUE;25;"MS";0,3;1;1;1,5;1;1;1;TRUE;"If";2000;0,3;1000;"$\EE:I_{\FF}$"
"373";0,048;0,046;NA;NA;NA;NA;NA;0,127;"no $\EE$";TRUE;25;"MaS";0,3;1;1;1,5;1;1;1;TRUE;"If";2000;0,3;1000;"$\EE:I_{\FF}$"
"374";0,064;0,0515;0,055;0,054;NA;0,2465;NA;0,0775;"S";TRUE;25;"MaS";0,3;1;1;1,5;1;1;1;TRUE;"If";2000;0,3;1000;"$\EE:I_{\FF}$"
"375";0,057;0,053;NA;NA;NA;0,6235;NA;0,073;"NS";TRUE;25;"MaS";0,3;1;1;1,5;1;1;1;TRUE;"If";2000;0,3;1000;"$\EE:I_{\FF}$"
"376";0,0415;0,056;NA;NA;NA;NA;NA;0,207;"no $\EE$";FALSE;26;"HWE";0,3;1;1;1,6;1;1;1;TRUE;"If";2000;0,3;1000;"$\EE:I_{\FF}$"
"377";0,0645;0,0845;0,053;0,053;NA;0,4345;NA;0,1045;"S";FALSE;26;"HWE";0,3;1;1;1,6;1;1;1;TRUE;"If";2000;0,3;1000;"$\EE:I_{\FF}$"
"378";0,0575;0,0795;NA;NA;NA;0,962;NA;0,089;"NS";FALSE;26;"HWE";0,3;1;1;1,6;1;1;1;TRUE;"If";2000;0,3;1000;"$\EE:I_{\FF}$"
"379";0,042;0,046;NA;NA;NA;NA;NA;0,1775;"no $\EE$";TRUE;26;"HWE";0,3;1;1;1,6;1;1;1;TRUE;"If";2000;0,3;1000;"$\EE:I_{\FF}$"
"380";0,07;0,0675;0,0575;0,067;NA;0,3425;NA;0,09;"S";TRUE;26;"HWE";0,3;1;1;1,6;1;1;1;TRUE;"If";2000;0,3;1000;"$\EE:I_{\FF}$"
"381";0,0615;0,0555;NA;NA;NA;0,843;NA;0,0805;"NS";TRUE;26;"HWE";0,3;1;1;1,6;1;1;1;TRUE;"If";2000;0,3;1000;"$\EE:I_{\FF}$"
"382";0,04;0,055;NA;NA;NA;NA;NA;0,205;"no $\EE$";FALSE;26;"MS";0,3;1;1;1,6;1;1;1;TRUE;"If";2000;0,3;1000;"$\EE:I_{\FF}$"
"383";0,0615;0,084;0,052;0,052;NA;0,4285;NA;0,1035;"S";FALSE;26;"MS";0,3;1;1;1,6;1;1;1;TRUE;"If";2000;0,3;1000;"$\EE:I_{\FF}$"
"384";0,059;0,0775;NA;NA;NA;0,961;NA;0,087;"NS";FALSE;26;"MS";0,3;1;1;1,6;1;1;1;TRUE;"If";2000;0,3;1000;"$\EE:I_{\FF}$"
"385";0,0445;0,046;NA;NA;NA;NA;NA;0,1765;"no $\EE$";TRUE;26;"MS";0,3;1;1;1,6;1;1;1;TRUE;"If";2000;0,3;1000;"$\EE:I_{\FF}$"
"386";0,0675;0,068;0,056;0,0685;NA;0,3435;NA;0,0905;"S";TRUE;26;"MS";0,3;1;1;1,6;1;1;1;TRUE;"If";2000;0,3;1000;"$\EE:I_{\FF}$"
"387";0,062;0,0565;NA;NA;NA;0,839;NA;0,082;"NS";TRUE;26;"MS";0,3;1;1;1,6;1;1;1;TRUE;"If";2000;0,3;1000;"$\EE:I_{\FF}$"
"388";0,045;0,0505;NA;NA;NA;NA;NA;0,1705;"no $\EE$";TRUE;26;"MaS";0,3;1;1;1,6;1;1;1;TRUE;"If";2000;0,3;1000;"$\EE:I_{\FF}$"
"389";0,0655;0,067;0,0575;0,061;NA;0,3285;NA;0,0905;"S";TRUE;26;"MaS";0,3;1;1;1,6;1;1;1;TRUE;"If";2000;0,3;1000;"$\EE:I_{\FF}$"
"390";0,062;0,056;NA;NA;NA;0,766;NA;0,077;"NS";TRUE;26;"MaS";0,3;1;1;1,6;1;1;1;TRUE;"If";2000;0,3;1000;"$\EE:I_{\FF}$"
"391";0,0535;0,8295;NA;NA;NA;NA;NA;0,0555;"no $\EE$";FALSE;27;"HWE";0,3;1;1;1;1,15;1;1;TRUE;"If";2000;0,3;1000;"None"
"392";0,0785;0,7555;0,054;0,053;NA;0,0555;NA;0,104;"S";FALSE;27;"HWE";0,3;1;1;1;1,15;1;1;TRUE;"If";2000;0,3;1000;"None"
"393";0,074;0,862;NA;NA;NA;0,05;NA;0,0945;"NS";FALSE;27;"HWE";0,3;1;1;1;1,15;1;1;TRUE;"If";2000;0,3;1000;"None"
"394";0,0605;0,3185;NA;NA;NA;NA;NA;0,1785;"no $\EE$";TRUE;27;"HWE";0,3;1;1;1;1,15;1;1;TRUE;"If";2000;0,3;1000;"None"
"395";0,0945;0,268;0,0645;0,055;NA;0,0575;NA;0,2125;"S";TRUE;27;"HWE";0,3;1;1;1;1,15;1;1;TRUE;"If";2000;0,3;1000;"None"
"396";0,079;0,342;NA;NA;NA;0,055;NA;0,2125;"NS";TRUE;27;"HWE";0,3;1;1;1;1,15;1;1;TRUE;"If";2000;0,3;1000;"None"
"397";0,0525;0,834;NA;NA;NA;NA;NA;0,053;"no $\EE$";FALSE;27;"MS";0,3;1;1;1;1,15;1;1;TRUE;"If";2000;0,3;1000;"None"
"398";0,0785;0,7595;0,052;0,0535;NA;0,056;NA;0,0985;"S";FALSE;27;"MS";0,3;1;1;1;1,15;1;1;TRUE;"If";2000;0,3;1000;"None"
"399";0,0735;0,867;NA;NA;NA;0,0515;NA;0,091;"NS";FALSE;27;"MS";0,3;1;1;1;1,15;1;1;TRUE;"If";2000;0,3;1000;"None"
"400";0,0615;0,319;NA;NA;NA;NA;NA;0,175;"no $\EE$";TRUE;27;"MS";0,3;1;1;1;1,15;1;1;TRUE;"If";2000;0,3;1000;"None"
"401";0,092;0,272;0,063;0,0555;NA;0,06;NA;0,2135;"S";TRUE;27;"MS";0,3;1;1;1;1,15;1;1;TRUE;"If";2000;0,3;1000;"None"
"402";0,0785;0,3455;NA;NA;NA;0,0555;NA;0,214;"NS";TRUE;27;"MS";0,3;1;1;1;1,15;1;1;TRUE;"If";2000;0,3;1000;"None"
"403";0,0515;0,0465;NA;NA;NA;NA;NA;0,05;"no $\EE$";TRUE;27;"MaS";0,3;1;1;1;1,15;1;1;TRUE;"If";2000;0,3;1000;"None"
"404";0,0855;0,0555;0,0625;0,0555;NA;0,0605;NA;0,086;"S";TRUE;27;"MaS";0,3;1;1;1;1,15;1;1;TRUE;"If";2000;0,3;1000;"None"
"405";0,0685;0,052;NA;NA;NA;0,0515;NA;0,0825;"NS";TRUE;27;"MaS";0,3;1;1;1;1,15;1;1;TRUE;"If";2000;0,3;1000;"None"
"406";0,457;0,812;NA;NA;NA;NA;NA;0,047;"no $\EE$";FALSE;28;"HWE";0,3;1,15;1;1;1,15;1;1;TRUE;"If";2000;0,3;1000;"$\CC$"
"407";0,436;0,7345;0,0535;0,0525;NA;0,0575;NA;0,093;"S";FALSE;28;"HWE";0,3;1,15;1;1;1,15;1;1;TRUE;"If";2000;0,3;1000;"$\CC$"
"408";0,513;0,853;NA;NA;NA;0,056;NA;0,078;"NS";FALSE;28;"HWE";0,3;1,15;1;1;1,15;1;1;TRUE;"If";2000;0,3;1000;"$\CC$"
"409";0,344;0,327;NA;NA;NA;NA;NA;0,1525;"no $\EE$";TRUE;28;"HWE";0,3;1,15;1;1;1,15;1;1;TRUE;"If";2000;0,3;1000;"$\CC$"
"410";0,307;0,29;0,067;0,0485;NA;0,069;NA;0,181;"S";TRUE;28;"HWE";0,3;1,15;1;1;1,15;1;1;TRUE;"If";2000;0,3;1000;"$\CC$"
"411";0,386;0,359;NA;NA;NA;0,0495;NA;0,1895;"NS";TRUE;28;"HWE";0,3;1,15;1;1;1,15;1;1;TRUE;"If";2000;0,3;1000;"$\CC$"
"412";0,455;0,82;NA;NA;NA;NA;NA;0,0465;"no $\EE$";FALSE;28;"MS";0,3;1,15;1;1;1,15;1;1;TRUE;"If";2000;0,3;1000;"$\CC$"
"413";0,4335;0,7375;0,054;0,055;NA;0,0585;NA;0,094;"S";FALSE;28;"MS";0,3;1,15;1;1;1,15;1;1;TRUE;"If";2000;0,3;1000;"$\CC$"
"414";0,5095;0,8555;NA;NA;NA;0,0575;NA;0,0755;"NS";FALSE;28;"MS";0,3;1,15;1;1;1,15;1;1;TRUE;"If";2000;0,3;1000;"$\CC$"
"415";0,342;0,3345;NA;NA;NA;NA;NA;0,152;"no $\EE$";TRUE;28;"MS";0,3;1,15;1;1;1,15;1;1;TRUE;"If";2000;0,3;1000;"$\CC$"
"416";0,3065;0,294;0,068;0,048;NA;0,0655;NA;0,178;"S";TRUE;28;"MS";0,3;1,15;1;1;1,15;1;1;TRUE;"If";2000;0,3;1000;"$\CC$"
"417";0,3855;0,359;NA;NA;NA;0,0475;NA;0,1905;"NS";TRUE;28;"MS";0,3;1,15;1;1;1,15;1;1;TRUE;"If";2000;0,3;1000;"$\CC$"
"418";0,233;0,059;NA;NA;NA;NA;NA;0,0495;"no $\EE$";TRUE;28;"MaS";0,3;1,15;1;1;1,15;1;1;TRUE;"If";2000;0,3;1000;"$\CC$"
"419";0,222;0,0605;0,066;0,0435;NA;0,0645;NA;0,095;"S";TRUE;28;"MaS";0,3;1,15;1;1;1,15;1;1;TRUE;"If";2000;0,3;1000;"$\CC$"
"420";0,281;0,0635;NA;NA;NA;0,0535;NA;0,0865;"NS";TRUE;28;"MaS";0,3;1,15;1;1;1,15;1;1;TRUE;"If";2000;0,3;1000;"$\CC$"
"421";0,045;0,8335;NA;NA;NA;NA;NA;0,179;"no $\EE$";FALSE;29;"HWE";0,3;1;1;1,5;1,15;1;1;TRUE;"If";2000;0,3;1000;"$\EE:I_{\FF}$"
"422";0,073;0,7445;0,06;0,056;NA;0,3415;NA;0,1015;"S";FALSE;29;"HWE";0,3;1;1;1,5;1,15;1;1;TRUE;"If";2000;0,3;1000;"$\EE:I_{\FF}$"
"423";0,0655;0,8615;NA;NA;NA;0,8705;NA;0,0825;"NS";FALSE;29;"HWE";0,3;1;1;1,5;1,15;1;1;TRUE;"If";2000;0,3;1000;"$\EE:I_{\FF}$"
"424";0,0665;0,3195;NA;NA;NA;NA;NA;0,0595;"no $\EE$";TRUE;29;"HWE";0,3;1;1;1,5;1,15;1;1;TRUE;"If";2000;0,3;1000;"$\EE:I_{\FF}$"
"425";0,085;0,276;0,07;0,056;NA;0,2705;NA;0,196;"S";TRUE;29;"HWE";0,3;1;1;1,5;1,15;1;1;TRUE;"If";2000;0,3;1000;"$\EE:I_{\FF}$"
"426";0,0855;0,3465;NA;NA;NA;0,684;NA;0,2145;"NS";TRUE;29;"HWE";0,3;1;1;1,5;1,15;1;1;TRUE;"If";2000;0,3;1000;"$\EE:I_{\FF}$"
"427";0,045;0,837;NA;NA;NA;NA;NA;0,1785;"no $\EE$";FALSE;29;"MS";0,3;1;1;1,5;1,15;1;1;TRUE;"If";2000;0,3;1000;"$\EE:I_{\FF}$"
"428";0,07;0,7545;0,058;0,053;NA;0,3395;NA;0,0985;"S";FALSE;29;"MS";0,3;1;1;1,5;1,15;1;1;TRUE;"If";2000;0,3;1000;"$\EE:I_{\FF}$"
"429";0,0645;0,858;NA;NA;NA;0,8675;NA;0,0845;"NS";FALSE;29;"MS";0,3;1;1;1,5;1,15;1;1;TRUE;"If";2000;0,3;1000;"$\EE:I_{\FF}$"
"430";0,0655;0,316;NA;NA;NA;NA;NA;0,0595;"no $\EE$";TRUE;29;"MS";0,3;1;1;1,5;1,15;1;1;TRUE;"If";2000;0,3;1000;"$\EE:I_{\FF}$"
"431";0,0855;0,278;0,069;0,0575;NA;0,271;NA;0,1975;"S";TRUE;29;"MS";0,3;1;1;1,5;1,15;1;1;TRUE;"If";2000;0,3;1000;"$\EE:I_{\FF}$"
"432";0,084;0,3525;NA;NA;NA;0,6855;NA;0,2155;"NS";TRUE;29;"MS";0,3;1;1;1,5;1,15;1;1;TRUE;"If";2000;0,3;1000;"$\EE:I_{\FF}$"
"433";0,0575;0,0515;NA;NA;NA;NA;NA;0,137;"no $\EE$";TRUE;29;"MaS";0,3;1;1;1,5;1,15;1;1;TRUE;"If";2000;0,3;1000;"$\EE:I_{\FF}$"
"434";0,0735;0,0605;0,067;0,0525;NA;0,2615;NA;0,0895;"S";TRUE;29;"MaS";0,3;1;1;1,5;1,15;1;1;TRUE;"If";2000;0,3;1000;"$\EE:I_{\FF}$"
"435";0,072;0,0565;NA;NA;NA;0,597;NA;0,0785;"NS";TRUE;29;"MaS";0,3;1;1;1,5;1,15;1;1;TRUE;"If";2000;0,3;1000;"$\EE:I_{\FF}$"
"436";0,058;0,8305;NA;NA;NA;NA;NA;0,2035;"no $\EE$";FALSE;30;"HWE";0,3;1;1;1,6;1,15;1;1;TRUE;"If";2000;0,3;1000;"$\EE:I_{\FF}$"
"437";0,0845;0,7575;0,057;0,0565;NA;0,412;NA;0,1005;"S";FALSE;30;"HWE";0,3;1;1;1,6;1,15;1;1;TRUE;"If";2000;0,3;1000;"$\EE:I_{\FF}$"
"438";0,077;0,861;NA;NA;NA;0,9495;NA;0,0905;"NS";FALSE;30;"HWE";0,3;1;1;1,6;1,15;1;1;TRUE;"If";2000;0,3;1000;"$\EE:I_{\FF}$"
"439";0,061;0,323;NA;NA;NA;NA;NA;0,0485;"no $\EE$";TRUE;30;"HWE";0,3;1;1;1,6;1,15;1;1;TRUE;"If";2000;0,3;1000;"$\EE:I_{\FF}$"
"440";0,083;0,2725;0,051;0,0485;NA;0,3365;NA;0,1915;"S";TRUE;30;"HWE";0,3;1;1;1,6;1,15;1;1;TRUE;"If";2000;0,3;1000;"$\EE:I_{\FF}$"
"441";0,077;0,351;NA;NA;NA;0,8015;NA;0,1985;"NS";TRUE;30;"HWE";0,3;1;1;1,6;1,15;1;1;TRUE;"If";2000;0,3;1000;"$\EE:I_{\FF}$"
"442";0,057;0,8295;NA;NA;NA;NA;NA;0,2065;"no $\EE$";FALSE;30;"MS";0,3;1;1;1,6;1,15;1;1;TRUE;"If";2000;0,3;1000;"$\EE:I_{\FF}$"
"443";0,084;0,763;0,0555;0,058;NA;0,407;NA;0,099;"S";FALSE;30;"MS";0,3;1;1;1,6;1,15;1;1;TRUE;"If";2000;0,3;1000;"$\EE:I_{\FF}$"
"444";0,0785;0,8665;NA;NA;NA;0,9495;NA;0,0885;"NS";FALSE;30;"MS";0,3;1;1;1,6;1,15;1;1;TRUE;"If";2000;0,3;1000;"$\EE:I_{\FF}$"
"445";0,06;0,326;NA;NA;NA;NA;NA;0,047;"no $\EE$";TRUE;30;"MS";0,3;1;1;1,6;1,15;1;1;TRUE;"If";2000;0,3;1000;"$\EE:I_{\FF}$"
"446";0,085;0,273;0,051;0,0495;NA;0,337;NA;0,192;"S";TRUE;30;"MS";0,3;1;1;1,6;1,15;1;1;TRUE;"If";2000;0,3;1000;"$\EE:I_{\FF}$"
"447";0,078;0,35;NA;NA;NA;0,803;NA;0,198;"NS";TRUE;30;"MS";0,3;1;1;1,6;1,15;1;1;TRUE;"If";2000;0,3;1000;"$\EE:I_{\FF}$"
"448";0,055;0,0475;NA;NA;NA;NA;NA;0,1635;"no $\EE$";TRUE;30;"MaS";0,3;1;1;1,6;1,15;1;1;TRUE;"If";2000;0,3;1000;"$\EE:I_{\FF}$"
"449";0,073;0,0615;0,0515;0,045;NA;0,335;NA;0,091;"S";TRUE;30;"MaS";0,3;1;1;1,6;1,15;1;1;TRUE;"If";2000;0,3;1000;"$\EE:I_{\FF}$"
"450";0,067;0,0505;NA;NA;NA;0,7285;NA;0,081;"NS";TRUE;30;"MaS";0,3;1;1;1,6;1,15;1;1;TRUE;"If";2000;0,3;1000;"$\EE:I_{\FF}$"
"451";0,049;0,8245;NA;NA;NA;NA;NA;0,311;"no $\EE$";FALSE;31;"HWE";0,3;1;1;1;0,85;1;1,2;TRUE;"If";2000;0,3;1000;"$I_{\FF}$"
"452";0,0765;0,757;0,051;0,054;NA;0,0635;NA;0,338;"S";FALSE;31;"HWE";0,3;1;1;1;0,85;1;1,2;TRUE;"If";2000;0,3;1000;"$I_{\FF}$"
"453";0,0695;0,855;NA;NA;NA;0,0495;NA;0,384;"NS";FALSE;31;"HWE";0,3;1;1;1;0,85;1;1,2;TRUE;"If";2000;0,3;1000;"$I_{\FF}$"
"454";0,0595;0,331;NA;NA;NA;NA;NA;0,5655;"no $\EE$";TRUE;31;"HWE";0,3;1;1;1;0,85;1;1,2;TRUE;"If";2000;0,3;1000;"$I_{\FF}$"
"455";0,082;0,278;0,0495;0,0515;NA;0,0625;NA;0,5105;"S";TRUE;31;"HWE";0,3;1;1;1;0,85;1;1,2;TRUE;"If";2000;0,3;1000;"$I_{\FF}$"
"456";0,075;0,362;NA;NA;NA;0,058;NA;0,5855;"NS";TRUE;31;"HWE";0,3;1;1;1;0,85;1;1,2;TRUE;"If";2000;0,3;1000;"$I_{\FF}$"
"457";0,0485;0,8315;NA;NA;NA;NA;NA;0,3085;"no $\EE$";FALSE;31;"MS";0,3;1;1;1;0,85;1;1,2;TRUE;"If";2000;0,3;1000;"$I_{\FF}$"
"458";0,074;0,766;0,0495;0,058;NA;0,0605;NA;0,331;"S";FALSE;31;"MS";0,3;1;1;1;0,85;1;1,2;TRUE;"If";2000;0,3;1000;"$I_{\FF}$"
"459";0,0695;0,859;NA;NA;NA;0,0515;NA;0,3815;"NS";FALSE;31;"MS";0,3;1;1;1;0,85;1;1,2;TRUE;"If";2000;0,3;1000;"$I_{\FF}$"
"460";0,061;0,3325;NA;NA;NA;NA;NA;0,569;"no $\EE$";TRUE;31;"MS";0,3;1;1;1;0,85;1;1,2;TRUE;"If";2000;0,3;1000;"$I_{\FF}$"
"461";0,0815;0,28;0,049;0,0535;NA;0,06;NA;0,5115;"S";TRUE;31;"MS";0,3;1;1;1;0,85;1;1,2;TRUE;"If";2000;0,3;1000;"$I_{\FF}$"
"462";0,0755;0,364;NA;NA;NA;0,0605;NA;0,5865;"NS";TRUE;31;"MS";0,3;1;1;1;0,85;1;1,2;TRUE;"If";2000;0,3;1000;"$I_{\FF}$"
"463";0,0575;0,051;NA;NA;NA;NA;NA;0,217;"no $\EE$";TRUE;31;"MaS";0,3;1;1;1;0,85;1;1,2;TRUE;"If";2000;0,3;1000;"$I_{\FF}$"
"464";0,0775;0,0595;0,0515;0,046;NA;0,0655;NA;0,2305;"S";TRUE;31;"MaS";0,3;1;1;1;0,85;1;1,2;TRUE;"If";2000;0,3;1000;"$I_{\FF}$"
"465";0,0745;0,0555;NA;NA;NA;0,06;NA;0,2645;"NS";TRUE;31;"MaS";0,3;1;1;1;0,85;1;1,2;TRUE;"If";2000;0,3;1000;"$I_{\FF}$"
"466";0,0505;0,049;NA;NA;NA;NA;NA;0,3035;"no $\EE$";FALSE;32;"HWE";0,3;1;1;1;1;1;1,2;TRUE;"If";2000;0,3;1000;"$I_{\FF}$"
"467";0,08;0,0865;0,0545;0,061;NA;0,06;NA;0,3415;"S";FALSE;32;"HWE";0,3;1;1;1;1;1;1,2;TRUE;"If";2000;0,3;1000;"$I_{\FF}$"
"468";0,065;0,0715;NA;NA;NA;0,0485;NA;0,383;"NS";FALSE;32;"HWE";0,3;1;1;1;1;1;1,2;TRUE;"If";2000;0,3;1000;"$I_{\FF}$"
"469";0,051;0,0475;NA;NA;NA;NA;NA;0,2335;"no $\EE$";TRUE;32;"HWE";0,3;1;1;1;1;1;1,2;TRUE;"If";2000;0,3;1000;"$I_{\FF}$"
"470";0,071;0,061;0,056;0,051;NA;0,053;NA;0,231;"S";TRUE;32;"HWE";0,3;1;1;1;1;1;1,2;TRUE;"If";2000;0,3;1000;"$I_{\FF}$"
"471";0,0655;0,059;NA;NA;NA;0,045;NA;0,2665;"NS";TRUE;32;"HWE";0,3;1;1;1;1;1;1,2;TRUE;"If";2000;0,3;1000;"$I_{\FF}$"
"472";0,0515;0,048;NA;NA;NA;NA;NA;0,3015;"no $\EE$";FALSE;32;"MS";0,3;1;1;1;1;1;1,2;TRUE;"If";2000;0,3;1000;"$I_{\FF}$"
"473";0,08;0,083;0,052;0,06;NA;0,058;NA;0,3405;"S";FALSE;32;"MS";0,3;1;1;1;1;1;1,2;TRUE;"If";2000;0,3;1000;"$I_{\FF}$"
"474";0,065;0,071;NA;NA;NA;0,0465;NA;0,385;"NS";FALSE;32;"MS";0,3;1;1;1;1;1;1,2;TRUE;"If";2000;0,3;1000;"$I_{\FF}$"
"475";0,051;0,048;NA;NA;NA;NA;NA;0,233;"no $\EE$";TRUE;32;"MS";0,3;1;1;1;1;1;1,2;TRUE;"If";2000;0,3;1000;"$I_{\FF}$"
"476";0,0715;0,0635;0,0555;0,0495;NA;0,053;NA;0,23;"S";TRUE;32;"MS";0,3;1;1;1;1;1;1,2;TRUE;"If";2000;0,3;1000;"$I_{\FF}$"
"477";0,0645;0,059;NA;NA;NA;0,044;NA;0,266;"NS";TRUE;32;"MS";0,3;1;1;1;1;1;1,2;TRUE;"If";2000;0,3;1000;"$I_{\FF}$"
"478";0,0505;0,047;NA;NA;NA;NA;NA;0,211;"no $\EE$";TRUE;32;"MaS";0,3;1;1;1;1;1;1,2;TRUE;"If";2000;0,3;1000;"$I_{\FF}$"
"479";0,074;0,0565;0,0565;0,056;NA;0,0545;NA;0,2245;"S";TRUE;32;"MaS";0,3;1;1;1;1;1;1,2;TRUE;"If";2000;0,3;1000;"$I_{\FF}$"
"480";0,065;0,052;NA;NA;NA;0,044;NA;0,262;"NS";TRUE;32;"MaS";0,3;1;1;1;1;1;1,2;TRUE;"If";2000;0,3;1000;"$I_{\FF}$"
"481";0,056;0,809;NA;NA;NA;NA;NA;0,2775;"no $\EE$";FALSE;33;"HWE";0,3;1;1;1;1,15;1;1,2;TRUE;"If";2000;0,3;1000;"$I_{\FF}$"
"482";0,0695;0,727;0,053;0,0565;NA;0,059;NA;0,302;"S";FALSE;33;"HWE";0,3;1;1;1;1,15;1;1,2;TRUE;"If";2000;0,3;1000;"$I_{\FF}$"
"483";0,0695;0,8525;NA;NA;NA;0,049;NA;0,348;"NS";FALSE;33;"HWE";0,3;1;1;1;1,15;1;1,2;TRUE;"If";2000;0,3;1000;"$I_{\FF}$"
"484";0,054;0,3235;NA;NA;NA;NA;NA;0,0535;"no $\EE$";TRUE;33;"HWE";0,3;1;1;1;1,15;1;1,2;TRUE;"If";2000;0,3;1000;"$I_{\FF}$"
"485";0,0795;0,292;0,0605;0,053;NA;0,0535;NA;0,0785;"S";TRUE;33;"HWE";0,3;1;1;1;1,15;1;1,2;TRUE;"If";2000;0,3;1000;"$I_{\FF}$"
"486";0,0705;0,3505;NA;NA;NA;0,047;NA;0,0815;"NS";TRUE;33;"HWE";0,3;1;1;1;1,15;1;1,2;TRUE;"If";2000;0,3;1000;"$I_{\FF}$"
"487";0,0545;0,8125;NA;NA;NA;NA;NA;0,2735;"no $\EE$";FALSE;33;"MS";0,3;1;1;1;1,15;1;1,2;TRUE;"If";2000;0,3;1000;"$I_{\FF}$"
"488";0,0685;0,727;0,053;0,055;NA;0,0595;NA;0,3;"S";FALSE;33;"MS";0,3;1;1;1;1,15;1;1,2;TRUE;"If";2000;0,3;1000;"$I_{\FF}$"
"489";0,0685;0,8545;NA;NA;NA;0,0515;NA;0,3445;"NS";FALSE;33;"MS";0,3;1;1;1;1,15;1;1,2;TRUE;"If";2000;0,3;1000;"$I_{\FF}$"
"490";0,0545;0,327;NA;NA;NA;NA;NA;0,0525;"no $\EE$";TRUE;33;"MS";0,3;1;1;1;1,15;1;1,2;TRUE;"If";2000;0,3;1000;"$I_{\FF}$"
"491";0,08;0,2915;0,0575;0,0525;NA;0,052;NA;0,0755;"S";TRUE;33;"MS";0,3;1;1;1;1,15;1;1,2;TRUE;"If";2000;0,3;1000;"$I_{\FF}$"
"492";0,0695;0,354;NA;NA;NA;0,05;NA;0,0795;"NS";TRUE;33;"MS";0,3;1;1;1;1,15;1;1,2;TRUE;"If";2000;0,3;1000;"$I_{\FF}$"
"493";0,046;0,0535;NA;NA;NA;NA;NA;0,23;"no $\EE$";TRUE;33;"MaS";0,3;1;1;1;1,15;1;1,2;TRUE;"If";2000;0,3;1000;"$I_{\FF}$"
"494";0,0695;0,0575;0,0565;0,0525;NA;0,049;NA;0,2445;"S";TRUE;33;"MaS";0,3;1;1;1;1,15;1;1,2;TRUE;"If";2000;0,3;1000;"$I_{\FF}$"
"495";0,0665;0,058;NA;NA;NA;0,0515;NA;0,2675;"NS";TRUE;33;"MaS";0,3;1;1;1;1,15;1;1,2;TRUE;"If";2000;0,3;1000;"$I_{\FF}$"
"496";0,0475;0,81;NA;NA;NA;NA;NA;0,768;"no $\EE$";FALSE;34;"HWE";0,3;1;1;1;0,85;1;1,4;TRUE;"If";2000;0,3;1000;"$I_{\FF}$"
"497";0,0805;0,7265;0,0585;0,0625;NA;0,0705;NA;0,742;"S";FALSE;34;"HWE";0,3;1;1;1;0,85;1;1,4;TRUE;"If";2000;0,3;1000;"$I_{\FF}$"
"498";0,0645;0,8485;NA;NA;NA;0,054;NA;0,8165;"NS";FALSE;34;"HWE";0,3;1;1;1;0,85;1;1,4;TRUE;"If";2000;0,3;1000;"$I_{\FF}$"
"499";0,053;0,3155;NA;NA;NA;NA;NA;0,879;"no $\EE$";TRUE;34;"HWE";0,3;1;1;1;0,85;1;1,4;TRUE;"If";2000;0,3;1000;"$I_{\FF}$"
"500";0,076;0,2775;0,0595;0,057;NA;0,0615;NA;0,8115;"S";TRUE;34;"HWE";0,3;1;1;1;0,85;1;1,4;TRUE;"If";2000;0,3;1000;"$I_{\FF}$"
"501";0,071;0,3535;NA;NA;NA;0,0505;NA;0,8825;"NS";TRUE;34;"HWE";0,3;1;1;1;0,85;1;1,4;TRUE;"If";2000;0,3;1000;"$I_{\FF}$"
"502";0,046;0,8195;NA;NA;NA;NA;NA;0,764;"no $\EE$";FALSE;34;"MS";0,3;1;1;1;0,85;1;1,4;TRUE;"If";2000;0,3;1000;"$I_{\FF}$"
"503";0,077;0,736;0,057;0,0655;NA;0,0685;NA;0,7325;"S";FALSE;34;"MS";0,3;1;1;1;0,85;1;1,4;TRUE;"If";2000;0,3;1000;"$I_{\FF}$"
"504";0,0625;0,856;NA;NA;NA;0,0515;NA;0,8155;"NS";FALSE;34;"MS";0,3;1;1;1;0,85;1;1,4;TRUE;"If";2000;0,3;1000;"$I_{\FF}$"
"505";0,0555;0,3235;NA;NA;NA;NA;NA;0,8795;"no $\EE$";TRUE;34;"MS";0,3;1;1;1;0,85;1;1,4;TRUE;"If";2000;0,3;1000;"$I_{\FF}$"
"506";0,0775;0,28;0,058;0,058;NA;0,0585;NA;0,8145;"S";TRUE;34;"MS";0,3;1;1;1;0,85;1;1,4;TRUE;"If";2000;0,3;1000;"$I_{\FF}$"
"507";0,0705;0,354;NA;NA;NA;0,0495;NA;0,882;"NS";TRUE;34;"MS";0,3;1;1;1;0,85;1;1,4;TRUE;"If";2000;0,3;1000;"$I_{\FF}$"
"508";0,0475;0,047;NA;NA;NA;NA;NA;0,546;"no $\EE$";TRUE;34;"MaS";0,3;1;1;1;0,85;1;1,4;TRUE;"If";2000;0,3;1000;"$I_{\FF}$"
"509";0,08;0,0665;0,059;0,057;NA;0,058;NA;0,5205;"S";TRUE;34;"MaS";0,3;1;1;1;0,85;1;1,4;TRUE;"If";2000;0,3;1000;"$I_{\FF}$"
"510";0,0675;0,0565;NA;NA;NA;0,0485;NA;0,5905;"NS";TRUE;34;"MaS";0,3;1;1;1;0,85;1;1,4;TRUE;"If";2000;0,3;1000;"$I_{\FF}$"
"511";0,0515;0,059;NA;NA;NA;NA;NA;0,7565;"no $\EE$";FALSE;35;"HWE";0,3;1;1;1;1;1;1,4;TRUE;"If";2000;0,3;1000;"$I_{\FF}$"
"512";0,083;0,081;0,0565;0,055;NA;0,0685;NA;0,6985;"S";FALSE;35;"HWE";0,3;1;1;1;1;1;1,4;TRUE;"If";2000;0,3;1000;"$I_{\FF}$"
"513";0,0715;0,075;NA;NA;NA;0,0515;NA;0,796;"NS";FALSE;35;"HWE";0,3;1;1;1;1;1;1,4;TRUE;"If";2000;0,3;1000;"$I_{\FF}$"
"514";0,059;0,0575;NA;NA;NA;NA;NA;0,605;"no $\EE$";TRUE;35;"HWE";0,3;1;1;1;1;1;1,4;TRUE;"If";2000;0,3;1000;"$I_{\FF}$"
"515";0,0795;0,07;0,0675;0,053;NA;0,0665;NA;0,55;"S";TRUE;35;"HWE";0,3;1;1;1;1;1;1,4;TRUE;"If";2000;0,3;1000;"$I_{\FF}$"
"516";0,0725;0,0695;NA;NA;NA;0,0515;NA;0,6235;"NS";TRUE;35;"HWE";0,3;1;1;1;1;1;1,4;TRUE;"If";2000;0,3;1000;"$I_{\FF}$"
"517";0,052;0,056;NA;NA;NA;NA;NA;0,757;"no $\EE$";FALSE;35;"MS";0,3;1;1;1;1;1;1,4;TRUE;"If";2000;0,3;1000;"$I_{\FF}$"
"518";0,0825;0,081;0,055;0,0565;NA;0,0675;NA;0,701;"S";FALSE;35;"MS";0,3;1;1;1;1;1;1,4;TRUE;"If";2000;0,3;1000;"$I_{\FF}$"
"519";0,0705;0,0755;NA;NA;NA;0,0515;NA;0,798;"NS";FALSE;35;"MS";0,3;1;1;1;1;1;1,4;TRUE;"If";2000;0,3;1000;"$I_{\FF}$"
"520";0,058;0,0555;NA;NA;NA;NA;NA;0,605;"no $\EE$";TRUE;35;"MS";0,3;1;1;1;1;1;1,4;TRUE;"If";2000;0,3;1000;"$I_{\FF}$"
"521";0,08;0,0695;0,067;0,052;NA;0,0665;NA;0,5505;"S";TRUE;35;"MS";0,3;1;1;1;1;1;1,4;TRUE;"If";2000;0,3;1000;"$I_{\FF}$"
"522";0,073;0,068;NA;NA;NA;0,0535;NA;0,6245;"NS";TRUE;35;"MS";0,3;1;1;1;1;1;1,4;TRUE;"If";2000;0,3;1000;"$I_{\FF}$"
"523";0,0565;0,052;NA;NA;NA;NA;NA;0,5645;"no $\EE$";TRUE;35;"MaS";0,3;1;1;1;1;1;1,4;TRUE;"If";2000;0,3;1000;"$I_{\FF}$"
"524";0,08;0,065;0,0635;0,0555;NA;0,0655;NA;0,5355;"S";TRUE;35;"MaS";0,3;1;1;1;1;1;1,4;TRUE;"If";2000;0,3;1000;"$I_{\FF}$"
"525";0,0735;0,059;NA;NA;NA;0,053;NA;0,606;"NS";TRUE;35;"MaS";0,3;1;1;1;1;1;1,4;TRUE;"If";2000;0,3;1000;"$I_{\FF}$"
"526";0,06;0,813;NA;NA;NA;NA;NA;0,741;"no $\EE$";FALSE;36;"HWE";0,3;1;1;1;1,15;1;1,4;TRUE;"If";2000;0,3;1000;"$I_{\FF}$"
"527";0,084;0,7235;0,0665;0,056;NA;0,074;NA;0,6945;"S";FALSE;36;"HWE";0,3;1;1;1;1,15;1;1,4;TRUE;"If";2000;0,3;1000;"$I_{\FF}$"
"528";0,077;0,852;NA;NA;NA;0,0475;NA;0,783;"NS";FALSE;36;"HWE";0,3;1;1;1;1,15;1;1,4;TRUE;"If";2000;0,3;1000;"$I_{\FF}$"
"529";0,067;0,3325;NA;NA;NA;NA;NA;0,24;"no $\EE$";TRUE;36;"HWE";0,3;1;1;1;1,15;1;1,4;TRUE;"If";2000;0,3;1000;"$I_{\FF}$"
"530";0,077;0,2965;0,062;0,0595;NA;0,065;NA;0,267;"S";TRUE;36;"HWE";0,3;1;1;1;1,15;1;1,4;TRUE;"If";2000;0,3;1000;"$I_{\FF}$"
"531";0,0845;0,3615;NA;NA;NA;0,0495;NA;0,287;"NS";TRUE;36;"HWE";0,3;1;1;1;1,15;1;1,4;TRUE;"If";2000;0,3;1000;"$I_{\FF}$"
"532";0,059;0,8125;NA;NA;NA;NA;NA;0,737;"no $\EE$";FALSE;36;"MS";0,3;1;1;1;1,15;1;1,4;TRUE;"If";2000;0,3;1000;"$I_{\FF}$"
"533";0,082;0,7255;0,065;0,056;NA;0,071;NA;0,6935;"S";FALSE;36;"MS";0,3;1;1;1;1,15;1;1,4;TRUE;"If";2000;0,3;1000;"$I_{\FF}$"
"534";0,0765;0,8505;NA;NA;NA;0,0465;NA;0,7825;"NS";FALSE;36;"MS";0,3;1;1;1;1,15;1;1,4;TRUE;"If";2000;0,3;1000;"$I_{\FF}$"
"535";0,0675;0,3315;NA;NA;NA;NA;NA;0,24;"no $\EE$";TRUE;36;"MS";0,3;1;1;1;1,15;1;1,4;TRUE;"If";2000;0,3;1000;"$I_{\FF}$"
"536";0,0765;0,295;0,0625;0,063;NA;0,0655;NA;0,2625;"S";TRUE;36;"MS";0,3;1;1;1;1,15;1;1,4;TRUE;"If";2000;0,3;1000;"$I_{\FF}$"
"537";0,0855;0,365;NA;NA;NA;0,051;NA;0,285;"NS";TRUE;36;"MS";0,3;1;1;1;1,15;1;1,4;TRUE;"If";2000;0,3;1000;"$I_{\FF}$"
"538";0,0605;0,052;NA;NA;NA;NA;NA;0,5995;"no $\EE$";TRUE;36;"MaS";0,3;1;1;1;1,15;1;1,4;TRUE;"If";2000;0,3;1000;"$I_{\FF}$"
"539";0,069;0,058;0,0605;0,059;NA;0,0655;NA;0,5655;"S";TRUE;36;"MaS";0,3;1;1;1;1,15;1;1,4;TRUE;"If";2000;0,3;1000;"$I_{\FF}$"
"540";0,0775;0,0575;NA;NA;NA;0,0525;NA;0,631;"NS";TRUE;36;"MaS";0,3;1;1;1;1,15;1;1,4;TRUE;"If";2000;0,3;1000;"$I_{\FF}$"
"541";0,0585;0,839;NA;NA;NA;NA;0,0525;NA;"no $\EE$";FALSE;37;"HWE";0,3;1;1;1;0,85;1;1;TRUE;"Im";2000;0,5;1000;"None"
"542";0,064;0,5415;0,058;0,056;0,06;NA;0,0505;NA;"S";FALSE;37;"HWE";0,3;1;1;1;0,85;1;1;TRUE;"Im";2000;0,5;1000;"None"
"543";0,061;0,838;NA;NA;0,046;NA;0,0505;NA;"NS";FALSE;37;"HWE";0,3;1;1;1;0,85;1;1;TRUE;"Im";2000;0,5;1000;"None"
"544";0,276;0,3225;NA;NA;NA;NA;0,1465;NA;"no $\EE$";TRUE;37;"HWE";0,3;1;1;1;0,85;1;1;TRUE;"Im";2000;0,5;1000;"None"
"545";0,1495;0,1905;0,0455;0,057;0,052;NA;0,0925;NA;"S";TRUE;37;"HWE";0,3;1;1;1;0,85;1;1;TRUE;"Im";2000;0,5;1000;"None"
"546";0,2755;0,3175;NA;NA;0,0485;NA;0,123;NA;"NS";TRUE;37;"HWE";0,3;1;1;1;0,85;1;1;TRUE;"Im";2000;0,5;1000;"None"
"547";0,0595;0,841;NA;NA;NA;NA;0,0535;NA;"no $\EE$";FALSE;37;"MS";0,3;1;1;1;0,85;1;1;TRUE;"Im";2000;0,5;1000;"None"
"548";0,063;0,5485;0,059;0,053;0,0585;NA;0,05;NA;"S";FALSE;37;"MS";0,3;1;1;1;0,85;1;1;TRUE;"Im";2000;0,5;1000;"None"
"549";0,0595;0,842;NA;NA;0,047;NA;0,049;NA;"NS";FALSE;37;"MS";0,3;1;1;1;0,85;1;1;TRUE;"Im";2000;0,5;1000;"None"
"550";0,274;0,325;NA;NA;NA;NA;0,1495;NA;"no $\EE$";TRUE;37;"MS";0,3;1;1;1;0,85;1;1;TRUE;"Im";2000;0,5;1000;"None"
"551";0,1495;0,19;0,044;0,0565;0,054;NA;0,0915;NA;"S";TRUE;37;"MS";0,3;1;1;1;0,85;1;1;TRUE;"Im";2000;0,5;1000;"None"
"552";0,275;0,3205;NA;NA;0,046;NA;0,1245;NA;"NS";TRUE;37;"MS";0,3;1;1;1;0,85;1;1;TRUE;"Im";2000;0,5;1000;"None"
"553";0,0515;0,05;NA;NA;NA;NA;0,0435;NA;"no $\EE$";TRUE;37;"MaS";0,3;1;1;1;0,85;1;1;TRUE;"Im";2000;0,5;1000;"None"
"554";0,0495;0,0465;0,0505;0,055;0,058;NA;0,0475;NA;"S";TRUE;37;"MaS";0,3;1;1;1;0,85;1;1;TRUE;"Im";2000;0,5;1000;"None"
"555";0,051;0,0495;NA;NA;0,0515;NA;0,05;NA;"NS";TRUE;37;"MaS";0,3;1;1;1;0,85;1;1;TRUE;"Im";2000;0,5;1000;"None"
"556";0,4655;0,8075;NA;NA;NA;NA;0,0575;NA;"no $\EE$";FALSE;38;"HWE";0,3;1,15;1;1;0,85;1;1;TRUE;"Im";2000;0,5;1000;"$\CC$"
"557";0,271;0,496;0,06;0,0435;0,0455;NA;0,047;NA;"S";FALSE;38;"HWE";0,3;1,15;1;1;0,85;1;1;TRUE;"Im";2000;0,5;1000;"$\CC$"
"558";0,46;0,804;NA;NA;0,0575;NA;0,0485;NA;"NS";FALSE;38;"HWE";0,3;1,15;1;1;0,85;1;1;TRUE;"Im";2000;0,5;1000;"$\CC$"
"559";0,8785;0,303;NA;NA;NA;NA;0,163;NA;"no $\EE$";TRUE;38;"HWE";0,3;1,15;1;1;0,85;1;1;TRUE;"Im";2000;0,5;1000;"$\CC$"
"560";0,5905;0,192;0,046;0,053;0,049;NA;0,1135;NA;"S";TRUE;38;"HWE";0,3;1,15;1;1;0,85;1;1;TRUE;"Im";2000;0,5;1000;"$\CC$"
"561";0,8785;0,3055;NA;NA;0,054;NA;0,1365;NA;"NS";TRUE;38;"HWE";0,3;1,15;1;1;0,85;1;1;TRUE;"Im";2000;0,5;1000;"$\CC$"
"562";0,46;0,8105;NA;NA;NA;NA;0,0555;NA;"no $\EE$";FALSE;38;"MS";0,3;1,15;1;1;0,85;1;1;TRUE;"Im";2000;0,5;1000;"$\CC$"
"563";0,2695;0,5035;0,058;0,0455;0,0445;NA;0,043;NA;"S";FALSE;38;"MS";0,3;1,15;1;1;0,85;1;1;TRUE;"Im";2000;0,5;1000;"$\CC$"
"564";0,458;0,8115;NA;NA;0,059;NA;0,046;NA;"NS";FALSE;38;"MS";0,3;1,15;1;1;0,85;1;1;TRUE;"Im";2000;0,5;1000;"$\CC$"
"565";0,8795;0,3105;NA;NA;NA;NA;0,162;NA;"no $\EE$";TRUE;38;"MS";0,3;1,15;1;1;0,85;1;1;TRUE;"Im";2000;0,5;1000;"$\CC$"
"566";0,5945;0,189;0,047;0,0525;0,047;NA;0,1135;NA;"S";TRUE;38;"MS";0,3;1,15;1;1;0,85;1;1;TRUE;"Im";2000;0,5;1000;"$\CC$"
"567";0,8785;0,3115;NA;NA;0,053;NA;0,135;NA;"NS";TRUE;38;"MS";0,3;1,15;1;1;0,85;1;1;TRUE;"Im";2000;0,5;1000;"$\CC$"
"568";0,3625;0,0505;NA;NA;NA;NA;0,058;NA;"no $\EE$";TRUE;38;"MaS";0,3;1,15;1;1;0,85;1;1;TRUE;"Im";2000;0,5;1000;"$\CC$"
"569";0,207;0,0545;0,041;0,0525;0,0495;NA;0,0565;NA;"S";TRUE;38;"MaS";0,3;1,15;1;1;0,85;1;1;TRUE;"Im";2000;0,5;1000;"$\CC$"
"570";0,3625;0,0485;NA;NA;0,0505;NA;0,055;NA;"NS";TRUE;38;"MaS";0,3;1,15;1;1;0,85;1;1;TRUE;"Im";2000;0,5;1000;"$\CC$"
"571";0,0595;0,806;NA;NA;NA;NA;0,3505;NA;"no $\EE$";FALSE;39;"HWE";0,3;1;1;1,5;0,85;1;1;TRUE;"Im";2000;0,5;1000;"$\EE:I_{\MM}$"
"572";0,0585;0,5105;0,052;0,043;0,3485;NA;0,046;NA;"S";FALSE;39;"HWE";0,3;1;1;1,5;0,85;1;1;TRUE;"Im";2000;0,5;1000;"$\EE:I_{\MM}$"
"573";0,0565;0,8;NA;NA;0,9205;NA;0,049;NA;"NS";FALSE;39;"HWE";0,3;1;1;1,5;0,85;1;1;TRUE;"Im";2000;0,5;1000;"$\EE:I_{\MM}$"
"574";0,292;0,307;NA;NA;NA;NA;0,071;NA;"no $\EE$";TRUE;39;"HWE";0,3;1;1;1,5;0,85;1;1;TRUE;"Im";2000;0,5;1000;"$\EE:I_{\MM}$"
"575";0,164;0,183;0,0515;0,0515;0,244;NA;0,092;NA;"S";TRUE;39;"HWE";0,3;1;1;1,5;0,85;1;1;TRUE;"Im";2000;0,5;1000;"$\EE:I_{\MM}$"
"576";0,2865;0,308;NA;NA;0,734;NA;0,1225;NA;"NS";TRUE;39;"HWE";0,3;1;1;1,5;0,85;1;1;TRUE;"Im";2000;0,5;1000;"$\EE:I_{\MM}$"
"577";0,0585;0,81;NA;NA;NA;NA;0,3465;NA;"no $\EE$";FALSE;39;"MS";0,3;1;1;1,5;0,85;1;1;TRUE;"Im";2000;0,5;1000;"$\EE:I_{\MM}$"
"578";0,0575;0,5175;0,0505;0,0435;0,344;NA;0,0465;NA;"S";FALSE;39;"MS";0,3;1;1;1,5;0,85;1;1;TRUE;"Im";2000;0,5;1000;"$\EE:I_{\MM}$"
"579";0,0555;0,8025;NA;NA;0,9195;NA;0,0475;NA;"NS";FALSE;39;"MS";0,3;1;1;1,5;0,85;1;1;TRUE;"Im";2000;0,5;1000;"$\EE:I_{\MM}$"
"580";0,2915;0,306;NA;NA;NA;NA;0,0705;NA;"no $\EE$";TRUE;39;"MS";0,3;1;1;1,5;0,85;1;1;TRUE;"Im";2000;0,5;1000;"$\EE:I_{\MM}$"
"581";0,161;0,185;0,0535;0,0535;0,2425;NA;0,094;NA;"S";TRUE;39;"MS";0,3;1;1;1,5;0,85;1;1;TRUE;"Im";2000;0,5;1000;"$\EE:I_{\MM}$"
"582";0,2865;0,3065;NA;NA;0,732;NA;0,1225;NA;"NS";TRUE;39;"MS";0,3;1;1;1,5;0,85;1;1;TRUE;"Im";2000;0,5;1000;"$\EE:I_{\MM}$"
"583";0,0465;0,046;NA;NA;NA;NA;0,2615;NA;"no $\EE$";TRUE;39;"MaS";0,3;1;1;1,5;0,85;1;1;TRUE;"Im";2000;0,5;1000;"$\EE:I_{\MM}$"
"584";0,047;0,049;0,053;0,053;0,239;NA;0,053;NA;"S";TRUE;39;"MaS";0,3;1;1;1,5;0,85;1;1;TRUE;"Im";2000;0,5;1000;"$\EE:I_{\MM}$"
"585";0,0475;0,046;NA;NA;0,6465;NA;0,0475;NA;"NS";TRUE;39;"MaS";0,3;1;1;1,5;0,85;1;1;TRUE;"Im";2000;0,5;1000;"$\EE:I_{\MM}$"
"586";0,0485;0,834;NA;NA;NA;NA;0,487;NA;"no $\EE$";FALSE;40;"HWE";0,3;1;1;1,6;0,85;1;1;TRUE;"Im";2000;0,5;1000;"$\EE:I_{\MM}$"
"587";0,0465;0,556;0,0485;0,043;0,425;NA;0,044;NA;"S";FALSE;40;"HWE";0,3;1;1;1,6;0,85;1;1;TRUE;"Im";2000;0,5;1000;"$\EE:I_{\MM}$"
"588";0,049;0,829;NA;NA;0,971;NA;0,0475;NA;"NS";FALSE;40;"HWE";0,3;1;1;1,6;0,85;1;1;TRUE;"Im";2000;0,5;1000;"$\EE:I_{\MM}$"
"589";0,286;0,299;NA;NA;NA;NA;0,1005;NA;"no $\EE$";TRUE;40;"HWE";0,3;1;1;1,6;0,85;1;1;TRUE;"Im";2000;0,5;1000;"$\EE:I_{\MM}$"
"590";0,1665;0,1635;0,041;0,0475;0,331;NA;0,092;NA;"S";TRUE;40;"HWE";0,3;1;1;1,6;0,85;1;1;TRUE;"Im";2000;0,5;1000;"$\EE:I_{\MM}$"
"591";0,281;0,2905;NA;NA;0,853;NA;0,1255;NA;"NS";TRUE;40;"HWE";0,3;1;1;1,6;0,85;1;1;TRUE;"Im";2000;0,5;1000;"$\EE:I_{\MM}$"
"592";0,049;0,838;NA;NA;NA;NA;0,4865;NA;"no $\EE$";FALSE;40;"MS";0,3;1;1;1,6;0,85;1;1;TRUE;"Im";2000;0,5;1000;"$\EE:I_{\MM}$"
"593";0,0455;0,565;0,0485;0,0455;0,4215;NA;0,0425;NA;"S";FALSE;40;"MS";0,3;1;1;1,6;0,85;1;1;TRUE;"Im";2000;0,5;1000;"$\EE:I_{\MM}$"
"594";0,048;0,8335;NA;NA;0,9705;NA;0,0485;NA;"NS";FALSE;40;"MS";0,3;1;1;1,6;0,85;1;1;TRUE;"Im";2000;0,5;1000;"$\EE:I_{\MM}$"
"595";0,286;0,294;NA;NA;NA;NA;0,0975;NA;"no $\EE$";TRUE;40;"MS";0,3;1;1;1,6;0,85;1;1;TRUE;"Im";2000;0,5;1000;"$\EE:I_{\MM}$"
"596";0,1655;0,164;0,0395;0,047;0,3295;NA;0,0925;NA;"S";TRUE;40;"MS";0,3;1;1;1,6;0,85;1;1;TRUE;"Im";2000;0,5;1000;"$\EE:I_{\MM}$"
"597";0,28;0,292;NA;NA;0,851;NA;0,121;NA;"NS";TRUE;40;"MS";0,3;1;1;1,6;0,85;1;1;TRUE;"Im";2000;0,5;1000;"$\EE:I_{\MM}$"
"598";0,054;0,044;NA;NA;NA;NA;0,3385;NA;"no $\EE$";TRUE;40;"MaS";0,3;1;1;1,6;0,85;1;1;TRUE;"Im";2000;0,5;1000;"$\EE:I_{\MM}$"
"599";0,0445;0,0465;0,0485;0,0495;0,323;NA;0,045;NA;"S";TRUE;40;"MaS";0,3;1;1;1,6;0,85;1;1;TRUE;"Im";2000;0,5;1000;"$\EE:I_{\MM}$"
"600";0,0535;0,0415;NA;NA;0,7675;NA;0,0495;NA;"NS";TRUE;40;"MaS";0,3;1;1;1,6;0,85;1;1;TRUE;"Im";2000;0,5;1000;"$\EE:I_{\MM}$"
"601";0,055;0,0545;NA;NA;NA;NA;0,052;NA;"no $\EE$";FALSE;41;"HWE";0,3;1;1;1;1;1;1;TRUE;"Im";2000;0,5;1000;"None"
"602";0,0505;0,0595;0,058;0,051;0,0465;NA;0,053;NA;"S";FALSE;41;"HWE";0,3;1;1;1;1;1;1;TRUE;"Im";2000;0,5;1000;"None"
"603";0,054;0,0555;NA;NA;0,058;NA;0,05;NA;"NS";FALSE;41;"HWE";0,3;1;1;1;1;1;1;TRUE;"Im";2000;0,5;1000;"None"
"604";0,0495;0,0535;NA;NA;NA;NA;0,0475;NA;"no $\EE$";TRUE;41;"HWE";0,3;1;1;1;1;1;1;TRUE;"Im";2000;0,5;1000;"None"
"605";0,052;0,047;0,0525;0,055;0,048;NA;0,0405;NA;"S";TRUE;41;"HWE";0,3;1;1;1;1;1;1;TRUE;"Im";2000;0,5;1000;"None"
"606";0,0495;0,054;NA;NA;0,0455;NA;0,041;NA;"NS";TRUE;41;"HWE";0,3;1;1;1;1;1;1;TRUE;"Im";2000;0,5;1000;"None"
"607";0,0545;0,055;NA;NA;NA;NA;0,051;NA;"no $\EE$";FALSE;41;"MS";0,3;1;1;1;1;1;1;TRUE;"Im";2000;0,5;1000;"None"
"608";0,0505;0,0585;0,055;0,0505;0,0475;NA;0,053;NA;"S";FALSE;41;"MS";0,3;1;1;1;1;1;1;TRUE;"Im";2000;0,5;1000;"None"
"609";0,054;0,056;NA;NA;0,0585;NA;0,0495;NA;"NS";FALSE;41;"MS";0,3;1;1;1;1;1;1;TRUE;"Im";2000;0,5;1000;"None"
"610";0,0505;0,052;NA;NA;NA;NA;0,0485;NA;"no $\EE$";TRUE;41;"MS";0,3;1;1;1;1;1;1;TRUE;"Im";2000;0,5;1000;"None"
"611";0,053;0,0455;0,053;0,0535;0,048;NA;0,04;NA;"S";TRUE;41;"MS";0,3;1;1;1;1;1;1;TRUE;"Im";2000;0,5;1000;"None"
"612";0,0495;0,0555;NA;NA;0,0455;NA;0,0405;NA;"NS";TRUE;41;"MS";0,3;1;1;1;1;1;1;TRUE;"Im";2000;0,5;1000;"None"
"613";0,0505;0,053;NA;NA;NA;NA;0,0455;NA;"no $\EE$";TRUE;41;"MaS";0,3;1;1;1;1;1;1;TRUE;"Im";2000;0,5;1000;"None"
"614";0,0485;0,048;0,056;0,0535;0,0495;NA;0,041;NA;"S";TRUE;41;"MaS";0,3;1;1;1;1;1;1;TRUE;"Im";2000;0,5;1000;"None"
"615";0,0495;0,0515;NA;NA;0,046;NA;0,039;NA;"NS";TRUE;41;"MaS";0,3;1;1;1;1;1;1;TRUE;"Im";2000;0,5;1000;"None"
"616";0,4095;0,057;NA;NA;NA;NA;0,049;NA;"no $\EE$";FALSE;42;"HWE";0,3;1,15;1;1;1;1;1;TRUE;"Im";2000;0,5;1000;"$\CC$"
"617";0,2295;0,0515;0,045;0,0465;0,0435;NA;0,042;NA;"S";FALSE;42;"HWE";0,3;1,15;1;1;1;1;1;TRUE;"Im";2000;0,5;1000;"$\CC$"
"618";0,412;0,0565;NA;NA;0,051;NA;0,043;NA;"NS";FALSE;42;"HWE";0,3;1,15;1;1;1;1;1;TRUE;"Im";2000;0,5;1000;"$\CC$"
"619";0,409;0,051;NA;NA;NA;NA;0,052;NA;"no $\EE$";TRUE;42;"HWE";0,3;1,15;1;1;1;1;1;TRUE;"Im";2000;0,5;1000;"$\CC$"
"620";0,2315;0,054;0,0485;0,049;0,05;NA;0,057;NA;"S";TRUE;42;"HWE";0,3;1,15;1;1;1;1;1;TRUE;"Im";2000;0,5;1000;"$\CC$"
"621";0,404;0,052;NA;NA;0,05;NA;0,0515;NA;"NS";TRUE;42;"HWE";0,3;1,15;1;1;1;1;1;TRUE;"Im";2000;0,5;1000;"$\CC$"
"622";0,4065;0,0565;NA;NA;NA;NA;0,0485;NA;"no $\EE$";FALSE;42;"MS";0,3;1,15;1;1;1;1;1;TRUE;"Im";2000;0,5;1000;"$\CC$"
"623";0,2285;0,051;0,044;0,0485;0,04;NA;0,042;NA;"S";FALSE;42;"MS";0,3;1,15;1;1;1;1;1;TRUE;"Im";2000;0,5;1000;"$\CC$"
"624";0,409;0,055;NA;NA;0,05;NA;0,0435;NA;"NS";FALSE;42;"MS";0,3;1,15;1;1;1;1;1;TRUE;"Im";2000;0,5;1000;"$\CC$"
"625";0,4105;0,0525;NA;NA;NA;NA;0,0535;NA;"no $\EE$";TRUE;42;"MS";0,3;1,15;1;1;1;1;1;TRUE;"Im";2000;0,5;1000;"$\CC$"
"626";0,2285;0,053;0,05;0,0505;0,0485;NA;0,0555;NA;"S";TRUE;42;"MS";0,3;1,15;1;1;1;1;1;TRUE;"Im";2000;0,5;1000;"$\CC$"
"627";0,406;0,053;NA;NA;0,0505;NA;0,053;NA;"NS";TRUE;42;"MS";0,3;1,15;1;1;1;1;1;TRUE;"Im";2000;0,5;1000;"$\CC$"
"628";0,376;0,053;NA;NA;NA;NA;0,057;NA;"no $\EE$";TRUE;42;"MaS";0,3;1,15;1;1;1;1;1;TRUE;"Im";2000;0,5;1000;"$\CC$"
"629";0,2005;0,057;0,053;0,046;0,048;NA;0,059;NA;"S";TRUE;42;"MaS";0,3;1,15;1;1;1;1;1;TRUE;"Im";2000;0,5;1000;"$\CC$"
"630";0,3715;0,055;NA;NA;0,054;NA;0,054;NA;"NS";TRUE;42;"MaS";0,3;1,15;1;1;1;1;1;TRUE;"Im";2000;0,5;1000;"$\CC$"
"631";0,047;0,057;NA;NA;NA;NA;0,3855;NA;"no $\EE$";FALSE;43;"HWE";0,3;1;1;1,5;1;1;1;TRUE;"Im";2000;0,5;1000;"$\EE:I_{\MM}$"
"632";0,043;0,0475;0,044;0,0525;0,3525;NA;0,0455;NA;"S";FALSE;43;"HWE";0,3;1;1;1,5;1;1;1;TRUE;"Im";2000;0,5;1000;"$\EE:I_{\MM}$"
"633";0,047;0,0535;NA;NA;0,9245;NA;0,053;NA;"NS";FALSE;43;"HWE";0,3;1;1;1,5;1;1;1;TRUE;"Im";2000;0,5;1000;"$\EE:I_{\MM}$"
"634";0,051;0,0525;NA;NA;NA;NA;0,305;NA;"no $\EE$";TRUE;43;"HWE";0,3;1;1;1,5;1;1;1;TRUE;"Im";2000;0,5;1000;"$\EE:I_{\MM}$"
"635";0,0465;0,047;0,045;0,048;0,2785;NA;0,0475;NA;"S";TRUE;43;"HWE";0,3;1;1;1,5;1;1;1;TRUE;"Im";2000;0,5;1000;"$\EE:I_{\MM}$"
"636";0,0505;0,0545;NA;NA;0,757;NA;0,0445;NA;"NS";TRUE;43;"HWE";0,3;1;1;1,5;1;1;1;TRUE;"Im";2000;0,5;1000;"$\EE:I_{\MM}$"
"637";0,0475;0,059;NA;NA;NA;NA;0,382;NA;"no $\EE$";FALSE;43;"MS";0,3;1;1;1,5;1;1;1;TRUE;"Im";2000;0,5;1000;"$\EE:I_{\MM}$"
"638";0,044;0,0485;0,044;0,054;0,347;NA;0,0435;NA;"S";FALSE;43;"MS";0,3;1;1;1,5;1;1;1;TRUE;"Im";2000;0,5;1000;"$\EE:I_{\MM}$"
"639";0,0465;0,058;NA;NA;0,923;NA;0,0525;NA;"NS";FALSE;43;"MS";0,3;1;1;1,5;1;1;1;TRUE;"Im";2000;0,5;1000;"$\EE:I_{\MM}$"
"640";0,05;0,0545;NA;NA;NA;NA;0,3025;NA;"no $\EE$";TRUE;43;"MS";0,3;1;1;1,5;1;1;1;TRUE;"Im";2000;0,5;1000;"$\EE:I_{\MM}$"
"641";0,0465;0,048;0,047;0,0485;0,2765;NA;0,049;NA;"S";TRUE;43;"MS";0,3;1;1;1,5;1;1;1;TRUE;"Im";2000;0,5;1000;"$\EE:I_{\MM}$"
"642";0,0485;0,0525;NA;NA;0,758;NA;0,044;NA;"NS";TRUE;43;"MS";0,3;1;1;1,5;1;1;1;TRUE;"Im";2000;0,5;1000;"$\EE:I_{\MM}$"
"643";0,0485;0,059;NA;NA;NA;NA;0,282;NA;"no $\EE$";TRUE;43;"MaS";0,3;1;1;1,5;1;1;1;TRUE;"Im";2000;0,5;1000;"$\EE:I_{\MM}$"
"644";0,0505;0,0495;0,045;0,0495;0,259;NA;0,048;NA;"S";TRUE;43;"MaS";0,3;1;1;1,5;1;1;1;TRUE;"Im";2000;0,5;1000;"$\EE:I_{\MM}$"
"645";0,049;0,0555;NA;NA;0,672;NA;0,045;NA;"NS";TRUE;43;"MaS";0,3;1;1;1,5;1;1;1;TRUE;"Im";2000;0,5;1000;"$\EE:I_{\MM}$"
"646";0,0485;0,0445;NA;NA;NA;NA;0,482;NA;"no $\EE$";FALSE;44;"HWE";0,3;1;1;1,6;1;1;1;TRUE;"Im";2000;0,5;1000;"$\EE:I_{\MM}$"
"647";0,0425;0,043;0,0395;0,042;0,4575;NA;0,0425;NA;"S";FALSE;44;"HWE";0,3;1;1;1,6;1;1;1;TRUE;"Im";2000;0,5;1000;"$\EE:I_{\MM}$"
"648";0,0465;0,0395;NA;NA;0,978;NA;0,04;NA;"NS";FALSE;44;"HWE";0,3;1;1;1,6;1;1;1;TRUE;"Im";2000;0,5;1000;"$\EE:I_{\MM}$"
"649";0,0475;0,06;NA;NA;NA;NA;0,3525;NA;"no $\EE$";TRUE;44;"HWE";0,3;1;1;1,6;1;1;1;TRUE;"Im";2000;0,5;1000;"$\EE:I_{\MM}$"
"650";0,0575;0,0475;0,0485;0,0485;0,341;NA;0,051;NA;"S";TRUE;44;"HWE";0,3;1;1;1,6;1;1;1;TRUE;"Im";2000;0,5;1000;"$\EE:I_{\MM}$"
"651";0,048;0,0585;NA;NA;0,884;NA;0,06;NA;"NS";TRUE;44;"HWE";0,3;1;1;1,6;1;1;1;TRUE;"Im";2000;0,5;1000;"$\EE:I_{\MM}$"
"652";0,0465;0,044;NA;NA;NA;NA;0,479;NA;"no $\EE$";FALSE;44;"MS";0,3;1;1;1,6;1;1;1;TRUE;"Im";2000;0,5;1000;"$\EE:I_{\MM}$"
"653";0,041;0,044;0,0415;0,039;0,451;NA;0,0405;NA;"S";FALSE;44;"MS";0,3;1;1;1,6;1;1;1;TRUE;"Im";2000;0,5;1000;"$\EE:I_{\MM}$"
"654";0,045;0,043;NA;NA;0,978;NA;0,039;NA;"NS";FALSE;44;"MS";0,3;1;1;1,6;1;1;1;TRUE;"Im";2000;0,5;1000;"$\EE:I_{\MM}$"
"655";0,0485;0,0595;NA;NA;NA;NA;0,3515;NA;"no $\EE$";TRUE;44;"MS";0,3;1;1;1,6;1;1;1;TRUE;"Im";2000;0,5;1000;"$\EE:I_{\MM}$"
"656";0,0565;0,047;0,0475;0,05;0,334;NA;0,0485;NA;"S";TRUE;44;"MS";0,3;1;1;1,6;1;1;1;TRUE;"Im";2000;0,5;1000;"$\EE:I_{\MM}$"
"657";0,047;0,0595;NA;NA;0,8815;NA;0,059;NA;"NS";TRUE;44;"MS";0,3;1;1;1,6;1;1;1;TRUE;"Im";2000;0,5;1000;"$\EE:I_{\MM}$"
"658";0,0425;0,0635;NA;NA;NA;NA;0,3375;NA;"no $\EE$";TRUE;44;"MaS";0,3;1;1;1,6;1;1;1;TRUE;"Im";2000;0,5;1000;"$\EE:I_{\MM}$"
"659";0,0545;0,042;0,049;0,0425;0,3185;NA;0,0475;NA;"S";TRUE;44;"MaS";0,3;1;1;1,6;1;1;1;TRUE;"Im";2000;0,5;1000;"$\EE:I_{\MM}$"
"660";0,044;0,063;NA;NA;0,812;NA;0,053;NA;"NS";TRUE;44;"MaS";0,3;1;1;1,6;1;1;1;TRUE;"Im";2000;0,5;1000;"$\EE:I_{\MM}$"
"661";0,05;0,842;NA;NA;NA;NA;0,0485;NA;"no $\EE$";FALSE;45;"HWE";0,3;1;1;1;1,15;1;1;TRUE;"Im";2000;0,5;1000;"None"
"662";0,0505;0,558;0,042;0,045;0,053;NA;0,048;NA;"S";FALSE;45;"HWE";0,3;1;1;1;1,15;1;1;TRUE;"Im";2000;0,5;1000;"None"
"663";0,0515;0,8425;NA;NA;0,0555;NA;0,0465;NA;"NS";FALSE;45;"HWE";0,3;1;1;1;1,15;1;1;TRUE;"Im";2000;0,5;1000;"None"
"664";0,287;0,3335;NA;NA;NA;NA;0,1655;NA;"no $\EE$";TRUE;45;"HWE";0,3;1;1;1;1,15;1;1;TRUE;"Im";2000;0,5;1000;"None"
"665";0,1565;0,1875;0,0545;0,054;0,06;NA;0,1105;NA;"S";TRUE;45;"HWE";0,3;1;1;1;1,15;1;1;TRUE;"Im";2000;0,5;1000;"None"
"666";0,2885;0,334;NA;NA;0,0455;NA;0,146;NA;"NS";TRUE;45;"HWE";0,3;1;1;1;1,15;1;1;TRUE;"Im";2000;0,5;1000;"None"
"667";0,049;0,8485;NA;NA;NA;NA;0,048;NA;"no $\EE$";FALSE;45;"MS";0,3;1;1;1;1,15;1;1;TRUE;"Im";2000;0,5;1000;"None"
"668";0,0495;0,563;0,0415;0,041;0,0535;NA;0,048;NA;"S";FALSE;45;"MS";0,3;1;1;1;1,15;1;1;TRUE;"Im";2000;0,5;1000;"None"
"669";0,0485;0,8475;NA;NA;0,057;NA;0,049;NA;"NS";FALSE;45;"MS";0,3;1;1;1;1,15;1;1;TRUE;"Im";2000;0,5;1000;"None"
"670";0,285;0,327;NA;NA;NA;NA;0,165;NA;"no $\EE$";TRUE;45;"MS";0,3;1;1;1;1,15;1;1;TRUE;"Im";2000;0,5;1000;"None"
"671";0,1585;0,191;0,056;0,0525;0,0585;NA;0,1105;NA;"S";TRUE;45;"MS";0,3;1;1;1;1,15;1;1;TRUE;"Im";2000;0,5;1000;"None"
"672";0,2875;0,331;NA;NA;0,0455;NA;0,1475;NA;"NS";TRUE;45;"MS";0,3;1;1;1;1,15;1;1;TRUE;"Im";2000;0,5;1000;"None"
"673";0,0485;0,0525;NA;NA;NA;NA;0,0495;NA;"no $\EE$";TRUE;45;"MaS";0,3;1;1;1;1,15;1;1;TRUE;"Im";2000;0,5;1000;"None"
"674";0,048;0,0485;0,059;0,048;0,0565;NA;0,046;NA;"S";TRUE;45;"MaS";0,3;1;1;1;1,15;1;1;TRUE;"Im";2000;0,5;1000;"None"
"675";0,0475;0,052;NA;NA;0,048;NA;0,052;NA;"NS";TRUE;45;"MaS";0,3;1;1;1;1,15;1;1;TRUE;"Im";2000;0,5;1000;"None"
"676";0,38;0,8105;NA;NA;NA;NA;0,051;NA;"no $\EE$";FALSE;46;"HWE";0,3;1,15;1;1;1,15;1;1;TRUE;"Im";2000;0,5;1000;"$\CC$"
"677";0,231;0,5215;0,0505;0,0485;0,06;NA;0,0525;NA;"S";FALSE;46;"HWE";0,3;1,15;1;1;1,15;1;1;TRUE;"Im";2000;0,5;1000;"$\CC$"
"678";0,381;0,809;NA;NA;0,0475;NA;0,0555;NA;"NS";FALSE;46;"HWE";0,3;1,15;1;1;1,15;1;1;TRUE;"Im";2000;0,5;1000;"$\CC$"
"679";0,0575;0,314;NA;NA;NA;NA;0,181;NA;"no $\EE$";TRUE;46;"HWE";0,3;1,15;1;1;1,15;1;1;TRUE;"Im";2000;0,5;1000;"$\CC$"
"680";0,0405;0,189;0,0405;0,0525;0,0545;NA;0,118;NA;"S";TRUE;46;"HWE";0,3;1,15;1;1;1,15;1;1;TRUE;"Im";2000;0,5;1000;"$\CC$"
"681";0,057;0,314;NA;NA;0,049;NA;0,153;NA;"NS";TRUE;46;"HWE";0,3;1,15;1;1;1,15;1;1;TRUE;"Im";2000;0,5;1000;"$\CC$"
"682";0,3785;0,8155;NA;NA;NA;NA;0,0505;NA;"no $\EE$";FALSE;46;"MS";0,3;1,15;1;1;1,15;1;1;TRUE;"Im";2000;0,5;1000;"$\CC$"
"683";0,2295;0,5285;0,051;0,0505;0,0605;NA;0,052;NA;"S";FALSE;46;"MS";0,3;1,15;1;1;1,15;1;1;TRUE;"Im";2000;0,5;1000;"$\CC$"
"684";0,3805;0,8155;NA;NA;0,046;NA;0,0555;NA;"NS";FALSE;46;"MS";0,3;1,15;1;1;1,15;1;1;TRUE;"Im";2000;0,5;1000;"$\CC$"
"685";0,053;0,315;NA;NA;NA;NA;0,1805;NA;"no $\EE$";TRUE;46;"MS";0,3;1,15;1;1;1,15;1;1;TRUE;"Im";2000;0,5;1000;"$\CC$"
"686";0,042;0,185;0,0415;0,0535;0,0535;NA;0,1145;NA;"S";TRUE;46;"MS";0,3;1,15;1;1;1,15;1;1;TRUE;"Im";2000;0,5;1000;"$\CC$"
"687";0,0525;0,312;NA;NA;0,0485;NA;0,151;NA;"NS";TRUE;46;"MS";0,3;1,15;1;1;1,15;1;1;TRUE;"Im";2000;0,5;1000;"$\CC$"
"688";0,3405;0,0505;NA;NA;NA;NA;0,055;NA;"no $\EE$";TRUE;46;"MaS";0,3;1,15;1;1;1,15;1;1;TRUE;"Im";2000;0,5;1000;"$\CC$"
"689";0,1825;0,0435;0,04;0,0575;0,0475;NA;0,0505;NA;"S";TRUE;46;"MaS";0,3;1,15;1;1;1,15;1;1;TRUE;"Im";2000;0,5;1000;"$\CC$"
"690";0,341;0,0515;NA;NA;0,0545;NA;0,0485;NA;"NS";TRUE;46;"MaS";0,3;1,15;1;1;1,15;1;1;TRUE;"Im";2000;0,5;1000;"$\CC$"
"691";0,046;0,8215;NA;NA;NA;NA;0,379;NA;"no $\EE$";FALSE;47;"HWE";0,3;1;1;1,5;1,15;1;1;TRUE;"Im";2000;0,5;1000;"$\EE:I_{\MM}$"
"692";0,0465;0,568;0,049;0,0495;0,3785;NA;0,0425;NA;"S";FALSE;47;"HWE";0,3;1;1;1,5;1,15;1;1;TRUE;"Im";2000;0,5;1000;"$\EE:I_{\MM}$"
"693";0,0445;0,824;NA;NA;0,928;NA;0,045;NA;"NS";FALSE;47;"HWE";0,3;1;1;1,5;1,15;1;1;TRUE;"Im";2000;0,5;1000;"$\EE:I_{\MM}$"
"694";0,2865;0,3025;NA;NA;NA;NA;0,682;NA;"no $\EE$";TRUE;47;"HWE";0,3;1;1;1,5;1,15;1;1;TRUE;"Im";2000;0,5;1000;"$\EE:I_{\MM}$"
"695";0,157;0,1795;0,0435;0,0485;0,279;NA;0,0985;NA;"S";TRUE;47;"HWE";0,3;1;1;1,5;1,15;1;1;TRUE;"Im";2000;0,5;1000;"$\EE:I_{\MM}$"
"696";0,2885;0,308;NA;NA;0,776;NA;0,1495;NA;"NS";TRUE;47;"HWE";0,3;1;1;1,5;1,15;1;1;TRUE;"Im";2000;0,5;1000;"$\EE:I_{\MM}$"
"697";0,0455;0,83;NA;NA;NA;NA;0,3695;NA;"no $\EE$";FALSE;47;"MS";0,3;1;1;1,5;1,15;1;1;TRUE;"Im";2000;0,5;1000;"$\EE:I_{\MM}$"
"698";0,0445;0,57;0,0465;0,05;0,3725;NA;0,042;NA;"S";FALSE;47;"MS";0,3;1;1;1,5;1,15;1;1;TRUE;"Im";2000;0,5;1000;"$\EE:I_{\MM}$"
"699";0,044;0,8335;NA;NA;0,9265;NA;0,046;NA;"NS";FALSE;47;"MS";0,3;1;1;1,5;1,15;1;1;TRUE;"Im";2000;0,5;1000;"$\EE:I_{\MM}$"
"700";0,281;0,305;NA;NA;NA;NA;0,6825;NA;"no $\EE$";TRUE;47;"MS";0,3;1;1;1,5;1,15;1;1;TRUE;"Im";2000;0,5;1000;"$\EE:I_{\MM}$"
"701";0,1555;0,1845;0,045;0,0455;0,2815;NA;0,099;NA;"S";TRUE;47;"MS";0,3;1;1;1,5;1,15;1;1;TRUE;"Im";2000;0,5;1000;"$\EE:I_{\MM}$"
"702";0,282;0,31;NA;NA;0,775;NA;0,1505;NA;"NS";TRUE;47;"MS";0,3;1;1;1,5;1,15;1;1;TRUE;"Im";2000;0,5;1000;"$\EE:I_{\MM}$"
"703";0,0525;0,043;NA;NA;NA;NA;0,2815;NA;"no $\EE$";TRUE;47;"MaS";0,3;1;1;1,5;1,15;1;1;TRUE;"Im";2000;0,5;1000;"$\EE:I_{\MM}$"
"704";0,0415;0,051;0,0425;0,048;0,2635;NA;0,04;NA;"S";TRUE;47;"MaS";0,3;1;1;1,5;1,15;1;1;TRUE;"Im";2000;0,5;1000;"$\EE:I_{\MM}$"
"705";0,0525;0,0435;NA;NA;0,717;NA;0,0425;NA;"NS";TRUE;47;"MaS";0,3;1;1;1,5;1,15;1;1;TRUE;"Im";2000;0,5;1000;"$\EE:I_{\MM}$"
"706";0,0545;0,816;NA;NA;NA;NA;0,488;NA;"no $\EE$";FALSE;48;"HWE";0,3;1;1;1,6;1,15;1;1;TRUE;"Im";2000;0,5;1000;"$\EE:I_{\MM}$"
"707";0,048;0,549;0,05;0,0495;0,4885;NA;0,0565;NA;"S";FALSE;48;"HWE";0,3;1;1;1,6;1,15;1;1;TRUE;"Im";2000;0,5;1000;"$\EE:I_{\MM}$"
"708";0,054;0,8165;NA;NA;0,9785;NA;0,0595;NA;"NS";FALSE;48;"HWE";0,3;1;1;1,6;1,15;1;1;TRUE;"Im";2000;0,5;1000;"$\EE:I_{\MM}$"
"709";0,252;0,306;NA;NA;NA;NA;0,7505;NA;"no $\EE$";TRUE;48;"HWE";0,3;1;1;1,6;1,15;1;1;TRUE;"Im";2000;0,5;1000;"$\EE:I_{\MM}$"
"710";0,146;0,175;0,0425;0,0485;0,354;NA;0,1095;NA;"S";TRUE;48;"HWE";0,3;1;1;1,6;1,15;1;1;TRUE;"Im";2000;0,5;1000;"$\EE:I_{\MM}$"
"711";0,2525;0,31;NA;NA;0,8825;NA;0,155;NA;"NS";TRUE;48;"HWE";0,3;1;1;1,6;1,15;1;1;TRUE;"Im";2000;0,5;1000;"$\EE:I_{\MM}$"
"712";0,0545;0,822;NA;NA;NA;NA;0,4865;NA;"no $\EE$";FALSE;48;"MS";0,3;1;1;1,6;1,15;1;1;TRUE;"Im";2000;0,5;1000;"$\EE:I_{\MM}$"
"713";0,0475;0,55;0,051;0,051;0,4755;NA;0,0555;NA;"S";FALSE;48;"MS";0,3;1;1;1,6;1,15;1;1;TRUE;"Im";2000;0,5;1000;"$\EE:I_{\MM}$"
"714";0,054;0,828;NA;NA;0,9795;NA;0,059;NA;"NS";FALSE;48;"MS";0,3;1;1;1,6;1,15;1;1;TRUE;"Im";2000;0,5;1000;"$\EE:I_{\MM}$"
"715";0,2505;0,3075;NA;NA;NA;NA;0,744;NA;"no $\EE$";TRUE;48;"MS";0,3;1;1;1,6;1,15;1;1;TRUE;"Im";2000;0,5;1000;"$\EE:I_{\MM}$"
"716";0,15;0,1765;0,043;0,0495;0,3555;NA;0,115;NA;"S";TRUE;48;"MS";0,3;1;1;1,6;1,15;1;1;TRUE;"Im";2000;0,5;1000;"$\EE:I_{\MM}$"
"717";0,2505;0,312;NA;NA;0,8805;NA;0,152;NA;"NS";TRUE;48;"MS";0,3;1;1;1,6;1,15;1;1;TRUE;"Im";2000;0,5;1000;"$\EE:I_{\MM}$"
"718";0,0435;0,0465;NA;NA;NA;NA;0,33;NA;"no $\EE$";TRUE;48;"MaS";0,3;1;1;1,6;1,15;1;1;TRUE;"Im";2000;0,5;1000;"$\EE:I_{\MM}$"
"719";0,0465;0,045;0,045;0,0475;0,3235;NA;0,0465;NA;"S";TRUE;48;"MaS";0,3;1;1;1,6;1,15;1;1;TRUE;"Im";2000;0,5;1000;"$\EE:I_{\MM}$"
"720";0,0445;0,0475;NA;NA;0,8165;NA;0,042;NA;"NS";TRUE;48;"MaS";0,3;1;1;1,6;1,15;1;1;TRUE;"Im";2000;0,5;1000;"$\EE:I_{\MM}$"
"721";0,0585;0,8255;NA;NA;NA;NA;0,2935;NA;"no $\EE$";FALSE;49;"HWE";0,3;1;1;1;0,85;1,2;1;TRUE;"Im";2000;0,5;1000;"$I_{\MM}$"
"722";0,0615;0,5455;0,0615;0,0515;0,046;NA;0,1835;NA;"S";FALSE;49;"HWE";0,3;1;1;1;0,85;1,2;1;TRUE;"Im";2000;0,5;1000;"$I_{\MM}$"
"723";0,0585;0,825;NA;NA;0,0515;NA;0,252;NA;"NS";FALSE;49;"HWE";0,3;1;1;1;0,85;1,2;1;TRUE;"Im";2000;0,5;1000;"$I_{\MM}$"
"724";0,29;0,3085;NA;NA;NA;NA;0,0575;NA;"no $\EE$";TRUE;49;"HWE";0,3;1;1;1;0,85;1,2;1;TRUE;"Im";2000;0,5;1000;"$I_{\MM}$"
"725";0,1745;0,178;0,0515;0,0485;0,0575;NA;0,058;NA;"S";TRUE;49;"HWE";0,3;1;1;1;0,85;1,2;1;TRUE;"Im";2000;0,5;1000;"$I_{\MM}$"
"726";0,288;0,307;NA;NA;0,056;NA;0,06;NA;"NS";TRUE;49;"HWE";0,3;1;1;1;0,85;1,2;1;TRUE;"Im";2000;0,5;1000;"$I_{\MM}$"
"727";0,0575;0,8285;NA;NA;NA;NA;0,291;NA;"no $\EE$";FALSE;49;"MS";0,3;1;1;1;0,85;1,2;1;TRUE;"Im";2000;0,5;1000;"$I_{\MM}$"
"728";0,06;0,5485;0,0595;0,052;0,0455;NA;0,1795;NA;"S";FALSE;49;"MS";0,3;1;1;1;0,85;1,2;1;TRUE;"Im";2000;0,5;1000;"$I_{\MM}$"
"729";0,057;0,83;NA;NA;0,0505;NA;0,2495;NA;"NS";FALSE;49;"MS";0,3;1;1;1;0,85;1,2;1;TRUE;"Im";2000;0,5;1000;"$I_{\MM}$"
"730";0,291;0,3045;NA;NA;NA;NA;0,056;NA;"no $\EE$";TRUE;49;"MS";0,3;1;1;1;0,85;1,2;1;TRUE;"Im";2000;0,5;1000;"$I_{\MM}$"
"731";0,174;0,1765;0,049;0,049;0,057;NA;0,058;NA;"S";TRUE;49;"MS";0,3;1;1;1;0,85;1,2;1;TRUE;"Im";2000;0,5;1000;"$I_{\MM}$"
"732";0,2915;0,303;NA;NA;0,0535;NA;0,0585;NA;"NS";TRUE;49;"MS";0,3;1;1;1;0,85;1,2;1;TRUE;"Im";2000;0,5;1000;"$I_{\MM}$"
"733";0,0505;0,045;NA;NA;NA;NA;0,2335;NA;"no $\EE$";TRUE;49;"MaS";0,3;1;1;1;0,85;1,2;1;TRUE;"Im";2000;0,5;1000;"$I_{\MM}$"
"734";0,052;0,0505;0,0485;0,0495;0,056;NA;0,129;NA;"S";TRUE;49;"MaS";0,3;1;1;1;0,85;1,2;1;TRUE;"Im";2000;0,5;1000;"$I_{\MM}$"
"735";0,052;0,0475;NA;NA;0,0495;NA;0,1885;NA;"NS";TRUE;49;"MaS";0,3;1;1;1;0,85;1,2;1;TRUE;"Im";2000;0,5;1000;"$I_{\MM}$"
"736";0,0485;0,0465;NA;NA;NA;NA;0,296;NA;"no $\EE$";FALSE;50;"HWE";0,3;1;1;1;1;1,2;1;TRUE;"Im";2000;0,5;1000;"$I_{\MM}$"
"737";0,042;0,0455;0,048;0,047;0,053;NA;0,1645;NA;"S";FALSE;50;"HWE";0,3;1;1;1;1;1,2;1;TRUE;"Im";2000;0,5;1000;"$I_{\MM}$"
"738";0,0475;0,0465;NA;NA;0,0495;NA;0,2635;NA;"NS";FALSE;50;"HWE";0,3;1;1;1;1;1,2;1;TRUE;"Im";2000;0,5;1000;"$I_{\MM}$"
"739";0,0535;0,055;NA;NA;NA;NA;0,2165;NA;"no $\EE$";TRUE;50;"HWE";0,3;1;1;1;1;1,2;1;TRUE;"Im";2000;0,5;1000;"$I_{\MM}$"
"740";0,047;0,05;0,0485;0,042;0,0465;NA;0,1255;NA;"S";TRUE;50;"HWE";0,3;1;1;1;1;1,2;1;TRUE;"Im";2000;0,5;1000;"$I_{\MM}$"
"741";0,0545;0,0565;NA;NA;0,0485;NA;0,185;NA;"NS";TRUE;50;"HWE";0,3;1;1;1;1;1,2;1;TRUE;"Im";2000;0,5;1000;"$I_{\MM}$"
"742";0,048;0,047;NA;NA;NA;NA;0,2995;NA;"no $\EE$";FALSE;50;"MS";0,3;1;1;1;1;1,2;1;TRUE;"Im";2000;0,5;1000;"$I_{\MM}$"
"743";0,0425;0,0465;0,0465;0,0485;0,051;NA;0,1615;NA;"S";FALSE;50;"MS";0,3;1;1;1;1;1,2;1;TRUE;"Im";2000;0,5;1000;"$I_{\MM}$"
"744";0,046;0,0465;NA;NA;0,0505;NA;0,2655;NA;"NS";FALSE;50;"MS";0,3;1;1;1;1;1,2;1;TRUE;"Im";2000;0,5;1000;"$I_{\MM}$"
"745";0,053;0,056;NA;NA;NA;NA;0,215;NA;"no $\EE$";TRUE;50;"MS";0,3;1;1;1;1;1,2;1;TRUE;"Im";2000;0,5;1000;"$I_{\MM}$"
"746";0,048;0,05;0,0505;0,0425;0,047;NA;0,123;NA;"S";TRUE;50;"MS";0,3;1;1;1;1;1,2;1;TRUE;"Im";2000;0,5;1000;"$I_{\MM}$"
"747";0,055;0,0565;NA;NA;0,0475;NA;0,1855;NA;"NS";TRUE;50;"MS";0,3;1;1;1;1;1,2;1;TRUE;"Im";2000;0,5;1000;"$I_{\MM}$"
"748";0,0505;0,0555;NA;NA;NA;NA;0,2005;NA;"no $\EE$";TRUE;50;"MaS";0,3;1;1;1;1;1,2;1;TRUE;"Im";2000;0,5;1000;"$I_{\MM}$"
"749";0,0465;0,052;0,045;0,046;0,052;NA;0,121;NA;"S";TRUE;50;"MaS";0,3;1;1;1;1;1,2;1;TRUE;"Im";2000;0,5;1000;"$I_{\MM}$"
"750";0,0515;0,057;NA;NA;0,044;NA;0,1715;NA;"NS";TRUE;50;"MaS";0,3;1;1;1;1;1,2;1;TRUE;"Im";2000;0,5;1000;"$I_{\MM}$"
"751";0,053;0,8095;NA;NA;NA;NA;0,309;NA;"no $\EE$";FALSE;51;"HWE";0,3;1;1;1;1,15;1,2;1;TRUE;"Im";2000;0,5;1000;"$I_{\MM}$"
"752";0,0435;0,518;0,053;0,0515;0,0565;NA;0,18;NA;"S";FALSE;51;"HWE";0,3;1;1;1;1,15;1,2;1;TRUE;"Im";2000;0,5;1000;"$I_{\MM}$"
"753";0,0535;0,8115;NA;NA;0,048;NA;0,2685;NA;"NS";FALSE;51;"HWE";0,3;1;1;1;1,15;1,2;1;TRUE;"Im";2000;0,5;1000;"$I_{\MM}$"
"754";0,281;0,305;NA;NA;NA;NA;0,6195;NA;"no $\EE$";TRUE;51;"HWE";0,3;1;1;1;1,15;1,2;1;TRUE;"Im";2000;0,5;1000;"$I_{\MM}$"
"755";0,1465;0,1825;0,044;0,055;0,0535;NA;0,3435;NA;"S";TRUE;51;"HWE";0,3;1;1;1;1,15;1,2;1;TRUE;"Im";2000;0,5;1000;"$I_{\MM}$"
"756";0,279;0,3105;NA;NA;0,054;NA;0,5095;NA;"NS";TRUE;51;"HWE";0,3;1;1;1;1,15;1,2;1;TRUE;"Im";2000;0,5;1000;"$I_{\MM}$"
"757";0,0525;0,8155;NA;NA;NA;NA;0,3065;NA;"no $\EE$";FALSE;51;"MS";0,3;1;1;1;1,15;1,2;1;TRUE;"Im";2000;0,5;1000;"$I_{\MM}$"
"758";0,043;0,5245;0,0525;0,0515;0,054;NA;0,173;NA;"S";FALSE;51;"MS";0,3;1;1;1;1,15;1,2;1;TRUE;"Im";2000;0,5;1000;"$I_{\MM}$"
"759";0,0525;0,817;NA;NA;0,0495;NA;0,2655;NA;"NS";FALSE;51;"MS";0,3;1;1;1;1,15;1,2;1;TRUE;"Im";2000;0,5;1000;"$I_{\MM}$"
"760";0,2785;0,3065;NA;NA;NA;NA;0,6195;NA;"no $\EE$";TRUE;51;"MS";0,3;1;1;1;1,15;1,2;1;TRUE;"Im";2000;0,5;1000;"$I_{\MM}$"
"761";0,144;0,1845;0,043;0,0545;0,0545;NA;0,345;NA;"S";TRUE;51;"MS";0,3;1;1;1;1,15;1,2;1;TRUE;"Im";2000;0,5;1000;"$I_{\MM}$"
"762";0,2805;0,3075;NA;NA;0,0565;NA;0,508;NA;"NS";TRUE;51;"MS";0,3;1;1;1;1,15;1,2;1;TRUE;"Im";2000;0,5;1000;"$I_{\MM}$"
"763";0,049;0,0555;NA;NA;NA;NA;0,22;NA;"no $\EE$";TRUE;51;"MaS";0,3;1;1;1;1,15;1,2;1;TRUE;"Im";2000;0,5;1000;"$I_{\MM}$"
"764";0,0465;0,053;0,047;0,054;0,0575;NA;0,12;NA;"S";TRUE;51;"MaS";0,3;1;1;1;1,15;1,2;1;TRUE;"Im";2000;0,5;1000;"$I_{\MM}$"
"765";0,0505;0,056;NA;NA;0,0495;NA;0,1925;NA;"NS";TRUE;51;"MaS";0,3;1;1;1;1,15;1,2;1;TRUE;"Im";2000;0,5;1000;"$I_{\MM}$"
"766";0,0545;0,8125;NA;NA;NA;NA;0,725;NA;"no $\EE$";FALSE;52;"HWE";0,3;1;1;1;0,85;1,4;1;TRUE;"Im";2000;0,5;1000;"$I_{\MM}$"
"767";0,0545;0,5235;0,046;0,044;0,046;NA;0,4405;NA;"S";FALSE;52;"HWE";0,3;1;1;1;0,85;1,4;1;TRUE;"Im";2000;0,5;1000;"$I_{\MM}$"
"768";0,052;0,8145;NA;NA;0,0515;NA;0,648;NA;"NS";FALSE;52;"HWE";0,3;1;1;1;0,85;1,4;1;TRUE;"Im";2000;0,5;1000;"$I_{\MM}$"
"769";0,2885;0,2905;NA;NA;NA;NA;0,22;NA;"no $\EE$";TRUE;52;"HWE";0,3;1;1;1;0,85;1,4;1;TRUE;"Im";2000;0,5;1000;"$I_{\MM}$"
"770";0,1745;0,158;0,059;0,054;0,044;NA;0,132;NA;"S";TRUE;52;"HWE";0,3;1;1;1;0,85;1,4;1;TRUE;"Im";2000;0,5;1000;"$I_{\MM}$"
"771";0,287;0,293;NA;NA;0,057;NA;0,203;NA;"NS";TRUE;52;"HWE";0,3;1;1;1;0,85;1,4;1;TRUE;"Im";2000;0,5;1000;"$I_{\MM}$"
"772";0,0535;0,8115;NA;NA;NA;NA;0,727;NA;"no $\EE$";FALSE;52;"MS";0,3;1;1;1;0,85;1,4;1;TRUE;"Im";2000;0,5;1000;"$I_{\MM}$"
"773";0,055;0,5225;0,047;0,0465;0,046;NA;0,439;NA;"S";FALSE;52;"MS";0,3;1;1;1;0,85;1,4;1;TRUE;"Im";2000;0,5;1000;"$I_{\MM}$"
"774";0,0525;0,8125;NA;NA;0,0515;NA;0,6435;NA;"NS";FALSE;52;"MS";0,3;1;1;1;0,85;1,4;1;TRUE;"Im";2000;0,5;1000;"$I_{\MM}$"
"775";0,29;0,293;NA;NA;NA;NA;0,219;NA;"no $\EE$";TRUE;52;"MS";0,3;1;1;1;0,85;1,4;1;TRUE;"Im";2000;0,5;1000;"$I_{\MM}$"
"776";0,1735;0,1575;0,0585;0,052;0,0425;NA;0,131;NA;"S";TRUE;52;"MS";0,3;1;1;1;0,85;1,4;1;TRUE;"Im";2000;0,5;1000;"$I_{\MM}$"
"777";0,291;0,2945;NA;NA;0,057;NA;0,1985;NA;"NS";TRUE;52;"MS";0,3;1;1;1;0,85;1,4;1;TRUE;"Im";2000;0,5;1000;"$I_{\MM}$"
"778";0,0525;0,0475;NA;NA;NA;NA;0,559;NA;"no $\EE$";TRUE;52;"MaS";0,3;1;1;1;0,85;1,4;1;TRUE;"Im";2000;0,5;1000;"$I_{\MM}$"
"779";0,0505;0,0525;0,0565;0,055;0,046;NA;0,32;NA;"S";TRUE;52;"MaS";0,3;1;1;1;0,85;1,4;1;TRUE;"Im";2000;0,5;1000;"$I_{\MM}$"
"780";0,0495;0,047;NA;NA;0,058;NA;0,4585;NA;"NS";TRUE;52;"MaS";0,3;1;1;1;0,85;1,4;1;TRUE;"Im";2000;0,5;1000;"$I_{\MM}$"
"781";0,0535;0,0585;NA;NA;NA;NA;0,7455;NA;"no $\EE$";FALSE;53;"HWE";0,3;1;1;1;1;1,4;1;TRUE;"Im";2000;0,5;1000;"$I_{\MM}$"
"782";0,054;0,046;0,044;0,046;0,045;NA;0,4755;NA;"S";FALSE;53;"HWE";0,3;1;1;1;1;1,4;1;TRUE;"Im";2000;0,5;1000;"$I_{\MM}$"
"783";0,051;0,0585;NA;NA;0,049;NA;0,671;NA;"NS";FALSE;53;"HWE";0,3;1;1;1;1;1,4;1;TRUE;"Im";2000;0,5;1000;"$I_{\MM}$"
"784";0,0505;0,0425;NA;NA;NA;NA;0,619;NA;"no $\EE$";TRUE;53;"HWE";0,3;1;1;1;1;1,4;1;TRUE;"Im";2000;0,5;1000;"$I_{\MM}$"
"785";0,0435;0,045;0,0515;0,0445;0,0565;NA;0,356;NA;"S";TRUE;53;"HWE";0,3;1;1;1;1;1,4;1;TRUE;"Im";2000;0,5;1000;"$I_{\MM}$"
"786";0,051;0,042;NA;NA;0,057;NA;0,527;NA;"NS";TRUE;53;"HWE";0,3;1;1;1;1;1,4;1;TRUE;"Im";2000;0,5;1000;"$I_{\MM}$"
"787";0,0545;0,058;NA;NA;NA;NA;0,744;NA;"no $\EE$";FALSE;53;"MS";0,3;1;1;1;1;1,4;1;TRUE;"Im";2000;0,5;1000;"$I_{\MM}$"
"788";0,051;0,0475;0,0455;0,048;0,047;NA;0,475;NA;"S";FALSE;53;"MS";0,3;1;1;1;1;1,4;1;TRUE;"Im";2000;0,5;1000;"$I_{\MM}$"
"789";0,052;0,0565;NA;NA;0,048;NA;0,669;NA;"NS";FALSE;53;"MS";0,3;1;1;1;1;1,4;1;TRUE;"Im";2000;0,5;1000;"$I_{\MM}$"
"790";0,052;0,0435;NA;NA;NA;NA;0,618;NA;"no $\EE$";TRUE;53;"MS";0,3;1;1;1;1;1,4;1;TRUE;"Im";2000;0,5;1000;"$I_{\MM}$"
"791";0,044;0,0465;0,0535;0,0455;0,056;NA;0,355;NA;"S";TRUE;53;"MS";0,3;1;1;1;1;1,4;1;TRUE;"Im";2000;0,5;1000;"$I_{\MM}$"
"792";0,053;0,042;NA;NA;0,056;NA;0,5285;NA;"NS";TRUE;53;"MS";0,3;1;1;1;1;1,4;1;TRUE;"Im";2000;0,5;1000;"$I_{\MM}$"
"793";0,0525;0,0435;NA;NA;NA;NA;0,5825;NA;"no $\EE$";TRUE;53;"MaS";0,3;1;1;1;1;1,4;1;TRUE;"Im";2000;0,5;1000;"$I_{\MM}$"
"794";0,052;0,0465;0,054;0,0415;0,0595;NA;0,335;NA;"S";TRUE;53;"MaS";0,3;1;1;1;1;1,4;1;TRUE;"Im";2000;0,5;1000;"$I_{\MM}$"
"795";0,0515;0,0425;NA;NA;0,0535;NA;0,488;NA;"NS";TRUE;53;"MaS";0,3;1;1;1;1;1,4;1;TRUE;"Im";2000;0,5;1000;"$I_{\MM}$"
"796";0,0455;0,8035;NA;NA;NA;NA;0,761;NA;"no $\EE$";FALSE;54;"HWE";0,3;1;1;1;1,15;1,4;1;TRUE;"Im";2000;0,5;1000;"$I_{\MM}$"
"797";0,05;0,5005;0,0455;0,053;0,0485;NA;0,4765;NA;"S";FALSE;54;"HWE";0,3;1;1;1;1,15;1,4;1;TRUE;"Im";2000;0,5;1000;"$I_{\MM}$"
"798";0,046;0,8035;NA;NA;0,05;NA;0,689;NA;"NS";FALSE;54;"HWE";0,3;1;1;1;1,15;1,4;1;TRUE;"Im";2000;0,5;1000;"$I_{\MM}$"
"799";0,2685;0,293;NA;NA;NA;NA;0,9175;NA;"no $\EE$";TRUE;54;"HWE";0,3;1;1;1;1,15;1,4;1;TRUE;"Im";2000;0,5;1000;"$I_{\MM}$"
"800";0,1515;0,1765;0,043;0,056;0,055;NA;0,638;NA;"S";TRUE;54;"HWE";0,3;1;1;1;1,15;1,4;1;TRUE;"Im";2000;0,5;1000;"$I_{\MM}$"
"801";0,269;0,291;NA;NA;0,054;NA;0,843;NA;"NS";TRUE;54;"HWE";0,3;1;1;1;1,15;1,4;1;TRUE;"Im";2000;0,5;1000;"$I_{\MM}$"
"802";0,0435;0,8195;NA;NA;NA;NA;0,7585;NA;"no $\EE$";FALSE;54;"MS";0,3;1;1;1;1,15;1,4;1;TRUE;"Im";2000;0,5;1000;"$I_{\MM}$"
"803";0,0485;0,519;0,0445;0,0535;0,0485;NA;0,4675;NA;"S";FALSE;54;"MS";0,3;1;1;1;1,15;1,4;1;TRUE;"Im";2000;0,5;1000;"$I_{\MM}$"
"804";0,0445;0,8195;NA;NA;0,054;NA;0,681;NA;"NS";FALSE;54;"MS";0,3;1;1;1;1,15;1,4;1;TRUE;"Im";2000;0,5;1000;"$I_{\MM}$"
"805";0,2735;0,292;NA;NA;NA;NA;0,9175;NA;"no $\EE$";TRUE;54;"MS";0,3;1;1;1;1,15;1,4;1;TRUE;"Im";2000;0,5;1000;"$I_{\MM}$"
"806";0,149;0,18;0,0465;0,0535;0,055;NA;0,6335;NA;"S";TRUE;54;"MS";0,3;1;1;1;1,15;1,4;1;TRUE;"Im";2000;0,5;1000;"$I_{\MM}$"
"807";0,273;0,292;NA;NA;0,052;NA;0,843;NA;"NS";TRUE;54;"MS";0,3;1;1;1;1,15;1,4;1;TRUE;"Im";2000;0,5;1000;"$I_{\MM}$"
"808";0,042;0,053;NA;NA;NA;NA;0,5945;NA;"no $\EE$";TRUE;54;"MaS";0,3;1;1;1;1,15;1,4;1;TRUE;"Im";2000;0,5;1000;"$I_{\MM}$"
"809";0,04;0,0515;0,0405;0,0555;0,057;NA;0,3355;NA;"S";TRUE;54;"MaS";0,3;1;1;1;1,15;1,4;1;TRUE;"Im";2000;0,5;1000;"$I_{\MM}$"
"810";0,0415;0,053;NA;NA;0,0535;NA;0,4975;NA;"NS";TRUE;54;"MaS";0,3;1;1;1;1,15;1,4;1;TRUE;"Im";2000;0,5;1000;"$I_{\MM}$"
"811";0,0475;0,8425;NA;NA;NA;NA;NA;0,0465;"no $\EE$";FALSE;55;"HWE";0,3;1;1;1;0,85;1;1;TRUE;"If";2000;0,5;1000;"None"
"812";0,0445;0,547;0,056;0,0495;NA;0,0565;NA;0,0425;"S";FALSE;55;"HWE";0,3;1;1;1;0,85;1;1;TRUE;"If";2000;0,5;1000;"None"
"813";0,0485;0,841;NA;NA;NA;0,0465;NA;0,047;"NS";FALSE;55;"HWE";0,3;1;1;1;0,85;1;1;TRUE;"If";2000;0,5;1000;"None"
"814";0,063;0,3265;NA;NA;NA;NA;NA;0,1565;"no $\EE$";TRUE;55;"HWE";0,3;1;1;1;0,85;1;1;TRUE;"If";2000;0,5;1000;"None"
"815";0,0565;0,1715;0,0525;0,051;NA;0,0535;NA;0,1075;"S";TRUE;55;"HWE";0,3;1;1;1;0,85;1;1;TRUE;"If";2000;0,5;1000;"None"
"816";0,0635;0,3305;NA;NA;NA;0,049;NA;0,1415;"NS";TRUE;55;"HWE";0,3;1;1;1;0,85;1;1;TRUE;"If";2000;0,5;1000;"None"
"817";0,0475;0,8455;NA;NA;NA;NA;NA;0,046;"no $\EE$";FALSE;55;"MS";0,3;1;1;1;0,85;1;1;TRUE;"If";2000;0,5;1000;"None"
"818";0,0435;0,5545;0,0545;0,043;NA;0,0555;NA;0,043;"S";FALSE;55;"MS";0,3;1;1;1;0,85;1;1;TRUE;"If";2000;0,5;1000;"None"
"819";0,048;0,8465;NA;NA;NA;0,048;NA;0,0445;"NS";FALSE;55;"MS";0,3;1;1;1;0,85;1;1;TRUE;"If";2000;0,5;1000;"None"
"820";0,062;0,332;NA;NA;NA;NA;NA;0,1575;"no $\EE$";TRUE;55;"MS";0,3;1;1;1;0,85;1;1;TRUE;"If";2000;0,5;1000;"None"
"821";0,0565;0,172;0,0515;0,052;NA;0,054;NA;0,105;"S";TRUE;55;"MS";0,3;1;1;1;0,85;1;1;TRUE;"If";2000;0,5;1000;"None"
"822";0,064;0,331;NA;NA;NA;0,049;NA;0,143;"NS";TRUE;55;"MS";0,3;1;1;1;0,85;1;1;TRUE;"If";2000;0,5;1000;"None"
"823";0,0585;0,0525;NA;NA;NA;NA;NA;0,056;"no $\EE$";TRUE;55;"MaS";0,3;1;1;1;0,85;1;1;TRUE;"If";2000;0,5;1000;"None"
"824";0,0515;0,0515;0,0515;0,047;NA;0,0485;NA;0,0535;"S";TRUE;55;"MaS";0,3;1;1;1;0,85;1;1;TRUE;"If";2000;0,5;1000;"None"
"825";0,058;0,052;NA;NA;NA;0,0505;NA;0,0505;"NS";TRUE;55;"MaS";0,3;1;1;1;0,85;1;1;TRUE;"If";2000;0,5;1000;"None"
"826";0,372;0,82;NA;NA;NA;NA;NA;0,044;"no $\EE$";FALSE;56;"HWE";0,3;1,15;1;1;0,85;1;1;TRUE;"If";2000;0,5;1000;"$\CC$"
"827";0,2105;0,544;0,043;0,052;NA;0,052;NA;0,051;"S";FALSE;56;"HWE";0,3;1,15;1;1;0,85;1;1;TRUE;"If";2000;0,5;1000;"$\CC$"
"828";0,373;0,8185;NA;NA;NA;0,0585;NA;0,045;"NS";FALSE;56;"HWE";0,3;1,15;1;1;0,85;1;1;TRUE;"If";2000;0,5;1000;"$\CC$"
"829";0,1585;0,313;NA;NA;NA;NA;NA;0,1555;"no $\EE$";TRUE;56;"HWE";0,3;1,15;1;1;0,85;1;1;TRUE;"If";2000;0,5;1000;"$\CC$"
"830";0,095;0,1655;0,0505;0,0505;NA;0,052;NA;0,101;"S";TRUE;56;"HWE";0,3;1,15;1;1;0,85;1;1;TRUE;"If";2000;0,5;1000;"$\CC$"
"831";0,158;0,3135;NA;NA;NA;0,048;NA;0,1355;"NS";TRUE;56;"HWE";0,3;1,15;1;1;0,85;1;1;TRUE;"If";2000;0,5;1000;"$\CC$"
"832";0,373;0,8185;NA;NA;NA;NA;NA;0,0425;"no $\EE$";FALSE;56;"MS";0,3;1,15;1;1;0,85;1;1;TRUE;"If";2000;0,5;1000;"$\CC$"
"833";0,2085;0,555;0,0415;0,055;NA;0,053;NA;0,049;"S";FALSE;56;"MS";0,3;1,15;1;1;0,85;1;1;TRUE;"If";2000;0,5;1000;"$\CC$"
"834";0,3745;0,819;NA;NA;NA;0,06;NA;0,0445;"NS";FALSE;56;"MS";0,3;1,15;1;1;0,85;1;1;TRUE;"If";2000;0,5;1000;"$\CC$"
"835";0,1575;0,3155;NA;NA;NA;NA;NA;0,1565;"no $\EE$";TRUE;56;"MS";0,3;1,15;1;1;0,85;1;1;TRUE;"If";2000;0,5;1000;"$\CC$"
"836";0,094;0,1655;0,0505;0,0515;NA;0,0505;NA;0,1;"S";TRUE;56;"MS";0,3;1,15;1;1;0,85;1;1;TRUE;"If";2000;0,5;1000;"$\CC$"
"837";0,1555;0,318;NA;NA;NA;0,05;NA;0,135;"NS";TRUE;56;"MS";0,3;1,15;1;1;0,85;1;1;TRUE;"If";2000;0,5;1000;"$\CC$"
"838";0,227;0,0435;NA;NA;NA;NA;NA;0,0455;"no $\EE$";TRUE;56;"MaS";0,3;1,15;1;1;0,85;1;1;TRUE;"If";2000;0,5;1000;"$\CC$"
"839";0,131;0,044;0,0545;0,0465;NA;0,0565;NA;0,0425;"S";TRUE;56;"MaS";0,3;1,15;1;1;0,85;1;1;TRUE;"If";2000;0,5;1000;"$\CC$"
"840";0,231;0,043;NA;NA;NA;0,05;NA;0,0465;"NS";TRUE;56;"MaS";0,3;1,15;1;1;0,85;1;1;TRUE;"If";2000;0,5;1000;"$\CC$"
"841";0,046;0,811;NA;NA;NA;NA;NA;0,3835;"no $\EE$";FALSE;57;"HWE";0,3;1;1;1,5;0,85;1;1;TRUE;"If";2000;0,5;1000;"$\EE:I_{\FF}$"
"842";0,043;0,5325;0,0515;0,054;NA;0,3725;NA;0,0505;"S";FALSE;57;"HWE";0,3;1;1;1,5;0,85;1;1;TRUE;"If";2000;0,5;1000;"$\EE:I_{\FF}$"
"843";0,0455;0,8125;NA;NA;NA;0,9265;NA;0,0585;"NS";FALSE;57;"HWE";0,3;1;1;1,5;0,85;1;1;TRUE;"If";2000;0,5;1000;"$\EE:I_{\FF}$"
"844";0,0635;0,308;NA;NA;NA;NA;NA;0,6215;"no $\EE$";TRUE;57;"HWE";0,3;1;1;1,5;0,85;1;1;TRUE;"If";2000;0,5;1000;"$\EE:I_{\FF}$"
"845";0,062;0,172;0,0535;0,038;NA;0,267;NA;0,1035;"S";TRUE;57;"HWE";0,3;1;1;1,5;0,85;1;1;TRUE;"If";2000;0,5;1000;"$\EE:I_{\FF}$"
"846";0,065;0,3105;NA;NA;NA;0,767;NA;0,1375;"NS";TRUE;57;"HWE";0,3;1;1;1,5;0,85;1;1;TRUE;"If";2000;0,5;1000;"$\EE:I_{\FF}$"
"847";0,046;0,822;NA;NA;NA;NA;NA;0,377;"no $\EE$";FALSE;57;"MS";0,3;1;1;1,5;0,85;1;1;TRUE;"If";2000;0,5;1000;"$\EE:I_{\FF}$"
"848";0,0395;0,532;0,053;0,054;NA;0,3635;NA;0,049;"S";FALSE;57;"MS";0,3;1;1;1,5;0,85;1;1;TRUE;"If";2000;0,5;1000;"$\EE:I_{\FF}$"
"849";0,046;0,823;NA;NA;NA;0,9205;NA;0,0595;"NS";FALSE;57;"MS";0,3;1;1;1,5;0,85;1;1;TRUE;"If";2000;0,5;1000;"$\EE:I_{\FF}$"
"850";0,063;0,3105;NA;NA;NA;NA;NA;0,623;"no $\EE$";TRUE;57;"MS";0,3;1;1;1,5;0,85;1;1;TRUE;"If";2000;0,5;1000;"$\EE:I_{\FF}$"
"851";0,0635;0,1725;0,054;0,0415;NA;0,2675;NA;0,103;"S";TRUE;57;"MS";0,3;1;1;1,5;0,85;1;1;TRUE;"If";2000;0,5;1000;"$\EE:I_{\FF}$"
"852";0,064;0,31;NA;NA;NA;0,763;NA;0,1325;"NS";TRUE;57;"MS";0,3;1;1;1,5;0,85;1;1;TRUE;"If";2000;0,5;1000;"$\EE:I_{\FF}$"
"853";0,056;0,0445;NA;NA;NA;NA;NA;0,2695;"no $\EE$";TRUE;57;"MaS";0,3;1;1;1,5;0,85;1;1;TRUE;"If";2000;0,5;1000;"$\EE:I_{\FF}$"
"854";0,062;0,0425;0,054;0,037;NA;0,244;NA;0,061;"S";TRUE;57;"MaS";0,3;1;1;1,5;0,85;1;1;TRUE;"If";2000;0,5;1000;"$\EE:I_{\FF}$"
"855";0,053;0,0445;NA;NA;NA;0,6825;NA;0,0435;"NS";TRUE;57;"MaS";0,3;1;1;1,5;0,85;1;1;TRUE;"If";2000;0,5;1000;"$\EE:I_{\FF}$"
"856";0,05;0,818;NA;NA;NA;NA;NA;0,482;"no $\EE$";FALSE;58;"HWE";0,3;1;1;1,6;0,85;1;1;TRUE;"If";2000;0,5;1000;"$\EE:I_{\FF}$"
"857";0,044;0,548;0,055;0,0565;NA;0,477;NA;0,0445;"S";FALSE;58;"HWE";0,3;1;1;1,6;0,85;1;1;TRUE;"If";2000;0,5;1000;"$\EE:I_{\FF}$"
"858";0,049;0,82;NA;NA;NA;0,9725;NA;0,046;"NS";FALSE;58;"HWE";0,3;1;1;1,6;0,85;1;1;TRUE;"If";2000;0,5;1000;"$\EE:I_{\FF}$"
"859";0,067;0,31;NA;NA;NA;NA;NA;0,7245;"no $\EE$";TRUE;58;"HWE";0,3;1;1;1,6;0,85;1;1;TRUE;"If";2000;0,5;1000;"$\EE:I_{\FF}$"
"860";0,0575;0,181;0,056;0,0495;NA;0,35;NA;0,101;"S";TRUE;58;"HWE";0,3;1;1;1,6;0,85;1;1;TRUE;"If";2000;0,5;1000;"$\EE:I_{\FF}$"
"861";0,068;0,3115;NA;NA;NA;0,874;NA;0,143;"NS";TRUE;58;"HWE";0,3;1;1;1,6;0,85;1;1;TRUE;"If";2000;0,5;1000;"$\EE:I_{\FF}$"
"862";0,0495;0,826;NA;NA;NA;NA;NA;0,473;"no $\EE$";FALSE;58;"MS";0,3;1;1;1,6;0,85;1;1;TRUE;"If";2000;0,5;1000;"$\EE:I_{\FF}$"
"863";0,0445;0,5605;0,054;0,054;NA;0,4665;NA;0,044;"S";FALSE;58;"MS";0,3;1;1;1,6;0,85;1;1;TRUE;"If";2000;0,5;1000;"$\EE:I_{\FF}$"
"864";0,0485;0,8265;NA;NA;NA;0,9705;NA;0,046;"NS";FALSE;58;"MS";0,3;1;1;1,6;0,85;1;1;TRUE;"If";2000;0,5;1000;"$\EE:I_{\FF}$"
"865";0,067;0,308;NA;NA;NA;NA;NA;0,723;"no $\EE$";TRUE;58;"MS";0,3;1;1;1,6;0,85;1;1;TRUE;"If";2000;0,5;1000;"$\EE:I_{\FF}$"
"866";0,0585;0,183;0,056;0,046;NA;0,3475;NA;0,1005;"S";TRUE;58;"MS";0,3;1;1;1,6;0,85;1;1;TRUE;"If";2000;0,5;1000;"$\EE:I_{\FF}$"
"867";0,0665;0,3075;NA;NA;NA;0,872;NA;0,1445;"NS";TRUE;58;"MS";0,3;1;1;1,6;0,85;1;1;TRUE;"If";2000;0,5;1000;"$\EE:I_{\FF}$"
"868";0,0495;0,0495;NA;NA;NA;NA;NA;0,346;"no $\EE$";TRUE;58;"MaS";0,3;1;1;1,6;0,85;1;1;TRUE;"If";2000;0,5;1000;"$\EE:I_{\FF}$"
"869";0,0565;0,052;0,055;0,046;NA;0,32;NA;0,0515;"S";TRUE;58;"MaS";0,3;1;1;1,6;0,85;1;1;TRUE;"If";2000;0,5;1000;"$\EE:I_{\FF}$"
"870";0,049;0,0505;NA;NA;NA;0,8095;NA;0,0455;"NS";TRUE;58;"MaS";0,3;1;1;1,6;0,85;1;1;TRUE;"If";2000;0,5;1000;"$\EE:I_{\FF}$"
"871";0,05;0,053;NA;NA;NA;NA;NA;0,054;"no $\EE$";FALSE;59;"HWE";0,3;1;1;1;1;1;1;TRUE;"If";2000;0,5;1000;"None"
"872";0,0515;0,0495;0,044;0,0465;NA;0,0495;NA;0,0505;"S";FALSE;59;"HWE";0,3;1;1;1;1;1;1;TRUE;"If";2000;0,5;1000;"None"
"873";0,05;0,05;NA;NA;NA;0,0565;NA;0,052;"NS";FALSE;59;"HWE";0,3;1;1;1;1;1;1;TRUE;"If";2000;0,5;1000;"None"
"874";0,04;0,045;NA;NA;NA;NA;NA;0,0435;"no $\EE$";TRUE;59;"HWE";0,3;1;1;1;1;1;1;TRUE;"If";2000;0,5;1000;"None"
"875";0,052;0,046;0,051;0,0485;NA;0,052;NA;0,0485;"S";TRUE;59;"HWE";0,3;1;1;1;1;1;1;TRUE;"If";2000;0,5;1000;"None"
"876";0,0395;0,0455;NA;NA;NA;0,0485;NA;0,0435;"NS";TRUE;59;"HWE";0,3;1;1;1;1;1;1;TRUE;"If";2000;0,5;1000;"None"
"877";0,0485;0,0515;NA;NA;NA;NA;NA;0,051;"no $\EE$";FALSE;59;"MS";0,3;1;1;1;1;1;1;TRUE;"If";2000;0,5;1000;"None"
"878";0,0495;0,0475;0,0445;0,045;NA;0,0495;NA;0,0485;"S";FALSE;59;"MS";0,3;1;1;1;1;1;1;TRUE;"If";2000;0,5;1000;"None"
"879";0,0495;0,0495;NA;NA;NA;0,0555;NA;0,053;"NS";FALSE;59;"MS";0,3;1;1;1;1;1;1;TRUE;"If";2000;0,5;1000;"None"
"880";0,0405;0,046;NA;NA;NA;NA;NA;0,044;"no $\EE$";TRUE;59;"MS";0,3;1;1;1;1;1;1;TRUE;"If";2000;0,5;1000;"None"
"881";0,051;0,0475;0,051;0,0495;NA;0,0525;NA;0,049;"S";TRUE;59;"MS";0,3;1;1;1;1;1;1;TRUE;"If";2000;0,5;1000;"None"
"882";0,039;0,048;NA;NA;NA;0,0475;NA;0,0435;"NS";TRUE;59;"MS";0,3;1;1;1;1;1;1;TRUE;"If";2000;0,5;1000;"None"
"883";0,041;0,049;NA;NA;NA;NA;NA;0,041;"no $\EE$";TRUE;59;"MaS";0,3;1;1;1;1;1;1;TRUE;"If";2000;0,5;1000;"None"
"884";0,055;0,0475;0,052;0,0505;NA;0,0555;NA;0,0435;"S";TRUE;59;"MaS";0,3;1;1;1;1;1;1;TRUE;"If";2000;0,5;1000;"None"
"885";0,041;0,0485;NA;NA;NA;0,047;NA;0,0395;"NS";TRUE;59;"MaS";0,3;1;1;1;1;1;1;TRUE;"If";2000;0,5;1000;"None"
"886";0,415;0,057;NA;NA;NA;NA;NA;0,0535;"no $\EE$";FALSE;60;"HWE";0,3;1,15;1;1;1;1;1;TRUE;"If";2000;0,5;1000;"$\CC$"
"887";0,225;0,052;0,0535;0,0465;NA;0,0485;NA;0,0595;"S";FALSE;60;"HWE";0,3;1,15;1;1;1;1;1;TRUE;"If";2000;0,5;1000;"$\CC$"
"888";0,413;0,056;NA;NA;NA;0,047;NA;0,057;"NS";FALSE;60;"HWE";0,3;1,15;1;1;1;1;1;TRUE;"If";2000;0,5;1000;"$\CC$"
"889";0,249;0,054;NA;NA;NA;NA;NA;0,056;"no $\EE$";TRUE;60;"HWE";0,3;1,15;1;1;1;1;1;TRUE;"If";2000;0,5;1000;"$\CC$"
"890";0,1485;0,0565;0,052;0,053;NA;0,06;NA;0,0555;"S";TRUE;60;"HWE";0,3;1,15;1;1;1;1;1;TRUE;"If";2000;0,5;1000;"$\CC$"
"891";0,247;0,0535;NA;NA;NA;0,0495;NA;0,047;"NS";TRUE;60;"HWE";0,3;1,15;1;1;1;1;1;TRUE;"If";2000;0,5;1000;"$\CC$"
"892";0,414;0,056;NA;NA;NA;NA;NA;0,0525;"no $\EE$";FALSE;60;"MS";0,3;1,15;1;1;1;1;1;TRUE;"If";2000;0,5;1000;"$\CC$"
"893";0,224;0,052;0,0555;0,046;NA;0,0495;NA;0,058;"S";FALSE;60;"MS";0,3;1,15;1;1;1;1;1;TRUE;"If";2000;0,5;1000;"$\CC$"
"894";0,4125;0,056;NA;NA;NA;0,047;NA;0,0575;"NS";FALSE;60;"MS";0,3;1,15;1;1;1;1;1;TRUE;"If";2000;0,5;1000;"$\CC$"
"895";0,2475;0,055;NA;NA;NA;NA;NA;0,0575;"no $\EE$";TRUE;60;"MS";0,3;1,15;1;1;1;1;1;TRUE;"If";2000;0,5;1000;"$\CC$"
"896";0,1485;0,058;0,053;0,054;NA;0,058;NA;0,0535;"S";TRUE;60;"MS";0,3;1,15;1;1;1;1;1;TRUE;"If";2000;0,5;1000;"$\CC$"
"897";0,2445;0,0545;NA;NA;NA;0,0505;NA;0,049;"NS";TRUE;60;"MS";0,3;1,15;1;1;1;1;1;TRUE;"If";2000;0,5;1000;"$\CC$"
"898";0,2465;0,055;NA;NA;NA;NA;NA;0,0565;"no $\EE$";TRUE;60;"MaS";0,3;1,15;1;1;1;1;1;TRUE;"If";2000;0,5;1000;"$\CC$"
"899";0,1515;0,051;0,051;0,047;NA;0,061;NA;0,055;"S";TRUE;60;"MaS";0,3;1,15;1;1;1;1;1;TRUE;"If";2000;0,5;1000;"$\CC$"
"900";0,2425;0,056;NA;NA;NA;0,056;NA;0,0485;"NS";TRUE;60;"MaS";0,3;1,15;1;1;1;1;1;TRUE;"If";2000;0,5;1000;"$\CC$"
"901";0,052;0,053;NA;NA;NA;NA;NA;0,3655;"no $\EE$";FALSE;61;"HWE";0,3;1;1;1,5;1;1;1;TRUE;"If";2000;0,5;1000;"$\EE:I_{\FF}$"
"902";0,056;0,048;0,0465;0,0585;NA;0,3365;NA;0,051;"S";FALSE;61;"HWE";0,3;1;1;1,5;1;1;1;TRUE;"If";2000;0,5;1000;"$\EE:I_{\FF}$"
"903";0,05;0,0475;NA;NA;NA;0,9275;NA;0,0495;"NS";FALSE;61;"HWE";0,3;1;1;1,5;1;1;1;TRUE;"If";2000;0,5;1000;"$\EE:I_{\FF}$"
"904";0,0505;0,044;NA;NA;NA;NA;NA;0,2765;"no $\EE$";TRUE;61;"HWE";0,3;1;1;1,5;1;1;1;TRUE;"If";2000;0,5;1000;"$\EE:I_{\FF}$"
"905";0,0465;0,0395;0,0605;0,051;NA;0,276;NA;0,044;"S";TRUE;61;"HWE";0,3;1;1;1,5;1;1;1;TRUE;"If";2000;0,5;1000;"$\EE:I_{\FF}$"
"906";0,0475;0,0415;NA;NA;NA;0,7565;NA;0,0525;"NS";TRUE;61;"HWE";0,3;1;1;1,5;1;1;1;TRUE;"If";2000;0,5;1000;"$\EE:I_{\FF}$"
"907";0,053;0,0485;NA;NA;NA;NA;NA;0,363;"no $\EE$";FALSE;61;"MS";0,3;1;1;1,5;1;1;1;TRUE;"If";2000;0,5;1000;"$\EE:I_{\FF}$"
"908";0,0555;0,0495;0,0455;0,059;NA;0,336;NA;0,0495;"S";FALSE;61;"MS";0,3;1;1;1,5;1;1;1;TRUE;"If";2000;0,5;1000;"$\EE:I_{\FF}$"
"909";0,0515;0,0465;NA;NA;NA;0,9275;NA;0,0485;"NS";FALSE;61;"MS";0,3;1;1;1,5;1;1;1;TRUE;"If";2000;0,5;1000;"$\EE:I_{\FF}$"
"910";0,0505;0,042;NA;NA;NA;NA;NA;0,277;"no $\EE$";TRUE;61;"MS";0,3;1;1;1,5;1;1;1;TRUE;"If";2000;0,5;1000;"$\EE:I_{\FF}$"
"911";0,046;0,039;0,059;0,051;NA;0,2775;NA;0,045;"S";TRUE;61;"MS";0,3;1;1;1,5;1;1;1;TRUE;"If";2000;0,5;1000;"$\EE:I_{\FF}$"
"912";0,0475;0,043;NA;NA;NA;0,756;NA;0,052;"NS";TRUE;61;"MS";0,3;1;1;1,5;1;1;1;TRUE;"If";2000;0,5;1000;"$\EE:I_{\FF}$"
"913";0,0485;0,0455;NA;NA;NA;NA;NA;0,2565;"no $\EE$";TRUE;61;"MaS";0,3;1;1;1,5;1;1;1;TRUE;"If";2000;0,5;1000;"$\EE:I_{\FF}$"
"914";0,0445;0,0425;0,0575;0,049;NA;0,266;NA;0,042;"S";TRUE;61;"MaS";0,3;1;1;1,5;1;1;1;TRUE;"If";2000;0,5;1000;"$\EE:I_{\FF}$"
"915";0,0465;0,0465;NA;NA;NA;0,6885;NA;0,047;"NS";TRUE;61;"MaS";0,3;1;1;1,5;1;1;1;TRUE;"If";2000;0,5;1000;"$\EE:I_{\FF}$"
"916";0,0505;0,047;NA;NA;NA;NA;NA;0,4815;"no $\EE$";FALSE;62;"HWE";0,3;1;1;1,6;1;1;1;TRUE;"If";2000;0,5;1000;"$\EE:I_{\FF}$"
"917";0,043;0,047;0,0475;0,0465;NA;0,462;NA;0,048;"S";FALSE;62;"HWE";0,3;1;1;1,6;1;1;1;TRUE;"If";2000;0,5;1000;"$\EE:I_{\FF}$"
"918";0,0485;0,043;NA;NA;NA;0,9805;NA;0,0495;"NS";FALSE;62;"HWE";0,3;1;1;1,6;1;1;1;TRUE;"If";2000;0,5;1000;"$\EE:I_{\FF}$"
"919";0,044;0,0495;NA;NA;NA;NA;NA;0,361;"no $\EE$";TRUE;62;"HWE";0,3;1;1;1,6;1;1;1;TRUE;"If";2000;0,5;1000;"$\EE:I_{\FF}$"
"920";0,041;0,0515;0,046;0,051;NA;0,339;NA;0,046;"S";TRUE;62;"HWE";0,3;1;1;1,6;1;1;1;TRUE;"If";2000;0,5;1000;"$\EE:I_{\FF}$"
"921";0,0415;0,0475;NA;NA;NA;0,86;NA;0,0425;"NS";TRUE;62;"HWE";0,3;1;1;1,6;1;1;1;TRUE;"If";2000;0,5;1000;"$\EE:I_{\FF}$"
"922";0,0505;0,045;NA;NA;NA;NA;NA;0,4805;"no $\EE$";FALSE;62;"MS";0,3;1;1;1,6;1;1;1;TRUE;"If";2000;0,5;1000;"$\EE:I_{\FF}$"
"923";0,0415;0,046;0,0485;0,0455;NA;0,4605;NA;0,047;"S";FALSE;62;"MS";0,3;1;1;1,6;1;1;1;TRUE;"If";2000;0,5;1000;"$\EE:I_{\FF}$"
"924";0,0475;0,0415;NA;NA;NA;0,982;NA;0,049;"NS";FALSE;62;"MS";0,3;1;1;1,6;1;1;1;TRUE;"If";2000;0,5;1000;"$\EE:I_{\FF}$"
"925";0,044;0,0485;NA;NA;NA;NA;NA;0,361;"no $\EE$";TRUE;62;"MS";0,3;1;1;1,6;1;1;1;TRUE;"If";2000;0,5;1000;"$\EE:I_{\FF}$"
"926";0,039;0,0525;0,0455;0,054;NA;0,336;NA;0,045;"S";TRUE;62;"MS";0,3;1;1;1,6;1;1;1;TRUE;"If";2000;0,5;1000;"$\EE:I_{\FF}$"
"927";0,042;0,049;NA;NA;NA;0,8605;NA;0,0425;"NS";TRUE;62;"MS";0,3;1;1;1,6;1;1;1;TRUE;"If";2000;0,5;1000;"$\EE:I_{\FF}$"
"928";0,0435;0,046;NA;NA;NA;NA;NA;0,342;"no $\EE$";TRUE;62;"MaS";0,3;1;1;1,6;1;1;1;TRUE;"If";2000;0,5;1000;"$\EE:I_{\FF}$"
"929";0,044;0,0505;0,048;0,0525;NA;0,3195;NA;0,0465;"S";TRUE;62;"MaS";0,3;1;1;1,6;1;1;1;TRUE;"If";2000;0,5;1000;"$\EE:I_{\FF}$"
"930";0,0425;0,045;NA;NA;NA;0,799;NA;0,0465;"NS";TRUE;62;"MaS";0,3;1;1;1,6;1;1;1;TRUE;"If";2000;0,5;1000;"$\EE:I_{\FF}$"
"931";0,0585;0,8415;NA;NA;NA;NA;NA;0,0525;"no $\EE$";FALSE;63;"HWE";0,3;1;1;1;1,15;1;1;TRUE;"If";2000;0,5;1000;"None"
"932";0,0515;0,553;0,0555;0,055;NA;0,0485;NA;0,055;"S";FALSE;63;"HWE";0,3;1;1;1;1,15;1;1;TRUE;"If";2000;0,5;1000;"None"
"933";0,0595;0,842;NA;NA;NA;0,0515;NA;0,056;"NS";FALSE;63;"HWE";0,3;1;1;1;1,15;1;1;TRUE;"If";2000;0,5;1000;"None"
"934";0,059;0,332;NA;NA;NA;NA;NA;0,164;"no $\EE$";TRUE;63;"HWE";0,3;1;1;1;1,15;1;1;TRUE;"If";2000;0,5;1000;"None"
"935";0,0565;0,189;0,05;0,0455;NA;0,047;NA;0,1055;"S";TRUE;63;"HWE";0,3;1;1;1;1,15;1;1;TRUE;"If";2000;0,5;1000;"None"
"936";0,061;0,3325;NA;NA;NA;0,0495;NA;0,135;"NS";TRUE;63;"HWE";0,3;1;1;1;1,15;1;1;TRUE;"If";2000;0,5;1000;"None"
"937";0,056;0,8475;NA;NA;NA;NA;NA;0,0525;"no $\EE$";FALSE;63;"MS";0,3;1;1;1;1,15;1;1;TRUE;"If";2000;0,5;1000;"None"
"938";0,051;0,5555;0,054;0,0545;NA;0,0475;NA;0,053;"S";FALSE;63;"MS";0,3;1;1;1;1,15;1;1;TRUE;"If";2000;0,5;1000;"None"
"939";0,0585;0,848;NA;NA;NA;0,05;NA;0,054;"NS";FALSE;63;"MS";0,3;1;1;1;1,15;1;1;TRUE;"If";2000;0,5;1000;"None"
"940";0,06;0,3335;NA;NA;NA;NA;NA;0,163;"no $\EE$";TRUE;63;"MS";0,3;1;1;1;1,15;1;1;TRUE;"If";2000;0,5;1000;"None"
"941";0,0585;0,1945;0,048;0,044;NA;0,048;NA;0,104;"S";TRUE;63;"MS";0,3;1;1;1;1,15;1;1;TRUE;"If";2000;0,5;1000;"None"
"942";0,0615;0,3355;NA;NA;NA;0,0515;NA;0,1375;"NS";TRUE;63;"MS";0,3;1;1;1;1,15;1;1;TRUE;"If";2000;0,5;1000;"None"
"943";0,0495;0,054;NA;NA;NA;NA;NA;0,0535;"no $\EE$";TRUE;63;"MaS";0,3;1;1;1;1,15;1;1;TRUE;"If";2000;0,5;1000;"None"
"944";0,0495;0,044;0,048;0,037;NA;0,049;NA;0,0545;"S";TRUE;63;"MaS";0,3;1;1;1;1,15;1;1;TRUE;"If";2000;0,5;1000;"None"
"945";0,052;0,0525;NA;NA;NA;0,05;NA;0,0525;"NS";TRUE;63;"MaS";0,3;1;1;1;1,15;1;1;TRUE;"If";2000;0,5;1000;"None"
"946";0,4435;0,8255;NA;NA;NA;NA;NA;0,047;"no $\EE$";FALSE;64;"HWE";0,3;1,15;1;1;1,15;1;1;TRUE;"If";2000;0,5;1000;"$\CC$"
"947";0,2525;0,519;0,0455;0,043;NA;0,0505;NA;0,0545;"S";FALSE;64;"HWE";0,3;1,15;1;1;1,15;1;1;TRUE;"If";2000;0,5;1000;"$\CC$"
"948";0,444;0,823;NA;NA;NA;0,052;NA;0,049;"NS";FALSE;64;"HWE";0,3;1,15;1;1;1,15;1;1;TRUE;"If";2000;0,5;1000;"$\CC$"
"949";0,3665;0,304;NA;NA;NA;NA;NA;0,168;"no $\EE$";TRUE;64;"HWE";0,3;1,15;1;1;1,15;1;1;TRUE;"If";2000;0,5;1000;"$\CC$"
"950";0,195;0,1805;0,0435;0,0475;NA;0,051;NA;0,1015;"S";TRUE;64;"HWE";0,3;1,15;1;1;1,15;1;1;TRUE;"If";2000;0,5;1000;"$\CC$"
"951";0,3605;0,3015;NA;NA;NA;0,0615;NA;0,1355;"NS";TRUE;64;"HWE";0,3;1,15;1;1;1,15;1;1;TRUE;"If";2000;0,5;1000;"$\CC$"
"952";0,441;0,8315;NA;NA;NA;NA;NA;0,0465;"no $\EE$";FALSE;64;"MS";0,3;1,15;1;1;1,15;1;1;TRUE;"If";2000;0,5;1000;"$\CC$"
"953";0,25;0,524;0,047;0,0455;NA;0,048;NA;0,053;"S";FALSE;64;"MS";0,3;1,15;1;1;1,15;1;1;TRUE;"If";2000;0,5;1000;"$\CC$"
"954";0,442;0,8305;NA;NA;NA;0,054;NA;0,0475;"NS";FALSE;64;"MS";0,3;1,15;1;1;1,15;1;1;TRUE;"If";2000;0,5;1000;"$\CC$"
"955";0,3635;0,3055;NA;NA;NA;NA;NA;0,1675;"no $\EE$";TRUE;64;"MS";0,3;1,15;1;1;1,15;1;1;TRUE;"If";2000;0,5;1000;"$\CC$"
"956";0,1935;0,187;0,0425;0,047;NA;0,051;NA;0,1005;"S";TRUE;64;"MS";0,3;1,15;1;1;1,15;1;1;TRUE;"If";2000;0,5;1000;"$\CC$"
"957";0,357;0,3055;NA;NA;NA;0,06;NA;0,134;"NS";TRUE;64;"MS";0,3;1,15;1;1;1,15;1;1;TRUE;"If";2000;0,5;1000;"$\CC$"
"958";0,26;0,0475;NA;NA;NA;NA;NA;0,0505;"no $\EE$";TRUE;64;"MaS";0,3;1,15;1;1;1,15;1;1;TRUE;"If";2000;0,5;1000;"$\CC$"
"959";0,1385;0,046;0,0405;0,047;NA;0,053;NA;0,0485;"S";TRUE;64;"MaS";0,3;1,15;1;1;1,15;1;1;TRUE;"If";2000;0,5;1000;"$\CC$"
"960";0,261;0,048;NA;NA;NA;0,056;NA;0,052;"NS";TRUE;64;"MaS";0,3;1,15;1;1;1,15;1;1;TRUE;"If";2000;0,5;1000;"$\CC$"
"961";0,0385;0,8295;NA;NA;NA;NA;NA;0,378;"no $\EE$";FALSE;65;"HWE";0,3;1;1;1,5;1,15;1;1;TRUE;"If";2000;0,5;1000;"$\EE:I_{\FF}$"
"962";0,0505;0,5385;0,0545;0,0445;NA;0,328;NA;0,0495;"S";FALSE;65;"HWE";0,3;1;1;1,5;1,15;1;1;TRUE;"If";2000;0,5;1000;"$\EE:I_{\FF}$"
"963";0,039;0,8245;NA;NA;NA;0,917;NA;0,0525;"NS";FALSE;65;"HWE";0,3;1;1;1,5;1,15;1;1;TRUE;"If";2000;0,5;1000;"$\EE:I_{\FF}$"
"964";0,0625;0,3145;NA;NA;NA;NA;NA;0,066;"no $\EE$";TRUE;65;"HWE";0,3;1;1;1,5;1,15;1;1;TRUE;"If";2000;0,5;1000;"$\EE:I_{\FF}$"
"965";0,062;0,194;0,0515;0,051;NA;0,2705;NA;0,105;"S";TRUE;65;"HWE";0,3;1;1;1,5;1,15;1;1;TRUE;"If";2000;0,5;1000;"$\EE:I_{\FF}$"
"966";0,0605;0,3115;NA;NA;NA;0,736;NA;0,143;"NS";TRUE;65;"HWE";0,3;1;1;1,5;1,15;1;1;TRUE;"If";2000;0,5;1000;"$\EE:I_{\FF}$"
"967";0,039;0,8355;NA;NA;NA;NA;NA;0,375;"no $\EE$";FALSE;65;"MS";0,3;1;1;1,5;1,15;1;1;TRUE;"If";2000;0,5;1000;"$\EE:I_{\FF}$"
"968";0,05;0,5415;0,053;0,043;NA;0,327;NA;0,047;"S";FALSE;65;"MS";0,3;1;1;1,5;1,15;1;1;TRUE;"If";2000;0,5;1000;"$\EE:I_{\FF}$"
"969";0,037;0,8265;NA;NA;NA;0,916;NA;0,048;"NS";FALSE;65;"MS";0,3;1;1;1,5;1,15;1;1;TRUE;"If";2000;0,5;1000;"$\EE:I_{\FF}$"
"970";0,0625;0,318;NA;NA;NA;NA;NA;0,067;"no $\EE$";TRUE;65;"MS";0,3;1;1;1,5;1,15;1;1;TRUE;"If";2000;0,5;1000;"$\EE:I_{\FF}$"
"971";0,0615;0,1915;0,05;0,0495;NA;0,27;NA;0,106;"S";TRUE;65;"MS";0,3;1;1;1,5;1,15;1;1;TRUE;"If";2000;0,5;1000;"$\EE:I_{\FF}$"
"972";0,0595;0,311;NA;NA;NA;0,7315;NA;0,145;"NS";TRUE;65;"MS";0,3;1;1;1,5;1,15;1;1;TRUE;"If";2000;0,5;1000;"$\EE:I_{\FF}$"
"973";0,05;0,054;NA;NA;NA;NA;NA;0,258;"no $\EE$";TRUE;65;"MaS";0,3;1;1;1,5;1,15;1;1;TRUE;"If";2000;0,5;1000;"$\EE:I_{\FF}$"
"974";0,052;0,0615;0,0485;0,0565;NA;0,271;NA;0,0515;"S";TRUE;65;"MaS";0,3;1;1;1,5;1,15;1;1;TRUE;"If";2000;0,5;1000;"$\EE:I_{\FF}$"
"975";0,0495;0,053;NA;NA;NA;0,6495;NA;0,0515;"NS";TRUE;65;"MaS";0,3;1;1;1,5;1,15;1;1;TRUE;"If";2000;0,5;1000;"$\EE:I_{\FF}$"
"976";0,0515;0,821;NA;NA;NA;NA;NA;0,474;"no $\EE$";FALSE;66;"HWE";0,3;1;1;1,6;1,15;1;1;TRUE;"If";2000;0,5;1000;"$\EE:I_{\FF}$"
"977";0,0455;0,5205;0,057;0,0485;NA;0,4475;NA;0,0495;"S";FALSE;66;"HWE";0,3;1;1;1,6;1,15;1;1;TRUE;"If";2000;0,5;1000;"$\EE:I_{\FF}$"
"978";0,048;0,8155;NA;NA;NA;0,968;NA;0,047;"NS";FALSE;66;"HWE";0,3;1;1;1,6;1,15;1;1;TRUE;"If";2000;0,5;1000;"$\EE:I_{\FF}$"
"979";0,064;0,2985;NA;NA;NA;NA;NA;0,0915;"no $\EE$";TRUE;66;"HWE";0,3;1;1;1,6;1,15;1;1;TRUE;"If";2000;0,5;1000;"$\EE:I_{\FF}$"
"980";0,054;0,1745;0,051;0,053;NA;0,3375;NA;0,1025;"S";TRUE;66;"HWE";0,3;1;1;1,6;1,15;1;1;TRUE;"If";2000;0,5;1000;"$\EE:I_{\FF}$"
"981";0,062;0,2965;NA;NA;NA;0,854;NA;0,1315;"NS";TRUE;66;"HWE";0,3;1;1;1,6;1,15;1;1;TRUE;"If";2000;0,5;1000;"$\EE:I_{\FF}$"
"982";0,05;0,8205;NA;NA;NA;NA;NA;0,473;"no $\EE$";FALSE;66;"MS";0,3;1;1;1,6;1,15;1;1;TRUE;"If";2000;0,5;1000;"$\EE:I_{\FF}$"
"983";0,045;0,519;0,0565;0,0475;NA;0,447;NA;0,0485;"S";FALSE;66;"MS";0,3;1;1;1,6;1,15;1;1;TRUE;"If";2000;0,5;1000;"$\EE:I_{\FF}$"
"984";0,0485;0,8205;NA;NA;NA;0,97;NA;0,0455;"NS";FALSE;66;"MS";0,3;1;1;1,6;1,15;1;1;TRUE;"If";2000;0,5;1000;"$\EE:I_{\FF}$"
"985";0,0635;0,299;NA;NA;NA;NA;NA;0,0895;"no $\EE$";TRUE;66;"MS";0,3;1;1;1,6;1,15;1;1;TRUE;"If";2000;0,5;1000;"$\EE:I_{\FF}$"
"986";0,052;0,1775;0,0495;0,0535;NA;0,341;NA;0,1015;"S";TRUE;66;"MS";0,3;1;1;1,6;1,15;1;1;TRUE;"If";2000;0,5;1000;"$\EE:I_{\FF}$"
"987";0,06;0,301;NA;NA;NA;0,854;NA;0,1305;"NS";TRUE;66;"MS";0,3;1;1;1,6;1,15;1;1;TRUE;"If";2000;0,5;1000;"$\EE:I_{\FF}$"
"988";0,0485;0,0445;NA;NA;NA;NA;NA;0,336;"no $\EE$";TRUE;66;"MaS";0,3;1;1;1,6;1,15;1;1;TRUE;"If";2000;0,5;1000;"$\EE:I_{\FF}$"
"989";0,0455;0,043;0,0485;0,0525;NA;0,3425;NA;0,0435;"S";TRUE;66;"MaS";0,3;1;1;1,6;1,15;1;1;TRUE;"If";2000;0,5;1000;"$\EE:I_{\FF}$"
"990";0,047;0,0435;NA;NA;NA;0,7795;NA;0,051;"NS";TRUE;66;"MaS";0,3;1;1;1,6;1,15;1;1;TRUE;"If";2000;0,5;1000;"$\EE:I_{\FF}$"
"991";0,051;0,8075;NA;NA;NA;NA;NA;0,317;"no $\EE$";FALSE;67;"HWE";0,3;1;1;1;0,85;1;1,2;TRUE;"If";2000;0,5;1000;"$I_{\FF}$"
"992";0,0405;0,522;0,045;0,0615;NA;0,0495;NA;0,1855;"S";FALSE;67;"HWE";0,3;1;1;1;0,85;1;1,2;TRUE;"If";2000;0,5;1000;"$I_{\FF}$"
"993";0,054;0,809;NA;NA;NA;0,0445;NA;0,28;"NS";FALSE;67;"HWE";0,3;1;1;1;0,85;1;1,2;TRUE;"If";2000;0,5;1000;"$I_{\FF}$"
"994";0,052;0,327;NA;NA;NA;NA;NA;0,5665;"no $\EE$";TRUE;67;"HWE";0,3;1;1;1;0,85;1;1,2;TRUE;"If";2000;0,5;1000;"$I_{\FF}$"
"995";0,0535;0,172;0,0445;0,0445;NA;0,05;NA;0,304;"S";TRUE;67;"HWE";0,3;1;1;1;0,85;1;1,2;TRUE;"If";2000;0,5;1000;"$I_{\FF}$"
"996";0,0515;0,3245;NA;NA;NA;0,05;NA;0,4585;"NS";TRUE;67;"HWE";0,3;1;1;1;0,85;1;1,2;TRUE;"If";2000;0,5;1000;"$I_{\FF}$"
"997";0,0505;0,818;NA;NA;NA;NA;NA;0,315;"no $\EE$";FALSE;67;"MS";0,3;1;1;1;0,85;1;1,2;TRUE;"If";2000;0,5;1000;"$I_{\FF}$"
"998";0,0395;0,5345;0,043;0,06;NA;0,046;NA;0,183;"S";FALSE;67;"MS";0,3;1;1;1;0,85;1;1,2;TRUE;"If";2000;0,5;1000;"$I_{\FF}$"
"999";0,052;0,8155;NA;NA;NA;0,048;NA;0,276;"NS";FALSE;67;"MS";0,3;1;1;1;0,85;1;1,2;TRUE;"If";2000;0,5;1000;"$I_{\FF}$"
"1000";0,052;0,326;NA;NA;NA;NA;NA;0,568;"no $\EE$";TRUE;67;"MS";0,3;1;1;1;0,85;1;1,2;TRUE;"If";2000;0,5;1000;"$I_{\FF}$"
"1001";0,052;0,173;0,045;0,0425;NA;0,051;NA;0,3065;"S";TRUE;67;"MS";0,3;1;1;1;0,85;1;1,2;TRUE;"If";2000;0,5;1000;"$I_{\FF}$"
"1002";0,051;0,326;NA;NA;NA;0,0495;NA;0,462;"NS";TRUE;67;"MS";0,3;1;1;1;0,85;1;1,2;TRUE;"If";2000;0,5;1000;"$I_{\FF}$"
"1003";0,0425;0,049;NA;NA;NA;NA;NA;0,1945;"no $\EE$";TRUE;67;"MaS";0,3;1;1;1;0,85;1;1,2;TRUE;"If";2000;0,5;1000;"$I_{\FF}$"
"1004";0,052;0,049;0,0475;0,041;NA;0,0585;NA;0,115;"S";TRUE;67;"MaS";0,3;1;1;1;0,85;1;1,2;TRUE;"If";2000;0,5;1000;"$I_{\FF}$"
"1005";0,04;0,0495;NA;NA;NA;0,0435;NA;0,161;"NS";TRUE;67;"MaS";0,3;1;1;1;0,85;1;1,2;TRUE;"If";2000;0,5;1000;"$I_{\FF}$"
"1006";0,05;0,0515;NA;NA;NA;NA;NA;0,2985;"no $\EE$";FALSE;68;"HWE";0,3;1;1;1;1;1;1,2;TRUE;"If";2000;0,5;1000;"$I_{\FF}$"
"1007";0,0545;0,052;0,0485;0,0525;NA;0,0445;NA;0,1635;"S";FALSE;68;"HWE";0,3;1;1;1;1;1;1,2;TRUE;"If";2000;0,5;1000;"$I_{\FF}$"
"1008";0,0485;0,052;NA;NA;NA;0,0465;NA;0,2455;"NS";FALSE;68;"HWE";0,3;1;1;1;1;1;1,2;TRUE;"If";2000;0,5;1000;"$I_{\FF}$"
"1009";0,0505;0,0505;NA;NA;NA;NA;NA;0,226;"no $\EE$";TRUE;68;"HWE";0,3;1;1;1;1;1;1,2;TRUE;"If";2000;0,5;1000;"$I_{\FF}$"
"1010";0,051;0,0535;0,0565;0,047;NA;0,052;NA;0,135;"S";TRUE;68;"HWE";0,3;1;1;1;1;1;1,2;TRUE;"If";2000;0,5;1000;"$I_{\FF}$"
"1011";0,0515;0,051;NA;NA;NA;0,044;NA;0,1805;"NS";TRUE;68;"HWE";0,3;1;1;1;1;1;1,2;TRUE;"If";2000;0,5;1000;"$I_{\FF}$"
"1012";0,0505;0,0515;NA;NA;NA;NA;NA;0,2965;"no $\EE$";FALSE;68;"MS";0,3;1;1;1;1;1;1,2;TRUE;"If";2000;0,5;1000;"$I_{\FF}$"
"1013";0,0545;0,0515;0,0475;0,052;NA;0,044;NA;0,1625;"S";FALSE;68;"MS";0,3;1;1;1;1;1;1,2;TRUE;"If";2000;0,5;1000;"$I_{\FF}$"
"1014";0,049;0,0535;NA;NA;NA;0,0465;NA;0,2485;"NS";FALSE;68;"MS";0,3;1;1;1;1;1;1,2;TRUE;"If";2000;0,5;1000;"$I_{\FF}$"
"1015";0,0515;0,051;NA;NA;NA;NA;NA;0,226;"no $\EE$";TRUE;68;"MS";0,3;1;1;1;1;1;1,2;TRUE;"If";2000;0,5;1000;"$I_{\FF}$"
"1016";0,0515;0,053;0,056;0,0475;NA;0,051;NA;0,134;"S";TRUE;68;"MS";0,3;1;1;1;1;1;1,2;TRUE;"If";2000;0,5;1000;"$I_{\FF}$"
"1017";0,051;0,052;NA;NA;NA;0,045;NA;0,181;"NS";TRUE;68;"MS";0,3;1;1;1;1;1;1,2;TRUE;"If";2000;0,5;1000;"$I_{\FF}$"
"1018";0,0535;0,0535;NA;NA;NA;NA;NA;0,2175;"no $\EE$";TRUE;68;"MaS";0,3;1;1;1;1;1;1,2;TRUE;"If";2000;0,5;1000;"$I_{\FF}$"
"1019";0,049;0,053;0,058;0,045;NA;0,049;NA;0,1245;"S";TRUE;68;"MaS";0,3;1;1;1;1;1;1,2;TRUE;"If";2000;0,5;1000;"$I_{\FF}$"
"1020";0,054;0,0525;NA;NA;NA;0,044;NA;0,164;"NS";TRUE;68;"MaS";0,3;1;1;1;1;1;1,2;TRUE;"If";2000;0,5;1000;"$I_{\FF}$"
"1021";0,0565;0,838;NA;NA;NA;NA;NA;0,289;"no $\EE$";FALSE;69;"HWE";0,3;1;1;1;1,15;1;1,2;TRUE;"If";2000;0,5;1000;"$I_{\FF}$"
"1022";0,0605;0,549;0,0535;0,0475;NA;0,0415;NA;0,1665;"S";FALSE;69;"HWE";0,3;1;1;1;1,15;1;1,2;TRUE;"If";2000;0,5;1000;"$I_{\FF}$"
"1023";0,057;0,835;NA;NA;NA;0,047;NA;0,2485;"NS";FALSE;69;"HWE";0,3;1;1;1;1,15;1;1,2;TRUE;"If";2000;0,5;1000;"$I_{\FF}$"
"1024";0,0565;0,3165;NA;NA;NA;NA;NA;0,0635;"no $\EE$";TRUE;69;"HWE";0,3;1;1;1;1,15;1;1,2;TRUE;"If";2000;0,5;1000;"$I_{\FF}$"
"1025";0,053;0,201;0,0625;0,053;NA;0,059;NA;0,06;"S";TRUE;69;"HWE";0,3;1;1;1;1,15;1;1,2;TRUE;"If";2000;0,5;1000;"$I_{\FF}$"
"1026";0,057;0,315;NA;NA;NA;0,0455;NA;0,0585;"NS";TRUE;69;"HWE";0,3;1;1;1;1,15;1;1,2;TRUE;"If";2000;0,5;1000;"$I_{\FF}$"
"1027";0,0555;0,8375;NA;NA;NA;NA;NA;0,2835;"no $\EE$";FALSE;69;"MS";0,3;1;1;1;1,15;1;1,2;TRUE;"If";2000;0,5;1000;"$I_{\FF}$"
"1028";0,0605;0,555;0,0515;0,0475;NA;0,041;NA;0,1645;"S";FALSE;69;"MS";0,3;1;1;1;1,15;1;1,2;TRUE;"If";2000;0,5;1000;"$I_{\FF}$"
"1029";0,0565;0,8375;NA;NA;NA;0,046;NA;0,2465;"NS";FALSE;69;"MS";0,3;1;1;1;1,15;1;1,2;TRUE;"If";2000;0,5;1000;"$I_{\FF}$"
"1030";0,057;0,319;NA;NA;NA;NA;NA;0,065;"no $\EE$";TRUE;69;"MS";0,3;1;1;1;1,15;1;1,2;TRUE;"If";2000;0,5;1000;"$I_{\FF}$"
"1031";0,0525;0,202;0,064;0,0535;NA;0,057;NA;0,0585;"S";TRUE;69;"MS";0,3;1;1;1;1,15;1;1,2;TRUE;"If";2000;0,5;1000;"$I_{\FF}$"
"1032";0,0575;0,3175;NA;NA;NA;0,0455;NA;0,0595;"NS";TRUE;69;"MS";0,3;1;1;1;1,15;1;1,2;TRUE;"If";2000;0,5;1000;"$I_{\FF}$"
"1033";0,047;0,0535;NA;NA;NA;NA;NA;0,23;"no $\EE$";TRUE;69;"MaS";0,3;1;1;1;1,15;1;1,2;TRUE;"If";2000;0,5;1000;"$I_{\FF}$"
"1034";0,049;0,0515;0,061;0,052;NA;0,061;NA;0,149;"S";TRUE;69;"MaS";0,3;1;1;1;1,15;1;1,2;TRUE;"If";2000;0,5;1000;"$I_{\FF}$"
"1035";0,0465;0,054;NA;NA;NA;0,0485;NA;0,1755;"NS";TRUE;69;"MaS";0,3;1;1;1;1,15;1;1,2;TRUE;"If";2000;0,5;1000;"$I_{\FF}$"
"1036";0,0465;0,8105;NA;NA;NA;NA;NA;0,766;"no $\EE$";FALSE;70;"HWE";0,3;1;1;1;0,85;1;1,4;TRUE;"If";2000;0,5;1000;"$I_{\FF}$"
"1037";0,0435;0,5165;0,0485;0,049;NA;0,0555;NA;0,4835;"S";FALSE;70;"HWE";0,3;1;1;1;0,85;1;1,4;TRUE;"If";2000;0,5;1000;"$I_{\FF}$"
"1038";0,046;0,8125;NA;NA;NA;0,056;NA;0,685;"NS";FALSE;70;"HWE";0,3;1;1;1;0,85;1;1,4;TRUE;"If";2000;0,5;1000;"$I_{\FF}$"
"1039";0,056;0,303;NA;NA;NA;NA;NA;0,89;"no $\EE$";TRUE;70;"HWE";0,3;1;1;1;0,85;1;1,4;TRUE;"If";2000;0,5;1000;"$I_{\FF}$"
"1040";0,0525;0,182;0,053;0,0535;NA;0,0555;NA;0,607;"S";TRUE;70;"HWE";0,3;1;1;1;0,85;1;1,4;TRUE;"If";2000;0,5;1000;"$I_{\FF}$"
"1041";0,057;0,3025;NA;NA;NA;0,047;NA;0,822;"NS";TRUE;70;"HWE";0,3;1;1;1;0,85;1;1,4;TRUE;"If";2000;0,5;1000;"$I_{\FF}$"
"1042";0,046;0,8235;NA;NA;NA;NA;NA;0,761;"no $\EE$";FALSE;70;"MS";0,3;1;1;1;0,85;1;1,4;TRUE;"If";2000;0,5;1000;"$I_{\FF}$"
"1043";0,04;0,53;0,0465;0,051;NA;0,0535;NA;0,48;"S";FALSE;70;"MS";0,3;1;1;1;0,85;1;1,4;TRUE;"If";2000;0,5;1000;"$I_{\FF}$"
"1044";0,046;0,822;NA;NA;NA;0,0515;NA;0,678;"NS";FALSE;70;"MS";0,3;1;1;1;0,85;1;1,4;TRUE;"If";2000;0,5;1000;"$I_{\FF}$"
"1045";0,055;0,3015;NA;NA;NA;NA;NA;0,893;"no $\EE$";TRUE;70;"MS";0,3;1;1;1;0,85;1;1,4;TRUE;"If";2000;0,5;1000;"$I_{\FF}$"
"1046";0,052;0,187;0,0545;0,0545;NA;0,055;NA;0,6075;"S";TRUE;70;"MS";0,3;1;1;1;0,85;1;1,4;TRUE;"If";2000;0,5;1000;"$I_{\FF}$"
"1047";0,057;0,302;NA;NA;NA;0,0495;NA;0,823;"NS";TRUE;70;"MS";0,3;1;1;1;0,85;1;1,4;TRUE;"If";2000;0,5;1000;"$I_{\FF}$"
"1048";0,053;0,042;NA;NA;NA;NA;NA;0,568;"no $\EE$";TRUE;70;"MaS";0,3;1;1;1;0,85;1;1,4;TRUE;"If";2000;0,5;1000;"$I_{\FF}$"
"1049";0,05;0,048;0,0545;0,0555;NA;0,054;NA;0,3205;"S";TRUE;70;"MaS";0,3;1;1;1;0,85;1;1,4;TRUE;"If";2000;0,5;1000;"$I_{\FF}$"
"1050";0,052;0,042;NA;NA;NA;0,053;NA;0,471;"NS";TRUE;70;"MaS";0,3;1;1;1;0,85;1;1,4;TRUE;"If";2000;0,5;1000;"$I_{\FF}$"
"1051";0,0465;0,059;NA;NA;NA;NA;NA;0,7575;"no $\EE$";FALSE;71;"HWE";0,3;1;1;1;1;1;1,4;TRUE;"If";2000;0,5;1000;"$I_{\FF}$"
"1052";0,0475;0,047;0,046;0,05;NA;0,0465;NA;0,475;"S";FALSE;71;"HWE";0,3;1;1;1;1;1;1,4;TRUE;"If";2000;0,5;1000;"$I_{\FF}$"
"1053";0,0455;0,0595;NA;NA;NA;0,0445;NA;0,681;"NS";FALSE;71;"HWE";0,3;1;1;1;1;1;1,4;TRUE;"If";2000;0,5;1000;"$I_{\FF}$"
"1054";0,0555;0,0545;NA;NA;NA;NA;NA;0,6205;"no $\EE$";TRUE;71;"HWE";0,3;1;1;1;1;1;1,4;TRUE;"If";2000;0,5;1000;"$I_{\FF}$"
"1055";0,0575;0,055;0,0595;0,0515;NA;0,055;NA;0,349;"S";TRUE;71;"HWE";0,3;1;1;1;1;1;1,4;TRUE;"If";2000;0,5;1000;"$I_{\FF}$"
"1056";0,0555;0,055;NA;NA;NA;0,0535;NA;0,526;"NS";TRUE;71;"HWE";0,3;1;1;1;1;1;1,4;TRUE;"If";2000;0,5;1000;"$I_{\FF}$"
"1057";0,0435;0,0615;NA;NA;NA;NA;NA;0,757;"no $\EE$";FALSE;71;"MS";0,3;1;1;1;1;1;1,4;TRUE;"If";2000;0,5;1000;"$I_{\FF}$"
"1058";0,047;0,0465;0,0455;0,0505;NA;0,0505;NA;0,4705;"S";FALSE;71;"MS";0,3;1;1;1;1;1;1,4;TRUE;"If";2000;0,5;1000;"$I_{\FF}$"
"1059";0,0435;0,0615;NA;NA;NA;0,0435;NA;0,678;"NS";FALSE;71;"MS";0,3;1;1;1;1;1;1,4;TRUE;"If";2000;0,5;1000;"$I_{\FF}$"
"1060";0,0545;0,0535;NA;NA;NA;NA;NA;0,622;"no $\EE$";TRUE;71;"MS";0,3;1;1;1;1;1;1,4;TRUE;"If";2000;0,5;1000;"$I_{\FF}$"
"1061";0,0585;0,057;0,0585;0,0515;NA;0,055;NA;0,3495;"S";TRUE;71;"MS";0,3;1;1;1;1;1;1,4;TRUE;"If";2000;0,5;1000;"$I_{\FF}$"
"1062";0,056;0,052;NA;NA;NA;0,052;NA;0,5255;"NS";TRUE;71;"MS";0,3;1;1;1;1;1;1,4;TRUE;"If";2000;0,5;1000;"$I_{\FF}$"
"1063";0,056;0,0505;NA;NA;NA;NA;NA;0,596;"no $\EE$";TRUE;71;"MaS";0,3;1;1;1;1;1;1,4;TRUE;"If";2000;0,5;1000;"$I_{\FF}$"
"1064";0,056;0,0475;0,0575;0,054;NA;0,06;NA;0,3315;"S";TRUE;71;"MaS";0,3;1;1;1;1;1;1,4;TRUE;"If";2000;0,5;1000;"$I_{\FF}$"
"1065";0,0545;0,0495;NA;NA;NA;0,0495;NA;0,494;"NS";TRUE;71;"MaS";0,3;1;1;1;1;1;1,4;TRUE;"If";2000;0,5;1000;"$I_{\FF}$"
"1066";0,0575;0,821;NA;NA;NA;NA;NA;0,7375;"no $\EE$";FALSE;72;"HWE";0,3;1;1;1;1,15;1;1,4;TRUE;"If";2000;0,5;1000;"$I_{\FF}$"
"1067";0,057;0,527;0,054;0,053;NA;0,0555;NA;0,4405;"S";FALSE;72;"HWE";0,3;1;1;1;1,15;1;1,4;TRUE;"If";2000;0,5;1000;"$I_{\FF}$"
"1068";0,0565;0,8195;NA;NA;NA;0,0445;NA;0,6525;"NS";FALSE;72;"HWE";0,3;1;1;1;1,15;1;1,4;TRUE;"If";2000;0,5;1000;"$I_{\FF}$"
"1069";0,0575;0,317;NA;NA;NA;NA;NA;0,2305;"no $\EE$";TRUE;72;"HWE";0,3;1;1;1;1,15;1;1,4;TRUE;"If";2000;0,5;1000;"$I_{\FF}$"
"1070";0,055;0,1755;0,055;0,0445;NA;0,053;NA;0,1415;"S";TRUE;72;"HWE";0,3;1;1;1;1,15;1;1,4;TRUE;"If";2000;0,5;1000;"$I_{\FF}$"
"1071";0,0545;0,317;NA;NA;NA;0,0475;NA;0,1955;"NS";TRUE;72;"HWE";0,3;1;1;1;1,15;1;1,4;TRUE;"If";2000;0,5;1000;"$I_{\FF}$"
"1072";0,0575;0,819;NA;NA;NA;NA;NA;0,7345;"no $\EE$";FALSE;72;"MS";0,3;1;1;1;1,15;1;1,4;TRUE;"If";2000;0,5;1000;"$I_{\FF}$"
"1073";0,0585;0,5215;0,055;0,054;NA;0,055;NA;0,4405;"S";FALSE;72;"MS";0,3;1;1;1;1,15;1;1,4;TRUE;"If";2000;0,5;1000;"$I_{\FF}$"
"1074";0,057;0,819;NA;NA;NA;0,046;NA;0,6495;"NS";FALSE;72;"MS";0,3;1;1;1;1,15;1;1,4;TRUE;"If";2000;0,5;1000;"$I_{\FF}$"
"1075";0,0565;0,3195;NA;NA;NA;NA;NA;0,2295;"no $\EE$";TRUE;72;"MS";0,3;1;1;1;1,15;1;1,4;TRUE;"If";2000;0,5;1000;"$I_{\FF}$"
"1076";0,0535;0,175;0,052;0,044;NA;0,0515;NA;0,142;"S";TRUE;72;"MS";0,3;1;1;1;1,15;1;1,4;TRUE;"If";2000;0,5;1000;"$I_{\FF}$"
"1077";0,0545;0,32;NA;NA;NA;0,046;NA;0,1965;"NS";TRUE;72;"MS";0,3;1;1;1;1,15;1;1,4;TRUE;"If";2000;0,5;1000;"$I_{\FF}$"
"1078";0,0415;0,055;NA;NA;NA;NA;NA;0,6055;"no $\EE$";TRUE;72;"MaS";0,3;1;1;1;1,15;1;1,4;TRUE;"If";2000;0,5;1000;"$I_{\FF}$"
"1079";0,038;0,05;0,052;0,046;NA;0,056;NA;0,338;"S";TRUE;72;"MaS";0,3;1;1;1;1,15;1;1,4;TRUE;"If";2000;0,5;1000;"$I_{\FF}$"
"1080";0,04;0,054;NA;NA;NA;0,0485;NA;0,4905;"NS";TRUE;72;"MaS";0,3;1;1;1;1,15;1;1,4;TRUE;"If";2000;0,5;1000;"$I_{\FF}$"
